env_steps,return,length,train/length,train/return,FPS,rank-3,rank-2,rank-1,cond,alm_loss,model_grad_norm,aux_loss,bisim_critic_loss,critic_loss,critic_grad_norm,actor_grad_norm
0,-74.1996,693.1,,,,,,,,,,,,,,
61,,,61,-105.7295,14.6598,,,,,,,,,,,
130,,,69,-117.8665,15.3031,,,,,,,,,,,
178,,,48,-117.3518,15.1608,,,,,,,,,,,
317,,,139,-123.5313,15.5681,,,,,,,,,,,
443,,,126,-115.5421,15.7345,,,,,,,,,,,
492,,,49,-120.3037,15.2856,,,,,,,,,,,
500,,,,,,50,2,1,688.0523,2.713,1.9403,0.8413,-3.6054,6.9017,16.5944,0.0464
559,,,67,-116.725,16.1921,,,,,,,,,,,
633,,,74,-120.8918,15.7428,,,,,,,,,,,
719,,,86,-118.5218,15.1856,,,,,,,,,,,
829,,,110,-124.0079,15.2501,,,,,,,,,,,
876,,,47,-116.341,16.1264,,,,,,,,,,,
924,,,48,-116.5376,16.4146,,,,,,,,,,,
966,,,42,-115.0153,15.7203,,,,,,,,,,,
1000,,,,,,31,2,1,1329.1421,37.9501,15.043,35.6239,-8.2778,3.6327,11.3376,0.0
1010,,,44,-114.8553,15.314,,,,,,,,,,,
1060,,,50,-117.2937,15.1755,,,,,,,,,,,
1126,,,66,-116.7516,15.2285,,,,,,,,,,,
1227,,,101,-116.3362,15.2742,,,,,,,,,,,
1296,,,69,-113.1174,15.2488,,,,,,,,,,,
1387,,,91,-117.1272,15.1937,,,,,,,,,,,
1463,,,76,-112.6895,15.2791,,,,,,,,,,,
1500,,,,,,7,2,1,2145.7332,103.4271,82.3512,100.6212,-8.497,19.6521,10.8776,0.0
1550,,,87,-116.2707,15.1498,,,,,,,,,,,
1664,,,114,-116.656,15.2568,,,,,,,,,,,
1750,,,86,-115.8864,15.2373,,,,,,,,,,,
1855,,,105,-112.9955,15.189,,,,,,,,,,,
1959,,,104,-114.9268,15.3469,,,,,,,,,,,
2000,,,,,,4,3,1,2550.6562,83.5245,58.8403,80.2725,-7.8868,38.3694,138.4405,0.1083
2500,,,,,,5,3,1,2817.3708,106.4514,106.1616,102.6244,-7.9431,37.8864,260.2251,0.0201
3000,,,,,,5,3,1,2782.4097,137.9573,27.8004,133.4079,-5.8642,1.7199,131.4975,0.0
3500,,,,,,5,3,1,2802.0928,82.9757,58.3112,77.5467,-4.4284,18.847,638.377,0.0
3559,,,1600,-118.4292,15.2548,,,,,,,,,,,
4000,,,,,,6,3,1,2782.4724,116.9436,25.3073,110.7804,-5.9223,1.2283,199.4088,0.0412
4500,,,,,,6,2,1,2768.1343,29.7478,31.4635,24.6227,-3.2937,3.3623,281.899,0.0035
5000,,,,,,7,2,1,2753.1787,51.3051,30.5592,43.8323,-2.8255,2.61,423.3272,0.0
5000,-178.594,1600.0,,,,,,,,,,,,,,
5159,,,1600,-126.1537,14.2827,,,,,,,,,,,
5500,,,,,,7,2,1,2837.8748,54.8852,50.9589,44.2314,-5.9275,7.4241,2966.4536,0.0
6000,,,,,,6,2,1,2853.3396,26.6632,16.3315,15.1441,-2.7607,2.6872,899.8549,0.0
6500,,,,,,6,2,1,2768.4055,28.2791,11.5464,15.5383,-2.3945,5.7071,1841.0602,0.0011
6759,,,1600,-130.6925,15.1653,,,,,,,,,,,
7000,,,,,,6,2,1,2750.8384,47.6349,21.7756,34.4672,-4.2345,2.8367,410.7767,0.0
7500,,,,,,6,2,1,2776.2747,70.0817,34.3817,55.4149,-1.9981,1.0931,447.0304,0.0
8000,,,,,,6,2,1,2761.4258,21.6111,44.2131,4.5915,-2.1063,0.9456,118.5875,0.0
8359,,,1600,-128.8157,15.2179,,,,,,,,,,,
8500,,,,,,8,2,1,2825.0696,45.3834,64.1701,26.2357,-3.5765,1.1473,179.3604,0.0
9000,,,,,,6,2,1,2836.8066,41.1318,56.2132,22.0295,-1.9329,3.2704,188.9317,0.0
9500,,,,,,6,2,1,2799.8555,30.4842,22.4441,10.617,-3.8072,2.2948,256.0879,0.0
9959,,,1600,-130.9351,15.2941,,,,,,,,,,,
10000,,,,,,6,2,1,2911.4788,61.9208,5.1885,39.4647,-2.5729,6.3492,1877.8823,0.0
10000,-178.5713,1600.0,,,,,,,,,,,,,,
10500,,,,,,5,3,1,2925.6528,57.4782,14.0629,34.3381,-0.5367,7.328,640.9361,0.0
11000,,,,,,5,2,1,2869.5488,24.8101,8.0579,1.8464,-4.0054,3.8793,895.9138,0.0
11500,,,,,,9,2,1,2863.6252,26.2985,32.2368,1.9915,-3.7471,4.1869,1339.2678,0.0
11559,,,1600,-125.087,14.5181,,,,,,,,,,,
11914,,,355,-151.4226,15.5138,,,,,,,,,,,
11968,,,54,-108.2358,15.1743,,,,,,,,,,,
12000,,,,,,21,2,1,2756.3865,36.1142,49.2873,12.111,-20.8477,0.8688,122.1074,0.0018
12017,,,49,-102.3588,15.7466,,,,,,,,,,,
12074,,,57,-101.5211,15.0053,,,,,,,,,,,
12125,,,51,-103.025,15.1363,,,,,,,,,,,
12188,,,63,-102.8499,15.1414,,,,,,,,,,,
12262,,,74,-102.0841,15.1175,,,,,,,,,,,
12323,,,61,-103.5886,15.1231,,,,,,,,,,,
12375,,,52,-104.5846,15.191,,,,,,,,,,,
12442,,,67,-103.8566,15.8298,,,,,,,,,,,
12490,,,48,-106.8734,15.1941,,,,,,,,,,,
12500,,,,,,30,24,1,2508.8333,79.7161,74.4268,53.3993,-77.3286,4.6769,223.7145,0.0
12557,,,67,-106.382,15.1724,,,,,,,,,,,
12606,,,49,-106.0406,15.0527,,,,,,,,,,,
12679,,,73,-102.8385,15.1595,,,,,,,,,,,
12747,,,68,-106.8397,15.0296,,,,,,,,,,,
12859,,,112,-106.6743,15.3789,,,,,,,,,,,
12919,,,60,-106.5889,15.0973,,,,,,,,,,,
12969,,,50,-105.2719,14.965,,,,,,,,,,,
13000,,,,,,37,24,1,2042.8196,58.9525,36.5322,29.0929,-39.2852,2.9317,570.1754,0.0
13017,,,48,-106.7976,15.2633,,,,,,,,,,,
13065,,,48,-106.9247,15.1729,,,,,,,,,,,
13120,,,55,-106.0349,15.2077,,,,,,,,,,,
13191,,,71,-105.3746,15.186,,,,,,,,,,,
13241,,,50,-102.1413,15.6219,,,,,,,,,,,
13291,,,50,-103.3773,15.8731,,,,,,,,,,,
13374,,,83,-128.9058,15.8313,,,,,,,,,,,
13421,,,47,-107.0133,14.9125,,,,,,,,,,,
13500,,,,,,39,11,1,1839.173,45.3287,15.7734,13.7973,-58.5117,2.887,72.7396,0.0
13503,,,82,-110.9565,15.9058,,,,,,,,,,,
13579,,,76,-102.1099,15.1677,,,,,,,,,,,
13670,,,91,-105.9091,15.7493,,,,,,,,,,,
13743,,,73,-103.761,15.9795,,,,,,,,,,,
13798,,,55,-107.2309,15.2181,,,,,,,,,,,
13864,,,66,-103.0749,14.9777,,,,,,,,,,,
13923,,,59,-102.5897,15.1492,,,,,,,,,,,
13991,,,68,-104.2625,15.2582,,,,,,,,,,,
14000,,,,,,49,7,2,1007.8831,41.9574,35.8997,8.3152,-27.5605,3.7303,146.1999,0.0
14057,,,66,-103.1976,15.3022,,,,,,,,,,,
14115,,,58,-106.1324,15.2162,,,,,,,,,,,
14171,,,56,-107.8429,15.1169,,,,,,,,,,,
14228,,,57,-102.7381,15.1816,,,,,,,,,,,
14276,,,48,-105.764,15.0668,,,,,,,,,,,
14329,,,53,-102.9424,15.1788,,,,,,,,,,,
14465,,,136,-108.8953,15.3941,,,,,,,,,,,
14500,,,,,,50,9,2,607.1361,63.3114,51.7678,30.2816,-23.9149,3.6026,217.6195,0.0001
14544,,,79,-104.4189,15.8302,,,,,,,,,,,
14603,,,59,-101.5228,15.5007,,,,,,,,,,,
14656,,,53,-103.4523,15.2166,,,,,,,,,,,
14711,,,55,-105.23,15.1022,,,,,,,,,,,
14775,,,64,-124.0928,15.2086,,,,,,,,,,,
14820,,,45,-117.8913,15.7987,,,,,,,,,,,
14931,,,111,-135.1786,15.583,,,,,,,,,,,
15000,,,,,,50,10,3,437.9792,61.9401,340.327,31.2498,-52.8063,5.5516,235.4888,0.0705
15000,-122.4706,43.0,,,,,,,,,,,,,,
15087,,,156,-116.4861,14.8928,,,,,,,,,,,
15219,,,132,-115.7532,15.3498,,,,,,,,,,,
15313,,,94,-115.2259,15.3933,,,,,,,,,,,
15382,,,69,-123.6126,15.1756,,,,,,,,,,,
15496,,,114,-112.1823,15.1866,,,,,,,,,,,
15500,,,,,,50,12,3,347.687,69.3716,52.7184,36.4959,0.323,3.3748,37.6462,0.1098
15574,,,78,-113.0255,15.1785,,,,,,,,,,,
15739,,,165,-114.6867,15.1387,,,,,,,,,,,
15863,,,124,-112.1218,15.0943,,,,,,,,,,,
16000,,,,,,50,13,3,306.286,68.2645,11.0874,36.3329,-7.7268,3.7856,93.4376,0.0636
16012,,,149,-115.9797,15.127,,,,,,,,,,,
16051,,,39,-116.6533,15.1237,,,,,,,,,,,
16137,,,86,-111.5158,15.2014,,,,,,,,,,,
16262,,,125,-109.1641,15.194,,,,,,,,,,,
16312,,,50,-113.9586,15.0576,,,,,,,,,,,
16374,,,62,-121.3314,15.1668,,,,,,,,,,,
16417,,,43,-116.0504,15.1746,,,,,,,,,,,
16459,,,42,-117.5564,15.0672,,,,,,,,,,,
16499,,,40,-118.8844,15.0384,,,,,,,,,,,
16500,,,,,,50,15,4,237.1018,83.4499,23.8846,50.1338,-0.2331,4.6965,82.1343,0.0178
16619,,,120,-112.8393,15.2066,,,,,,,,,,,
16707,,,88,-130.4996,15.1343,,,,,,,,,,,
16746,,,39,-112.6873,15.1938,,,,,,,,,,,
17000,,,,,,50,16,4,222.8087,40.4583,23.2193,6.7693,-0.0934,3.8937,55.8701,0.0811
17500,,,,,,50,19,4,171.0911,35.7751,12.5496,0.974,0.2489,4.3496,43.6818,0.3482
18000,,,,,,50,16,4,213.4586,75.0868,18.589,42.7984,-0.257,3.7867,60.3605,0.066
18346,,,1600,-139.3843,15.196,,,,,,,,,,,
18500,,,,,,50,12,3,306.0185,172.636,49.97,138.2241,-0.329,2.8504,53.9416,0.1041
18767,,,421,-128.6717,15.4716,,,,,,,,,,,
18931,,,164,-98.456,15.147,,,,,,,,,,,
19000,,,,,,50,14,3,249.3557,75.4681,304.1676,41.2215,-37.2115,4.3189,102.6711,0.2782
19115,,,184,-109.1553,15.2164,,,,,,,,,,,
19158,,,43,-115.0979,15.1245,,,,,,,,,,,
19500,,,,,,50,15,3,202.0706,57.9782,106.6409,25.5927,-18.5111,4.307,37.4289,0.1981
19774,,,616,-174.2907,15.1393,,,,,,,,,,,
20000,,,,,,50,50,6,97.0687,31.8156,5.4292,1.5479,-0.7763,4.1344,71.5744,0.2194
20000,-181.4221,1411.3,,,,,,,,,,,,,,
20500,,,,,,50,11,3,309.9437,116.5703,1086.4877,84.4948,-76.3551,4.3471,141.6651,0.2144
20937,,,1163,-216.4531,14.2383,,,,,,,,,,,
21000,,,,,,50,13,3,264.2341,62.2048,24.2953,31.4097,-1.1844,4.3196,34.4345,0.3272
21040,,,103,-125.1618,15.06,,,,,,,,,,,
21159,,,119,-127.061,15.301,,,,,,,,,,,
21226,,,67,-106.697,15.5269,,,,,,,,,,,
21286,,,60,-116.2666,15.4257,,,,,,,,,,,
21500,,,,,,50,15,3,236.79,56.8066,23.3436,24.97,-0.8872,2.5591,57.7953,0.4939
22000,,,,,,50,15,4,250.819,99.9072,30.3566,66.0128,-1.2487,4.9019,94.767,0.1409
22500,,,,,,50,14,3,265.107,139.4135,72.355,105.7319,-1.3978,3.7267,47.2937,0.1805
22886,,,1600,-130.5189,15.2831,,,,,,,,,,,
23000,,,,,,50,29,5,141.9296,35.5134,14.5727,3.0876,-0.1124,2.4928,29.3086,0.1327
23500,,,,,,50,16,4,256.0768,87.5416,21.0979,56.7261,-2.7848,7.4952,108.78,0.2703
24000,,,,,,50,15,4,254.7281,59.2334,25.322,26.9053,-1.893,3.4036,22.4122,0.1806
24486,,,1600,-141.3837,15.2216,,,,,,,,,,,
24500,,,,,,50,14,3,291.0345,84.9584,44.9761,53.944,-1.9326,5.4729,117.3385,0.2975
25000,,,,,,50,17,4,220.7722,75.1633,18.3635,42.109,-0.5576,3.1608,36.7235,0.1326
25000,-181.8344,1600.0,,,,,,,,,,,,,,
25500,,,,,,50,15,4,279.345,62.5796,20.2379,29.4974,-2.2243,4.0955,58.4972,0.258
26000,,,,,,50,13,3,272.1416,81.4879,63.1272,49.9033,-1.5995,3.0859,19.9107,0.1832
26086,,,1600,-142.9559,14.5763,,,,,,,,,,,
26500,,,,,,50,19,4,184.5542,34.2407,9.3012,5.5595,-1.1573,4.0017,36.2115,0.3825
27000,,,,,,50,30,5,136.1635,49.6176,14.5789,20.7851,0.5056,4.5214,69.3457,0.1183
27215,,,1129,-196.5805,15.2763,,,,,,,,,,,
27500,,,,,,50,22,4,172.5536,76.9255,24.1749,46.9513,-0.9529,2.6929,41.9527,0.214
27516,,,301,-128.0895,15.4327,,,,,,,,,,,
27602,,,86,-120.1226,15.156,,,,,,,,,,,
27711,,,109,-133.1837,15.1159,,,,,,,,,,,
27901,,,190,-116.4566,15.5291,,,,,,,,,,,
28000,,,,,,50,18,3,204.9882,79.158,437.8028,49.9787,-47.8437,3.3025,62.9137,0.2862
28328,,,427,-150.713,15.5615,,,,,,,,,,,
28500,,,,,,50,15,3,247.2955,92.1023,36.85,63.1369,-4.6496,3.381,108.4574,0.1975
28501,,,173,-113.1252,15.12,,,,,,,,,,,
29000,,,,,,50,19,4,181.1928,100.313,126.4368,72.1707,-0.4631,2.4035,18.0317,0.1628
29500,,,,,,50,19,4,201.3999,99.5812,33.2378,71.741,-0.4881,2.6621,37.8466,0.1809
30000,,,,,,50,16,4,243.0802,122.1928,37.8063,93.8078,-0.8865,2.8622,40.7551,0.2514
30000,-177.8083,1600.0,,,,,,,,,,,,,,
30101,,,1600,-142.4998,14.5665,,,,,,,,,,,
30500,,,,,,50,23,4,168.4573,64.274,17.946,37.0075,-2.7233,1.7656,23.7855,0.1907
31000,,,,,,50,22,3,176.9046,47.5409,22.3797,21.0115,0.4753,5.2574,78.4959,0.2443
31500,,,,,,50,13,3,320.3401,176.4342,171.6408,148.483,-1.4626,2.5155,32.1632,0.1323
31701,,,1600,-144.1018,15.2019,,,,,,,,,,,
32000,,,,,,50,14,3,288.593,167.3448,42.4147,141.2988,-0.0019,4.1445,80.0517,0.1393
32500,,,,,,50,13,3,313.8058,85.0032,52.412,57.4414,-11.6747,5.443,116.0555,0.1442
33000,,,,,,50,21,3,181.8685,81.5772,13.8488,55.5261,-0.5794,2.4065,36.3615,0.1426
33301,,,1600,-134.7717,15.5,,,,,,,,,,,
33388,,,87,-109.5479,15.1976,,,,,,,,,,,
33500,,,,,,50,19,4,201.6167,114.0679,27.8486,88.3624,-5.4407,2.3175,48.4063,0.4099
34000,,,,,,50,15,4,296.9853,160.3318,52.6902,132.9545,-1.1261,1.6706,16.1191,0.1546
34500,,,,,,50,21,3,181.3172,66.4598,21.4854,41.2604,-0.9129,2.858,108.1007,0.2391
34988,,,1600,-102.8138,15.7418,,,,,,,,,,,
35000,,,,,,50,21,3,188.6163,65.7029,21.4286,40.9891,-0.9551,6.5959,164.8718,0.2992
35000,-163.669,1448.1,,,,,,,,,,,,,,
35500,,,,,,50,22,3,176.0012,67.7711,17.3809,42.5914,-0.292,6.0039,65.6508,0.2988
36000,,,,,,50,20,3,177.6801,96.1076,17.7891,72.1855,-1.3655,3.7117,54.5383,0.2937
36500,,,,,,50,24,4,162.2461,29.3097,19.5711,4.5293,-1.136,5.9062,62.4571,0.2052
36588,,,1600,-119.1427,14.406,,,,,,,,,,,
37000,,,,,,50,23,4,181.0037,45.5356,13.4151,22.2121,-1.116,2.3636,85.4501,0.2387
37500,,,,,,50,20,4,184.1145,98.9444,110.9563,75.9355,-21.7014,2.1528,28.0579,0.2309
38000,,,,,,50,50,7,70.4351,25.0594,146.0751,3.1047,-15.0606,4.3002,26.7196,0.4348
38188,,,1600,-91.9775,15.2992,,,,,,,,,,,
38500,,,,,,50,19,3,212.6485,46.82,10.0742,24.3377,4.2775,2.304,33.0204,0.1323
39000,,,,,,50,19,4,219.2018,71.9174,22.0243,50.7589,-1.4375,2.067,26.3913,0.2135
39500,,,,,,50,18,3,267.6064,70.1773,21.2319,48.5235,0.3733,2.0503,12.5827,0.3005
39788,,,1600,-96.3524,15.3709,,,,,,,,,,,
40000,,,,,,50,36,4,131.3426,22.8156,13.6994,2.7208,-0.1357,1.7879,13.0637,0.3365
40000,-175.4559,1600.0,,,,,,,,,,,,,,
40500,,,,,,50,41,5,115.872,45.0659,20.1082,24.1414,-0.483,4.0788,26.7972,0.2429
41000,,,,,,50,24,4,165.5161,41.5052,10.1648,21.3705,-0.729,1.66,31.1193,0.3126
41388,,,1600,-102.9549,14.2897,,,,,,,,,,,
41500,,,,,,50,20,3,207.2688,27.7332,9.7698,7.5638,-0.9129,2.4701,41.3348,0.1928
42000,,,,,,50,21,4,197.1236,66.1835,20.5815,44.5559,0.9473,2.2588,15.8447,0.4843
42500,,,,,,50,50,6,98.5927,22.2762,12.9112,1.6619,-0.8847,1.416,17.29,0.1565
42988,,,1600,-101.8495,15.2676,,,,,,,,,,,
43000,,,,,,50,29,4,151.6832,42.096,42.3397,23.1573,-1.9967,2.2877,58.4841,0.3924
43500,,,,,,50,50,6,90.3127,20.4128,23.2155,0.8644,-10.4277,1.1435,28.7629,0.3482
44000,,,,,,50,30,4,145.5021,42.2762,10.5531,23.393,-0.8835,6.2727,47.3937,0.3424
44500,,,,,,50,23,4,175.7463,41.7471,8.813,24.0704,1.032,1.3967,35.9005,0.4322
44588,,,1600,-86.6007,15.1572,,,,,,,,,,,
45000,,,,,,50,50,7,99.8936,41.5653,20.0114,24.7597,-0.4139,1.2868,38.8175,0.8074
45000,-107.7204,1600.0,,,,,,,,,,,,,,
45500,,,,,,50,24,4,171.1382,22.5494,16.2813,4.8734,-0.3012,2.0691,40.0398,0.411
46000,,,,,,50,50,7,80.7889,16.8991,17.1335,0.7107,-0.2685,2.7058,29.2394,0.7301
46188,,,1600,-60.1795,14.2515,,,,,,,,,,,
46286,,,98,-119.2883,15.1806,,,,,,,,,,,
46500,,,,,,50,40,5,118.9286,37.6752,30.4308,21.0322,3.3564,1.7137,25.0077,0.5959
47000,,,,,,50,25,3,152.7276,36.8321,17.7572,21.034,-0.6571,0.3808,14.4919,0.3095
47500,,,,,,50,19,3,200.5174,56.7952,16.4175,40.8801,-0.3959,0.6742,10.8338,0.507
47886,,,1600,-69.6116,15.13,,,,,,,,,,,
48000,,,,,,50,23,4,166.0767,42.788,152.5027,27.0623,-19.7939,1.5052,19.795,0.632
48500,,,,,,50,25,4,170.1244,71.1198,1079.0133,54.3283,-57.6023,0.9289,14.8762,0.5556
49000,,,,,,50,25,3,166.6501,38.1498,12.1796,21.8725,-0.86,1.4675,19.3473,0.7066
49486,,,1600,-84.4302,15.207,,,,,,,,,,,
49500,,,,,,50,50,9,67.1535,15.8535,7.4313,1.0773,-0.4137,2.0108,14.8024,0.5111
50000,,,,,,50,41,5,116.9021,34.3942,10.8826,19.6937,-2.7839,2.7503,51.6265,0.8932
50000,-77.8184,1600.0,,,,,,,,,,,,,,
50500,,,,,,50,26,4,159.1602,61.1173,18.9971,47.6568,-0.4758,5.2612,51.9513,0.4508
51000,,,,,,50,50,9,59.2197,13.9979,3.2208,0.2423,1.8216,2.1217,34.6067,0.3045
51086,,,1600,-76.4795,14.4155,,,,,,,,,,,
51500,,,,,,50,32,4,136.1035,18.7208,11.4532,3.6689,-0.6795,1.2447,31.6776,0.7956
52000,,,,,,50,26,4,157.937,18.7141,9.3267,4.1976,-0.8389,1.5342,14.0085,0.2733
52500,,,,,,50,50,6,99.9214,14.6019,15.4725,1.4561,-0.7459,1.9017,44.6105,0.4512
52686,,,1600,-98.7637,15.4187,,,,,,,,,,,
52800,,,114,-129.3031,15.2761,,,,,,,,,,,
53000,,,,,,50,21,3,209.465,21.2253,10.8708,7.6078,-2.6568,1.5515,11.805,0.3959
53500,,,,,,50,23,4,180.3467,62.5357,27.1006,49.8807,-3.2028,1.3463,19.7626,0.8435
54000,,,,,,50,50,10,52.6406,12.2707,1.9547,0.1895,1.74,0.9576,12.2804,0.4187
54400,,,1600,-89.0471,15.2704,,,,,,,,,,,
54500,,,,,,50,30,4,145.5735,39.8659,9.8693,25.961,-0.389,2.6486,24.01,0.4003
55000,,,,,,50,29,4,150.9295,36.5203,17.1066,24.6047,0.7024,2.3977,25.1654,0.4143
55000,-125.6999,832.8,,,,,,,,,,,,,,
55405,,,1005,-155.4204,14.5843,,,,,,,,,,,
55500,,,,,,50,20,4,245.4084,46.4752,13.0138,33.4847,-3.2859,1.6163,63.833,0.4985
56000,,,,,,50,50,6,93.1323,37.2465,23.7384,25.2173,-0.5105,1.7876,19.6114,0.5577
56472,,,1067,-184.9917,15.9357,,,,,,,,,,,
56500,,,,,,50,38,4,126.1135,34.9317,37.2019,22.7591,-1.2031,3.0681,29.0121,0.4282
56551,,,79,-112.7271,15.2744,,,,,,,,,,,
56629,,,78,-125.7918,15.5489,,,,,,,,,,,
57000,,,,,,50,50,8,76.1368,12.5324,11.0291,1.1532,1.3759,0.9297,11.3946,0.2147
57464,,,835,-148.6743,15.6078,,,,,,,,,,,
57500,,,,,,50,22,4,201.9618,18.1537,12.231,7.0318,-1.402,3.7284,66.3857,0.4608
57749,,,285,-123.6647,15.18,,,,,,,,,,,
57821,,,72,-110.9386,15.9178,,,,,,,,,,,
58000,,,,,,50,50,9,64.6374,12.7608,7.0558,1.0274,-0.261,1.1775,24.7042,0.4492
58036,,,215,-124.071,15.4215,,,,,,,,,,,
58137,,,101,-120.7878,15.2907,,,,,,,,,,,
58333,,,196,-103.4237,15.7972,,,,,,,,,,,
58500,,,,,,50,23,4,204.844,56.1602,19.6501,43.2357,-1.0883,1.8624,17.1743,0.4679
58567,,,234,-141.0339,15.2213,,,,,,,,,,,
59000,,,,,,50,25,5,188.4048,39.9661,17.8769,27.9621,-1.1456,1.698,21.338,0.475
59500,,,,,,50,46,7,110.0608,11.8034,13.1013,2.0873,-0.8479,4.976,55.4361,0.4382
59937,,,1370,-198.8676,15.3933,,,,,,,,,,,
60000,,,,,,50,21,4,245.6059,103.636,30.8354,93.0115,-1.4236,2.2585,16.0057,0.7699
60000,-127.3799,137.3,,,,,,,,,,,,,,
60055,,,118,-127.3984,14.5967,,,,,,,,,,,
60198,,,143,-126.4406,15.9567,,,,,,,,,,,
60261,,,63,-116.5479,16.2273,,,,,,,,,,,
60414,,,153,-114.7313,15.912,,,,,,,,,,,
60500,,,,,,50,21,4,246.1267,92.6527,29.8907,80.3431,-0.6844,5.6523,35.6735,0.7448
60523,,,109,-98.319,15.9097,,,,,,,,,,,
60614,,,91,-97.7473,15.2733,,,,,,,,,,,
60672,,,58,-106.8054,15.1435,,,,,,,,,,,
60844,,,172,-127.6955,15.4307,,,,,,,,,,,
61000,,,,,,50,43,6,117.1621,30.5101,17.9133,20.884,-2.7114,2.4832,19.865,0.456
61114,,,270,-134.5575,16.1948,,,,,,,,,,,
61201,,,87,-112.2436,16.0966,,,,,,,,,,,
61343,,,142,-124.3604,16.2077,,,,,,,,,,,
61435,,,92,-113.3728,15.7536,,,,,,,,,,,
61500,,,,,,50,26,4,187.2542,37.445,20.969,27.0979,-1.5523,3.0868,39.4854,0.7486
61535,,,100,-114.3932,15.6862,,,,,,,,,,,
61641,,,106,-106.9865,15.276,,,,,,,,,,,
61873,,,232,-110.7518,16.2432,,,,,,,,,,,
62000,,,,,,50,28,5,161.416,58.0487,20.8592,48.1915,0.3278,1.9122,37.0981,0.459
62044,,,171,-108.9649,15.6667,,,,,,,,,,,
62174,,,130,-107.5676,16.201,,,,,,,,,,,
62360,,,186,-111.52,16.0277,,,,,,,,,,,
62482,,,122,-111.7988,15.7858,,,,,,,,,,,
62500,,,,,,50,26,4,190.8669,53.9297,18.4089,45.1614,-0.7637,2.4514,41.0887,0.6225
62563,,,81,-105.2373,15.0734,,,,,,,,,,,
62770,,,207,-110.8291,15.2184,,,,,,,,,,,
62869,,,99,-105.6524,15.2177,,,,,,,,,,,
63000,,,,,,50,25,4,211.5097,37.429,16.0122,28.1605,-2.3772,2.3871,23.8187,0.8425
63200,,,331,-147.4532,15.3825,,,,,,,,,,,
63289,,,89,-112.0479,15.1741,,,,,,,,,,,
63367,,,78,-114.787,15.1244,,,,,,,,,,,
63500,,,,,,50,25,4,185.6714,87.5618,17.566,78.4031,-0.892,5.9874,98.5708,0.722
63504,,,137,-114.7183,15.1691,,,,,,,,,,,
63624,,,120,-113.3136,15.1323,,,,,,,,,,,
63715,,,91,-103.1664,15.1743,,,,,,,,,,,
63842,,,127,-111.7566,15.9838,,,,,,,,,,,
64000,,,,,,50,23,4,242.1731,63.9294,21.6137,53.0939,-1.9775,3.4055,34.8419,1.4805
64044,,,202,-103.9581,15.32,,,,,,,,,,,
64181,,,137,-105.6288,15.4596,,,,,,,,,,,
64249,,,68,-105.0691,16.1445,,,,,,,,,,,
64463,,,214,-111.9897,15.1489,,,,,,,,,,,
64500,,,,,,50,23,3,211.6513,36.429,19.0505,28.9213,-1.6248,6.0955,46.1803,0.4715
64536,,,73,-111.1947,15.0355,,,,,,,,,,,
64603,,,67,-108.9204,15.1285,,,,,,,,,,,
64856,,,253,-150.5177,15.2165,,,,,,,,,,,
64997,,,141,-98.8858,15.2409,,,,,,,,,,,
65000,,,,,,50,23,3,226.6286,51.7942,14.9547,44.6263,0.1178,3.5922,26.5838,0.5242
65000,-98.7054,311.5,,,,,,,,,,,,,,
65157,,,160,-101.1689,13.7377,,,,,,,,,,,
65352,,,195,-98.8177,15.6145,,,,,,,,,,,
65442,,,90,-100.6332,15.0064,,,,,,,,,,,
65500,,,,,,50,23,4,227.4712,17.6992,18.2869,9.3206,-1.6347,5.6305,66.5438,1.1685
65524,,,82,-100.5956,15.1934,,,,,,,,,,,
65683,,,159,-94.841,15.6705,,,,,,,,,,,
65844,,,161,-90.8417,15.4761,,,,,,,,,,,
65989,,,145,-91.9538,15.0463,,,,,,,,,,,
66000,,,,,,50,24,4,212.6922,50.5752,30.9927,45.1991,-1.4094,6.2467,74.2666,0.7633
66081,,,92,-99.3451,15.0221,,,,,,,,,,,
66325,,,244,-96.0586,15.1827,,,,,,,,,,,
66500,,,,,,50,22,3,262.5265,90.1451,49.8335,83.0873,-2.7291,5.6063,47.5296,0.9371
66504,,,179,-88.7644,15.8805,,,,,,,,,,,
67000,,,,,,50,25,5,196.2376,49.7,15.4972,41.64,-0.3407,3.6877,56.4369,0.6057
67086,,,582,-73.5931,15.2097,,,,,,,,,,,
67419,,,333,-92.9182,15.3447,,,,,,,,,,,
67500,,,,,,50,22,3,249.4223,52.0425,19.307,45.2281,-1.1938,3.7049,38.6509,0.8596
68000,,,,,,50,23,3,225.2967,15.3161,10.2725,9.2834,-1.5731,6.4695,89.2744,0.9019
68228,,,809,-139.1239,15.585,,,,,,,,,,,
68500,,,,,,50,30,4,154.8885,47.7814,35.6413,44.7282,0.6377,3.2335,34.685,1.2569
69000,,,,,,50,39,6,125.5155,5.882,11.9317,3.5018,-0.5719,6.8175,59.1833,1.1275
69500,,,,,,50,30,5,161.0717,6.6953,8.714,5.2757,-1.1229,4.7501,65.4239,0.8437
69661,,,1433,-136.4285,15.5994,,,,,,,,,,,
70000,,,,,,50,33,5,147.3698,45.1361,28.7012,45.7774,-0.4595,7.7243,50.8917,1.3616
70000,-110.0106,855.4,,,,,,,,,,,,,,
70500,,,,,,50,24,3,209.2408,50.6261,18.7009,47.6171,-1.487,5.8895,69.9286,1.0571
70661,,,1000,-121.9985,14.5626,,,,,,,,,,,
70818,,,157,-121.6009,15.9246,,,,,,,,,,,
71000,,,,,,50,39,7,123.1762,2.0446,10.9695,3.1659,0.1693,10.826,100.7316,1.1361
71500,,,,,,50,27,4,176.1454,26.664,71.0255,25.754,-8.6274,5.1853,107.4056,0.6842
72000,,,,,,50,23,4,218.8312,61.2689,24.0209,64.4516,-0.7187,16.2166,81.4328,0.9413
72418,,,1600,-121.3491,15.3466,,,,,,,,,,,
72500,,,,,,50,33,5,143.3718,16.2081,16.6909,21.1257,-0.221,9.7165,135.1395,1.1062
73000,,,,,,50,45,8,112.0544,-3.6979,5.4096,1.8053,-1.86,4.8908,49.5356,1.112
73500,,,,,,50,44,8,111.9737,50.1417,62.4923,54.7485,-1.068,3.4953,51.5892,1.1607
73632,,,1214,-78.8387,15.4073,,,,,,,,,,,
73680,,,48,-114.7093,15.3016,,,,,,,,,,,
73829,,,149,-104.5731,15.1831,,,,,,,,,,,
73893,,,64,-109.1946,15.0861,,,,,,,,,,,
74000,,,,,,50,26,4,183.7315,57.3629,33.0046,63.2795,-2.0519,5.9808,81.276,0.8762
74038,,,145,-106.7227,15.1048,,,,,,,,,,,
74141,,,103,-111.7194,15.1131,,,,,,,,,,,
74337,,,196,-114.4565,15.0508,,,,,,,,,,,
74424,,,87,-111.363,15.9124,,,,,,,,,,,
74500,,,,,,50,22,4,280.3897,153.4098,77.5781,158.2399,-5.4033,5.6161,57.43,1.3273
74580,,,156,-106.7584,16.2439,,,,,,,,,,,
74684,,,104,-112.0333,16.1947,,,,,,,,,,,
74769,,,85,-111.0695,15.2871,,,,,,,,,,,
74841,,,72,-110.8727,15.2659,,,,,,,,,,,
74967,,,126,-109.9839,15.2789,,,,,,,,,,,
75000,,,,,,50,24,4,265.0352,117.9705,66.1803,120.3988,-5.8234,3.3092,49.9132,0.5242
75000,-109.226,76.4,,,,,,,,,,,,,,
75019,,,52,-111.3556,13.9259,,,,,,,,,,,
75194,,,175,-111.0489,15.1429,,,,,,,,,,,
75266,,,72,-112.0308,15.1081,,,,,,,,,,,
75477,,,211,-122.5794,15.1603,,,,,,,,,,,
75500,,,,,,50,28,4,176.7076,19.1946,9.2139,26.311,-4.1312,8.2045,62.0514,1.0584
75633,,,156,-112.6575,15.5846,,,,,,,,,,,
76000,,,,,,50,25,4,203.1979,36.6146,24.066,46.0491,-0.9958,7.6965,83.4627,1.2073
76373,,,740,-127.2346,15.8772,,,,,,,,,,,
76458,,,85,-105.9827,15.1842,,,,,,,,,,,
76500,,,,,,50,26,4,195.5061,32.4912,14.9869,41.7815,-1.4686,9.0533,100.8898,1.1224
76577,,,119,-110.3169,15.1923,,,,,,,,,,,
76655,,,78,-111.114,15.109,,,,,,,,,,,
76753,,,98,-114.3265,15.4166,,,,,,,,,,,
76832,,,79,-113.6821,15.6499,,,,,,,,,,,
76915,,,83,-113.0416,15.2564,,,,,,,,,,,
77000,,,,,,50,30,5,161.1117,-3.5363,7.1925,5.0769,-1.5108,6.1726,123.6599,1.1687
77060,,,145,-111.7701,15.1502,,,,,,,,,,,
77183,,,123,-111.1573,14.9859,,,,,,,,,,,
77321,,,138,-105.8969,15.3833,,,,,,,,,,,
77409,,,88,-107.8794,15.4072,,,,,,,,,,,
77448,,,39,-119.0064,15.0826,,,,,,,,,,,
77500,,,,,,50,31,5,167.9636,14.7582,16.2036,23.7121,-0.8178,13.0631,60.818,1.615
77525,,,77,-109.2274,15.2031,,,,,,,,,,,
77567,,,42,-111.6651,15.287,,,,,,,,,,,
77651,,,84,-110.5479,15.1856,,,,,,,,,,,
77781,,,130,-118.2365,15.2188,,,,,,,,,,,
77894,,,113,-105.9921,15.4767,,,,,,,,,,,
77981,,,87,-105.1848,15.8638,,,,,,,,,,,
78000,,,,,,50,31,4,157.0323,-2.4068,16.3769,5.1863,-1.906,16.1203,169.3197,1.7777
78053,,,72,-111.0215,15.2434,,,,,,,,,,,
78211,,,158,-113.0156,15.2367,,,,,,,,,,,
78319,,,108,-113.656,15.4175,,,,,,,,,,,
78394,,,75,-110.9866,16.1791,,,,,,,,,,,
78500,,,,,,50,23,3,272.4276,92.1724,174.3228,104.461,-3.711,9.248,118.209,1.3135
78528,,,134,-102.1752,15.9938,,,,,,,,,,,
78668,,,140,-108.4916,15.3483,,,,,,,,,,,
78813,,,145,-95.574,15.3371,,,,,,,,,,,
78911,,,98,-100.7876,15.286,,,,,,,,,,,
79000,,,,,,50,25,4,219.5029,114.8952,96.923,124.3337,-1.366,9.3039,85.6903,0.7997
79019,,,108,-108.9144,15.2977,,,,,,,,,,,
79171,,,152,-105.3636,15.1423,,,,,,,,,,,
79500,,,,,,50,25,4,228.804,43.6259,46.0406,54.918,-1.6915,6.5044,92.6798,1.5811
79518,,,347,-129.2094,15.6785,,,,,,,,,,,
79631,,,113,-106.5335,15.5863,,,,,,,,,,,
79817,,,186,-110.7684,15.2182,,,,,,,,,,,
79918,,,101,-108.583,15.2125,,,,,,,,,,,
80000,,,,,,50,24,4,211.7114,15.5124,69.1869,29.7638,-1.45,6.8201,163.683,1.1627
80000,-118.6296,591.3,,,,,,,,,,,,,,
80500,,,,,,50,27,3,199.0306,12.4726,29.0755,26.9393,-1.2895,13.569,125.3835,1.031
80544,,,626,-122.4723,14.4324,,,,,,,,,,,
80811,,,267,-113.0241,15.9504,,,,,,,,,,,
81000,,,,,,50,31,4,156.9714,6.2298,7.9692,21.6857,-0.8423,16.1681,121.3004,1.3686
81500,,,,,,50,23,3,238.4356,55.2247,28.9931,67.4413,0.9033,11.0162,101.6266,1.0099
81699,,,888,-162.083,15.5866,,,,,,,,,,,
81996,,,297,-132.4327,15.2987,,,,,,,,,,,
82000,,,,,,50,50,14,57.4207,-14.6305,9.0946,0.6936,-0.5367,20.4485,232.4642,1.9253
82298,,,302,-121.4908,15.5648,,,,,,,,,,,
82500,,,,,,50,27,4,197.271,-1.7563,271.0048,11.6764,-11.2606,11.498,236.1416,1.5566
83000,,,,,,50,50,13,57.5358,-11.7597,82.1025,1.5107,-8.7875,12.6887,114.1639,1.4291
83245,,,947,-132.5876,15.7235,,,,,,,,,,,
83500,,,,,,50,26,3,204.3773,46.8493,82.2969,58.2309,-1.3008,8.1969,158.5982,1.2788
83876,,,631,-148.4508,15.4077,,,,,,,,,,,
84000,,,,,,50,28,4,178.2104,32.7125,25.7554,46.2154,-1.2004,11.6293,98.2391,1.0828
84500,,,,,,50,27,3,193.9442,45.3207,22.2824,62.4849,-1.0037,10.3117,87.1609,1.948
84563,,,687,-142.5141,15.542,,,,,,,,,,,
85000,,,,,,50,31,5,171.7735,11.2619,23.7965,24.4499,-0.903,15.8322,109.8384,1.3612
85000,-139.0316,992.4,,,,,,,,,,,,,,
85500,,,,,,50,35,5,147.9564,4.1341,12.7796,21.9528,-0.6647,18.6628,136.3502,1.8659
85563,,,1000,-168.7581,14.4693,,,,,,,,,,,
85628,,,65,-110.2048,15.2076,,,,,,,,,,,
85851,,,223,-128.9352,15.22,,,,,,,,,,,
86000,,,,,,50,25,4,222.6765,37.0105,27.7358,52.873,-3.0294,9.4753,105.5073,1.8598
86068,,,217,-125.608,15.4109,,,,,,,,,,,
86500,,,,,,50,32,4,153.7685,4.1755,7.5601,22.4922,-0.8679,19.0689,159.8929,1.4116
87000,,,,,,50,27,4,191.3214,28.7059,24.7752,48.0267,-2.2193,6.2418,98.4605,0.9434
87500,,,,,,50,50,14,57.6643,-16.5288,7.6324,0.7221,-1.2783,12.2252,75.8656,1.4877
87668,,,1600,-136.0625,15.8015,,,,,,,,,,,
87711,,,43,-103.364,15.463,,,,,,,,,,,
88000,,,,,,50,34,4,160.7045,7.1616,13.5805,23.3905,-2.1982,12.4273,95.7536,0.7473
88143,,,432,-124.94,15.5703,,,,,,,,,,,
88336,,,193,-98.1885,15.5606,,,,,,,,,,,
88431,,,95,-115.669,15.1608,,,,,,,,,,,
88500,,,,,,50,24,3,261.5995,38.9159,132.0442,57.2722,-19.6058,10.1238,119.8365,1.3351
88606,,,175,-91.3686,15.1902,,,,,,,,,,,
88722,,,116,-105.2926,15.2473,,,,,,,,,,,
88767,,,45,-105.2605,15.0023,,,,,,,,,,,
88920,,,153,-100.3878,15.2629,,,,,,,,,,,
89000,,,,,,50,50,9,87.3645,23.5261,14.4141,39.1172,-1.2778,12.9021,96.7854,2.4108
89094,,,174,-86.3874,15.1791,,,,,,,,,,,
89239,,,145,-101.3837,15.2206,,,,,,,,,,,
89371,,,132,-101.4603,15.8639,,,,,,,,,,,
89500,,,,,,50,31,5,177.4848,-9.5481,17.5279,5.6348,-2.728,15.4154,186.5272,1.2947
90000,,,,,,50,36,5,140.234,-15.6816,12.6503,4.2471,-1.0961,11.4767,140.084,1.2017
90000,-144.8021,1158.1,,,,,,,,,,,,,,
90500,,,,,,50,30,4,168.7683,-14.9005,13.1488,5.6331,-1.4264,9.4264,104.9126,1.1169
90971,,,1600,-140.7687,15.0057,,,,,,,,,,,
91000,,,,,,50,26,4,208.1487,-10.068,25.973,8.6546,-2.0223,12.618,73.5304,1.5988
91129,,,158,-94.884,15.3003,,,,,,,,,,,
91414,,,285,-137.2277,15.3115,,,,,,,,,,,
91500,,,,,,50,26,4,228.4435,51.4563,20.3341,69.5616,-1.6284,19.9226,164.6787,1.4047
91858,,,444,-153.5014,15.8567,,,,,,,,,,,
92000,,,,,,50,30,4,160.8452,-17.314,30.2351,4.7751,-1.4933,10.314,113.7212,2.1748
92320,,,462,-115.612,15.4093,,,,,,,,,,,
92500,,,,,,50,33,4,153.9186,-13.1685,7.2962,4.8386,-1.0687,15.4465,138.4652,1.2195
92555,,,235,-121.3203,15.2799,,,,,,,,,,,
93000,,,,,,50,50,10,81.2779,-16.4125,15.0041,1.6515,-2.4247,26.1757,204.9211,2.2816
93500,,,,,,50,26,3,208.6635,-14.2742,62.2983,9.242,-12.85,10.1939,78.0474,1.2589
93516,,,961,-161.8782,15.5932,,,,,,,,,,,
94000,,,,,,50,28,4,193.5036,7.7162,13.5754,28.0644,-1.7656,19.7577,128.3245,1.3436
94025,,,509,-158.1357,15.122,,,,,,,,,,,
94201,,,176,-124.8739,15.082,,,,,,,,,,,
94500,,,,,,50,28,3,202.4445,-8.9118,42.3857,8.5942,-0.69,9.7736,103.9769,1.6606
95000,,,,,,50,23,2,268.4875,70.9419,50.9549,90.7974,-2.6285,14.6262,175.7542,1.125
95000,-159.1204,716.2,,,,,,,,,,,,,,
95500,,,,,,50,35,5,146.6827,2.0815,35.1117,25.5057,-1.0792,12.4992,118.4725,2.0949
95801,,,1600,-119.9786,14.8549,,,,,,,,,,,
96000,,,,,,50,27,3,195.5317,14.8493,13.2953,40.8638,-0.7395,11.0907,84.3347,2.269
96500,,,,,,50,37,4,137.6486,28.6908,42.104,52.8792,-0.8562,14.9356,160.7455,1.0165
96548,,,747,-160.6003,15.719,,,,,,,,,,,
96809,,,261,-128.0569,16.2801,,,,,,,,,,,
96886,,,77,-101.4243,16.2719,,,,,,,,,,,
97000,,,,,,50,42,6,121.4984,0.2092,14.2157,21.225,-1.0523,11.016,184.3116,1.8277
97500,,,,,,50,25,3,238.4756,-14.0838,17.7055,11.9441,-2.3885,8.9731,76.5514,1.2172
97684,,,798,-148.0367,16.0597,,,,,,,,,,,
97984,,,300,-113.9381,15.9914,,,,,,,,,,,
98000,,,,,,50,30,4,182.4597,53.6901,35.9558,76.9675,-1.3163,13.2641,199.481,1.6248
98200,,,216,-125.7138,15.7627,,,,,,,,,,,
98500,,,,,,50,46,7,107.172,-4.8706,11.8352,19.7236,0.8011,13.5975,136.7971,1.8718
98684,,,484,-133.4327,15.1881,,,,,,,,,,,
98966,,,282,-132.3572,15.9135,,,,,,,,,,,
99000,,,,,,50,29,4,173.0553,-5.8063,8.5429,24.4699,-0.875,15.4658,212.3472,1.8346
99239,,,273,-130.2518,15.2431,,,,,,,,,,,
99500,,,,,,50,33,4,162.1792,20.1353,29.1143,45.9794,-4.3982,14.215,198.8552,1.0931
100000,,,,,,50,34,5,145.3231,2.9499,18.9763,28.4024,-1.6431,15.5352,165.1704,1.7482
100000,-157.8563,776.1,,,,,,,,,,,,,,
100500,,,,,,50,28,3,183.317,-3.9142,19.1652,24.9556,-4.6714,14.5772,170.0558,1.0657
100839,,,1600,-94.9557,15.3035,,,,,,,,,,,
101000,,,,,,50,25,3,221.2157,4.2084,15.2965,30.4645,-0.5364,19.3725,137.5089,1.7054
101039,,,200,-118.6532,15.1221,,,,,,,,,,,
101500,,,,,,50,41,6,116.3258,-1.6768,39.2211,27.0013,-0.7274,14.5451,115.3723,1.0955
101700,,,661,-137.5552,15.6367,,,,,,,,,,,
102000,,,,,,50,29,3,188.4128,64.6447,66.8301,94.0672,-9.0008,13.7556,85.4615,1.2829
102500,,,,,,50,42,6,125.4473,-24.2538,20.8088,3.3623,-0.8619,19.8718,295.0023,1.1629
103000,,,,,,50,35,5,154.6086,-7.908,13.1019,22.6135,-0.9532,8.8892,90.4938,1.4934
103300,,,1600,-61.5422,15.3482,,,,,,,,,,,
103500,,,,,,50,31,5,167.1906,-3.9138,9.5117,26.5815,-5.3758,12.3506,152.1884,1.2696
103554,,,254,-140.5212,15.1732,,,,,,,,,,,
103952,,,398,-141.8513,15.3111,,,,,,,,,,,
104000,,,,,,50,36,4,148.8959,-3.1066,14.7625,24.8496,-1.6388,8.1055,91.7855,1.4213
104500,,,,,,50,39,6,137.4989,-2.5561,26.2485,28.1456,-7.8253,13.5187,98.1521,1.3042
105000,,,,,,50,37,5,136.6986,-8.3059,12.6117,23.3852,-18.6638,10.0688,108.6184,1.2691
105000,-147.7691,661.4,,,,,,,,,,,,,,
105500,,,,,,50,47,7,110.9745,-28.3372,7.7647,2.7731,0.0661,7.562,115.2539,1.0743
105552,,,1600,-94.7042,15.0742,,,,,,,,,,,
106000,,,,,,50,39,5,129.008,-26.0003,23.3418,3.9055,-1.2056,9.5787,109.4425,1.6476
106403,,,851,-143.2769,15.1683,,,,,,,,,,,
106500,,,,,,50,38,5,142.5179,1.6149,45.2377,31.1172,-0.9991,7.2749,69.9688,2.359
107000,,,,,,50,33,4,157.5901,44.8657,91.6458,72.2568,-8.2152,9.8029,96.2468,2.7586
107500,,,,,,50,28,3,203.1827,1.8054,30.6415,27.5637,-2.2868,7.9204,80.556,2.1428
108000,,,,,,50,28,3,207.9467,1.7373,27.0962,28.51,0.1197,9.236,157.2395,1.3507
108001,,,1598,-228.4345,15.5762,,,,,,,,,,,
108220,,,219,-122.6917,15.7681,,,,,,,,,,,
108454,,,234,-118.3365,15.605,,,,,,,,,,,
108500,,,,,,50,36,5,144.2773,27.5559,318.3408,57.3266,-2.764,9.0567,126.814,1.4497
109000,,,,,,50,26,3,232.6236,1.771,13.1942,32.2948,-1.8699,9.6161,158.1771,1.1362
109500,,,,,,50,47,9,107.7076,-27.2867,17.402,2.3246,-1.4969,6.4229,90.1459,1.3989
110000,,,,,,50,31,4,178.369,20.244,40.0933,47.4426,-0.8142,7.9585,73.1185,1.5582
110000,-161.7839,1101.7,,,,,,,,,,,,,,
110054,,,1600,-114.0897,14.7327,,,,,,,,,,,
110500,,,,,,50,40,4,126.8122,-25.2003,9.1044,3.9112,-1.1769,8.0258,86.8105,1.8695
111000,,,,,,50,32,4,170.0627,2.833,36.0362,29.2441,0.3593,8.9492,88.6945,1.5298
111500,,,,,,50,39,6,138.5485,32.7104,28.4175,62.4218,-0.2675,5.0666,85.2393,1.6523
111654,,,1600,-117.2976,15.3671,,,,,,,,,,,
112000,,,,,,50,35,5,153.4343,84.1944,91.0709,107.6604,-1.2068,7.662,111.2316,1.6334
112500,,,,,,50,32,4,168.7606,-22.5646,12.2101,7.0553,-1.1429,6.1433,73.0929,0.9199
112842,,,1188,-190.1594,15.4059,,,,,,,,,,,
113000,,,,,,50,32,4,173.0099,1.3806,17.8106,28.394,-7.1656,5.4375,65.093,1.5102
113500,,,,,,50,41,6,125.9776,-1.439,26.3286,27.4891,-0.9245,7.2455,130.891,1.7338
113679,,,837,-172.5153,15.3332,,,,,,,,,,,
114000,,,,,,50,28,3,205.1344,18.9791,20.4668,48.7966,-2.9467,5.6046,64.6083,1.4739
114500,,,,,,50,32,4,167.2767,18.5573,27.5628,49.5536,-1.0814,7.9364,81.6886,1.3633
115000,,,,,,50,29,3,190.8182,42.4934,37.164,72.2542,-1.5801,8.5112,70.2711,1.3359
115000,-119.4882,1249.7,,,,,,,,,,,,,,
115279,,,1600,-105.4835,14.6833,,,,,,,,,,,
115392,,,113,-110.3019,16.2177,,,,,,,,,,,
115500,,,,,,50,41,5,127.339,-11.3686,22.793,20.5464,3.5376,5.2,94.5783,1.7713
115542,,,150,-126.2288,15.2394,,,,,,,,,,,
116000,,,,,,50,36,5,146.9004,17.8691,21.4282,46.5772,-0.9981,6.6304,150.7367,1.5233
116500,,,,,,50,38,4,138.0427,-5.0074,10.0501,25.2674,-1.9258,4.1255,69.0704,1.0877
117000,,,,,,50,45,7,110.4415,-25.3766,21.1354,3.3075,-0.7638,7.68,76.6976,1.2472
117142,,,1600,-98.2035,15.3109,,,,,,,,,,,
117500,,,,,,50,34,5,158.6535,-2.6745,12.5326,26.753,-1.2603,7.2636,80.0817,2.1512
118000,,,,,,50,36,5,147.9944,-4.0433,33.6183,26.2393,1.6589,5.2139,66.0398,1.3418
118500,,,,,,50,50,10,84.378,-28.0305,13.4444,1.5028,-1.3127,6.0357,50.6083,1.5291
118742,,,1600,-112.9496,15.7141,,,,,,,,,,,
119000,,,,,,50,43,7,127.2931,-24.01,15.2353,3.4053,-0.8095,4.3362,50.9398,1.7232
119500,,,,,,50,41,6,126.7677,-25.5338,16.4208,3.305,-1.0145,6.6193,100.5349,3.1384
120000,,,,,,50,45,6,116.6254,-26.3103,15.1607,2.9916,-1.4382,5.0934,51.0628,1.4812
120000,-109.3568,1037.4,,,,,,,,,,,,,,
120342,,,1600,-105.7742,14.9992,,,,,,,,,,,
120500,,,,,,50,36,4,142.1681,-24.6076,25.8873,4.9173,-1.2455,6.4045,101.1349,1.5978
121000,,,,,,50,32,3,181.0089,-20.9894,13.9718,5.943,-2.2825,3.364,41.2497,0.9893
121500,,,,,,50,50,15,60.3477,-27.96,10.8826,1.0698,-1.6138,6.4234,73.6371,1.6503
121942,,,1600,-106.598,15.3155,,,,,,,,,,,
122000,,,,,,50,32,4,162.0966,-1.4594,23.9635,27.3182,-1.4038,3.0629,81.6666,1.5631
122301,,,359,-144.1906,15.306,,,,,,,,,,,
122500,,,,,,50,37,4,146.3904,3.1199,52.4803,27.9411,-1.3524,4.0085,68.2184,1.1615
123000,,,,,,50,40,5,128.8618,-25.2426,27.3275,3.1369,-1.0553,3.2959,52.6531,1.17
123500,,,,,,50,43,6,124.7172,22.7335,41.733,48.6563,-2.0249,3.8021,58.1193,1.2759
123901,,,1600,-89.0278,15.5554,,,,,,,,,,,
124000,,,,,,50,34,5,162.4973,-19.4798,16.7725,7.0001,-0.3598,6.6575,54.6776,1.0877
124033,,,132,-98.7274,15.2992,,,,,,,,,,,
124500,,,,,,50,30,4,190.6217,42.5106,28.0662,68.9491,-1.1306,5.2199,77.8746,1.5321
125000,,,,,,50,45,5,115.9009,-1.9776,17.2347,24.3112,-1.059,3.6053,65.1977,1.3566
125000,-78.0027,1600.0,,,,,,,,,,,,,,
125500,,,,,,50,50,9,81.6696,0.6521,90.8963,25.4431,-2.0946,3.3676,77.7102,0.8048
125633,,,1600,-81.2549,14.4392,,,,,,,,,,,
126000,,,,,,50,39,5,142.9098,-1.0682,21.2799,25.3131,-1.0315,3.7968,47.9071,0.9542
126500,,,,,,50,43,6,122.0561,-22.1925,8.6551,3.5395,-1.7213,4.1428,58.4589,0.7974
127000,,,,,,50,50,16,57.7253,-25.6078,9.9253,0.8408,-0.5411,4.465,64.8788,1.1583
127233,,,1600,-75.2319,15.6297,,,,,,,,,,,
127351,,,118,-113.9853,16.1866,,,,,,,,,,,
127500,,,,,,50,50,15,64.5413,-23.4815,16.3045,1.0319,-2.3063,4.2772,48.0815,1.5834
128000,,,,,,50,41,6,127.1639,3.6695,35.0031,28.1689,1.1444,4.2562,94.9123,0.9903
128500,,,,,,50,30,3,206.6518,27.7415,13.6276,51.7489,-1.5696,4.917,71.2089,1.4401
128577,,,1226,-185.2059,15.3771,,,,,,,,,,,
129000,,,,,,50,28,4,224.0661,102.8551,462.3705,126.9832,-22.7622,1.6833,25.028,1.7388
129500,,,,,,50,37,4,145.9769,20.0382,15.1935,44.6065,0.3832,2.3611,33.521,1.8075
130000,,,,,,50,43,6,126.201,1.8198,15.3534,24.2291,-3.3405,4.6748,128.337,1.4128
130000,-76.3931,1541.9,,,,,,,,,,,,,,
130177,,,1600,-69.7602,14.5501,,,,,,,,,,,
130500,,,,,,50,46,6,112.6113,2.2418,16.2461,22.7277,-1.1986,2.433,64.0275,1.173
131000,,,,,,50,50,22,36.0964,-21.5485,3.7266,0.5605,-0.7416,2.8658,68.4909,0.8982
131500,,,,,,50,37,5,148.7559,24.456,52.4763,47.7159,6.4018,3.1013,48.9309,0.8509
131777,,,1600,-79.7142,15.5504,,,,,,,,,,,
132000,,,,,,50,35,4,157.4745,6.5296,20.6985,28.2805,-0.3325,2.8499,46.9165,1.5566
132500,,,,,,50,38,5,146.4186,1.4272,12.8594,22.1203,-0.8263,3.0807,77.082,1.0834
133000,,,,,,50,50,9,92.6213,-21.8488,6.7707,1.8318,-0.6694,1.934,31.5079,0.8401
133238,,,1461,-209.2412,15.3832,,,,,,,,,,,
133500,,,,,,50,36,4,150.9379,22.1604,21.7345,44.6294,-0.6281,3.4064,80.7427,0.818
134000,,,,,,50,40,5,137.0191,4.025,30.8637,25.1772,-1.8854,2.8305,80.5953,1.0796
134500,,,,,,50,34,4,167.922,7.3214,15.1285,26.9306,-1.4601,2.4992,64.8287,2.0501
134838,,,1600,-80.0474,15.5789,,,,,,,,,,,
135000,,,,,,50,35,4,167.7826,21.8269,19.8962,44.5507,-0.6788,2.1142,52.0878,1.1225
135000,-126.9029,845.8,,,,,,,,,,,,,,
135500,,,,,,50,37,5,153.6072,8.5356,21.2774,27.4568,1.887,2.8348,57.3877,1.3867
135578,,,740,-137.3668,14.7255,,,,,,,,,,,
136000,,,,,,50,36,4,162.7101,34.4205,78.7257,52.2735,-11.8588,1.4596,31.0012,1.4038
136415,,,837,-111.2311,15.4307,,,,,,,,,,,
136500,,,,,,50,35,4,154.6261,29.2363,81.2338,48.2881,-0.7141,1.9519,31.9343,1.0038
137000,,,,,,50,38,4,149.4268,-14.9711,15.3563,4.5501,0.5847,2.3718,49.0369,1.205
137216,,,801,-111.7467,15.3302,,,,,,,,,,,
137500,,,,,,50,50,8,97.0349,32.0742,92.4573,50.9894,-0.1472,1.6301,50.0841,1.167
137862,,,646,-170.639,15.563,,,,,,,,,,,
138000,,,,,,50,49,8,103.323,6.1778,48.9436,25.2712,-0.9195,2.301,40.4203,1.4317
138500,,,,,,50,42,6,127.639,50.1585,63.5472,68.1903,-1.193,2.2714,80.2174,1.3462
138610,,,748,-124.3079,15.4534,,,,,,,,,,,
139000,,,,,,50,50,22,33.6214,-17.614,8.967,0.6726,-0.654,3.7641,98.6913,1.5468
139021,,,411,-101.9799,15.3151,,,,,,,,,,,
139500,,,,,,50,50,14,67.4534,-16.5615,30.598,1.0563,-0.2023,2.0005,35.5714,2.2636
139533,,,512,-76.0853,15.5536,,,,,,,,,,,
140000,,,,,,50,35,4,166.6712,12.0276,107.6427,29.4145,-11.4769,3.151,47.5836,1.4246
140000,-103.3185,419.2,,,,,,,,,,,,,,
140500,,,,,,50,50,9,90.4277,3.3351,16.2947,21.1394,-0.4857,4.1044,85.8861,1.7435
141000,,,,,,50,37,5,142.781,8.4355,21.8668,26.8596,-1.1185,2.6424,41.1987,1.1944
141083,,,1550,-191.4572,15.4597,,,,,,,,,,,
141405,,,322,-137.7762,15.246,,,,,,,,,,,
141500,,,,,,50,43,5,127.5489,-12.6346,23.0745,4.3791,-3.475,2.2661,34.0522,0.6479
142000,,,,,,50,50,11,77.0227,-15.4304,11.2581,1.5432,-0.7844,3.0005,51.5424,1.5167
142500,,,,,,50,40,4,134.016,5.4128,16.0224,24.6529,-0.8283,1.7413,26.0589,1.642
142568,,,1163,-130.2894,15.7249,,,,,,,,,,,
142617,,,49,-119.1567,15.3169,,,,,,,,,,,
142682,,,65,-107.3523,15.9448,,,,,,,,,,,
142876,,,194,-106.2019,16.237,,,,,,,,,,,
143000,,,,,,50,30,3,209.8518,56.1442,32.2437,72.4489,-1.6003,3.5747,55.4196,0.8852
143257,,,381,-133.5749,15.9421,,,,,,,,,,,
143500,,,,,,50,45,5,117.8794,2.4343,19.7095,19.0939,-0.2636,6.5912,91.314,1.3278
144000,,,,,,50,27,2,224.5345,16.2622,12.2433,32.9546,-3.4532,5.0154,68.7594,0.9933
144133,,,876,-115.1114,15.8834,,,,,,,,,,,
144283,,,150,-94.4056,16.0232,,,,,,,,,,,
144500,,,,,,50,33,4,171.0312,54.6517,27.5643,70.3208,-2.7232,3.4175,66.7939,1.0487
144505,,,222,-86.5539,15.2203,,,,,,,,,,,
144574,,,69,-103.3379,15.2515,,,,,,,,,,,
144854,,,280,-112.3307,15.3436,,,,,,,,,,,
144939,,,85,-101.9294,16.2431,,,,,,,,,,,
145000,,,,,,50,29,3,215.177,37.2538,26.7224,52.8387,-2.069,3.5102,57.7461,2.1546
145000,-82.5421,380.0,,,,,,,,,,,,,,
145077,,,138,-91.6796,13.015,,,,,,,,,,,
145161,,,84,-99.5923,15.2853,,,,,,,,,,,
145470,,,309,-87.6207,15.2198,,,,,,,,,,,
145500,,,,,,50,36,4,152.9716,10.1345,30.5912,28.5685,-1.3613,4.559,81.0382,1.5498
145640,,,170,-79.3854,15.5137,,,,,,,,,,,
146000,,,,,,50,37,4,154.332,9.42,16.7896,26.8257,-1.6079,3.8605,60.8899,1.8931
146204,,,564,-32.5647,15.4226,,,,,,,,,,,
146500,,,,,,50,50,12,75.8993,-17.4412,13.6625,1.3723,-0.84,6.3781,53.0764,1.1216
146583,,,379,-90.6145,15.4833,,,,,,,,,,,
146694,,,111,-93.6493,15.1864,,,,,,,,,,,
147000,,,,,,50,50,13,69.74,-14.8558,9.2676,1.5638,-0.3717,5.4944,86.1997,1.1278
147500,,,,,,50,37,4,157.2726,-16.0332,10.8474,5.5459,-1.4571,4.7469,50.9453,0.9198
147734,,,1040,-66.7613,15.8226,,,,,,,,,,,
147985,,,251,-98.0283,15.4067,,,,,,,,,,,
148000,,,,,,50,38,5,152.0219,7.2742,19.0269,26.3705,-1.0179,4.9075,66.1044,1.8155
148500,,,,,,50,43,5,120.2456,41.9242,22.2875,61.7694,-0.6496,5.8277,60.3986,1.307
148612,,,627,-87.018,15.201,,,,,,,,,,,
149000,,,,,,50,41,5,126.6429,4.2188,22.1712,27.1636,-0.8801,8.2583,73.3739,1.3008
149500,,,,,,50,49,8,100.2759,3.3594,22.1315,25.957,-0.0405,6.9498,97.465,1.0494
150000,,,,,,50,31,3,217.1484,78.5652,34.39,98.0988,-2.464,5.3708,67.0047,1.4246
150000,-100.5989,285.7,,,,,,,,,,,,,,
150212,,,1600,158.9048,15.2323,,,,,,,,,,,
150500,,,,,,50,32,4,169.413,48.8158,35.7448,72.7028,-2.0288,3.9836,64.3417,1.0746
150831,,,619,-40.798,15.6074,,,,,,,,,,,
151000,,,,,,50,45,5,115.615,12.3452,356.5251,35.0404,-0.9911,4.9404,80.8817,1.9717
151500,,,,,,50,48,7,102.8423,-4.067,12.8394,23.6614,-0.7424,7.2149,90.5519,1.0475
151630,,,799,-42.0309,15.4648,,,,,,,,,,,
151703,,,73,-122.6001,15.2189,,,,,,,,,,,
151799,,,96,-133.341,15.1502,,,,,,,,,,,
151858,,,59,-122.0359,15.2513,,,,,,,,,,,
151928,,,70,-129.0806,15.2038,,,,,,,,,,,
151990,,,62,-120.3878,15.2751,,,,,,,,,,,
152000,,,,,,50,47,8,108.4531,-25.2088,15.5781,2.9215,-1.2454,10.7048,100.5892,1.7173
152045,,,55,-122.1992,15.0011,,,,,,,,,,,
152104,,,59,-123.8612,15.155,,,,,,,,,,,
152164,,,60,-120.4222,15.2235,,,,,,,,,,,
152220,,,56,-119.3204,15.2765,,,,,,,,,,,
152307,,,87,-103.5282,15.6577,,,,,,,,,,,
152500,,,,,,50,30,3,232.6871,53.7198,52.5813,80.9082,-3.0627,4.8753,58.5958,1.5548
152606,,,299,-98.7647,15.6873,,,,,,,,,,,
152726,,,120,-138.8558,16.0528,,,,,,,,,,,
152807,,,81,-122.0102,16.2016,,,,,,,,,,,
153000,,,,,,50,50,12,74.6576,-27.8456,10.3457,1.579,-0.7809,5.3025,71.2824,1.5417
153024,,,217,-129.2753,15.9191,,,,,,,,,,,
153084,,,60,-119.9519,16.2235,,,,,,,,,,,
153195,,,111,-134.0046,16.1107,,,,,,,,,,,
153297,,,102,-131.303,15.4732,,,,,,,,,,,
153375,,,78,-118.9054,15.9816,,,,,,,,,,,
153454,,,79,-118.2369,16.2547,,,,,,,,,,,
153500,,,,,,50,33,3,183.7093,23.5174,48.4877,54.1605,-1.953,8.4064,83.0,1.9196
153574,,,120,-122.9829,15.8724,,,,,,,,,,,
153638,,,64,-123.4566,15.1051,,,,,,,,,,,
153757,,,119,-128.5275,15.2557,,,,,,,,,,,
153855,,,98,-124.869,15.7702,,,,,,,,,,,
154000,,,,,,50,39,5,145.2591,-3.9682,31.5202,28.7933,-6.5175,10.6744,169.8834,1.6761
154030,,,175,-138.6213,15.9382,,,,,,,,,,,
154081,,,51,-115.6484,15.9294,,,,,,,,,,,
154253,,,172,-124.7432,16.2866,,,,,,,,,,,
154419,,,166,-128.107,16.0802,,,,,,,,,,,
154500,,,,,,50,50,9,96.6129,-29.8645,16.1085,2.2324,-0.8933,10.5865,129.4132,1.8748
154522,,,103,-114.9306,16.3285,,,,,,,,,,,
154635,,,113,-126.9878,16.146,,,,,,,,,,,
154817,,,182,-141.9392,16.2958,,,,,,,,,,,
154931,,,114,-129.9771,16.309,,,,,,,,,,,
155000,,,,,,50,42,6,135.412,-31.7365,20.5759,4.3624,-0.1469,7.6316,84.6278,2.2766
155000,-103.7445,228.7,,,,,,,,,,,,,,
155160,,,229,-119.8327,14.5218,,,,,,,,,,,
155218,,,58,-117.4588,16.332,,,,,,,,,,,
155338,,,120,-134.4215,15.4472,,,,,,,,,,,
155499,,,161,-139.3381,15.3043,,,,,,,,,,,
155500,,,,,,50,32,3,204.7588,36.43,21.6372,70.655,-6.9952,7.7259,126.3377,1.5254
155602,,,103,-124.1665,15.2652,,,,,,,,,,,
155774,,,172,-111.6391,15.2822,,,,,,,,,,,
155968,,,194,-139.5278,15.6688,,,,,,,,,,,
156000,,,,,,50,42,5,129.4281,8.1988,38.8246,45.2283,-0.8776,8.3171,89.293,1.1547
156173,,,205,-141.1936,15.4199,,,,,,,,,,,
156394,,,221,-141.7588,15.4724,,,,,,,,,,,
156500,,,,,,50,38,4,144.7389,-29.7483,14.2531,5.4585,-1.523,5.7335,74.7649,1.6917
156512,,,118,-125.2683,15.1088,,,,,,,,,,,
156726,,,214,-111.2672,15.3599,,,,,,,,,,,
156847,,,121,-135.1793,15.5034,,,,,,,,,,,
157000,,,,,,50,42,4,129.1645,-12.4733,18.2745,23.6239,1.6767,6.2822,82.8061,1.6566
157070,,,223,-142.0192,15.3913,,,,,,,,,,,
157301,,,231,-144.8857,15.8878,,,,,,,,,,,
157500,,,,,,50,38,4,150.6885,-14.1678,16.9467,25.8634,-0.2112,5.736,91.2607,1.6454
157531,,,230,-141.6688,15.5933,,,,,,,,,,,
157839,,,308,-145.1766,15.87,,,,,,,,,,,
158000,,,,,,50,42,5,126.9032,-37.3128,18.2711,3.6701,-1.2561,10.3038,133.6717,1.6939
158105,,,266,-74.1839,15.2343,,,,,,,,,,,
158500,,,,,,50,48,7,104.3148,-39.0918,10.8619,2.4246,-2.8337,6.6612,88.511,1.405
158896,,,791,19.0131,15.5383,,,,,,,,,,,
159000,,,,,,50,47,7,116.9811,-16.235,14.4307,22.7694,-1.5103,10.8034,137.6227,2.7188
159500,,,,,,50,33,4,196.1185,48.3853,28.1411,88.787,-1.4943,5.4385,101.1649,2.4452
159680,,,784,-0.7719,15.2428,,,,,,,,,,,
159917,,,237,-139.9775,15.4925,,,,,,,,,,,
160000,,,,,,50,41,5,134.9057,-18.7294,10.5014,25.2416,-0.7122,6.677,107.8069,1.8156
160000,-141.2286,233.9,,,,,,,,,,,,,,
160242,,,325,-147.899,14.9672,,,,,,,,,,,
160460,,,218,-141.7416,15.2959,,,,,,,,,,,
160500,,,,,,50,37,4,153.8804,21.8453,38.8755,59.3253,-1.898,6.3311,80.6148,4.9247
161000,,,,,,50,31,3,210.8144,16.0916,24.548,58.1697,0.3944,10.433,90.7054,1.7436
161399,,,939,-159.0709,15.381,,,,,,,,,,,
161500,,,,,,50,41,5,130.8589,-18.2169,24.7736,25.8507,-1.4984,7.5586,103.2375,1.3383
161881,,,482,-74.3404,15.8579,,,,,,,,,,,
162000,,,,,,50,32,3,211.9235,-9.1439,25.8553,29.8282,-2.3243,9.2058,157.0693,2.3854
162150,,,269,-143.9742,16.1816,,,,,,,,,,,
162500,,,,,,50,49,8,104.5161,-42.215,18.1923,2.448,-1.0044,10.5419,191.8506,2.3893
163000,,,,,,50,49,7,102.7692,12.4219,24.4299,56.6539,-1.0184,9.8008,174.0616,1.6312
163500,,,,,,50,49,8,103.5391,-40.3132,15.256,2.9013,-2.0295,4.8954,59.1981,1.2165
163750,,,1600,-81.6227,15.535,,,,,,,,,,,
164000,,,,,,50,34,4,173.7119,6.5051,43.7648,50.2151,-1.3102,6.931,120.084,2.45
164197,,,447,-150.7543,15.6208,,,,,,,,,,,
164500,,,,,,50,37,4,162.3627,36.6839,36.0796,81.7303,-1.3833,43.3128,120.4851,1.7986
164647,,,450,-140.1736,15.6294,,,,,,,,,,,
165000,,,,,,50,42,5,128.7478,1.0971,41.4356,47.3534,-0.84,7.3157,171.7946,3.2526
165000,-94.3284,1498.0,,,,,,,,,,,,,,
165500,,,,,,50,35,4,171.2106,4.876,19.1316,50.0769,-3.8535,5.6362,86.7919,1.5984
166000,,,,,,50,29,3,212.4265,-10.5453,24.7079,31.3704,-2.2916,6.2486,104.539,2.2747
166247,,,1600,-65.1248,14.5135,,,,,,,,,,,
166500,,,,,,50,34,4,173.1857,-15.8688,15.0887,28.859,-1.7164,3.8053,63.6032,1.0276
167000,,,,,,50,42,5,128.6842,-42.7367,34.8614,4.4963,-1.3395,5.1473,93.8677,1.422
167500,,,,,,50,45,5,119.2536,-23.2277,22.4479,24.3565,-0.8146,5.1036,91.1642,2.0426
167847,,,1600,-83.7606,15.6145,,,,,,,,,,,
168000,,,,,,50,41,4,144.8499,-19.525,17.3517,25.9593,-0.8172,5.8046,96.1128,1.2238
168500,,,,,,50,43,5,125.7718,-23.4795,24.0983,22.6724,-1.1767,5.1048,72.6118,1.3775
169000,,,,,,50,41,4,134.183,-40.6672,19.3774,4.7703,-1.9202,7.0681,137.1647,1.9052
169447,,,1600,-65.1535,15.5727,,,,,,,,,,,
169500,,,,,,50,47,5,112.9109,-15.9536,25.0614,32.5007,-1.0218,5.341,66.0233,1.7114
169689,,,242,-132.1334,16.0515,,,,,,,,,,,
169929,,,240,-124.9867,15.9581,,,,,,,,,,,
170000,,,,,,50,36,4,176.2181,-17.4083,21.2772,28.056,-1.6983,4.3769,64.8302,1.3567
170000,-38.4996,1332.2,,,,,,,,,,,,,,
170031,,,102,-106.0309,8.4068,,,,,,,,,,,
170500,,,,,,50,38,4,141.7551,-21.5924,18.0189,25.9643,-1.2844,7.4226,127.5254,1.3347
170627,,,596,-131.1168,16.0404,,,,,,,,,,,
171000,,,,,,50,50,23,33.9737,-43.5708,3.8698,0.476,-0.65,8.9102,194.2688,1.9701
171000,,,373,-140.5106,15.5341,,,,,,,,,,,
171140,,,140,-121.0137,15.1414,,,,,,,,,,,
171500,,,,,,50,38,4,163.8533,7.6176,37.8699,49.7707,-1.2389,7.4802,116.2175,1.4006
171801,,,661,-117.8179,15.687,,,,,,,,,,,
172000,,,,,,50,34,3,178.763,24.9649,33.8029,69.7058,-0.3356,4.9155,78.3302,1.244
172133,,,332,-133.1088,15.2495,,,,,,,,,,,
172500,,,,,,50,50,8,91.1294,-18.0253,20.8044,24.5819,-2.2405,3.0285,56.6167,1.3492
172526,,,393,-144.618,15.1254,,,,,,,,,,,
172847,,,321,-142.6082,15.7447,,,,,,,,,,,
172967,,,120,-127.5369,15.2745,,,,,,,,,,,
173000,,,,,,50,36,4,173.7356,8.0624,20.9199,50.7686,-1.4714,47.9075,87.3292,1.2559
173271,,,304,-138.6574,15.391,,,,,,,,,,,
173435,,,164,-132.8093,15.2651,,,,,,,,,,,
173500,,,,,,50,35,4,170.7422,29.7867,42.4107,71.3131,-1.9496,2.8119,81.0448,1.2917
173760,,,325,-143.3895,15.3278,,,,,,,,,,,
174000,,,,,,50,43,4,121.4118,-29.419,568.5242,11.1662,-14.0014,10.6712,203.3304,1.5871
174099,,,339,-147.7553,15.2332,,,,,,,,,,,
174268,,,169,-133.4509,15.2406,,,,,,,,,,,
174500,,,,,,50,34,4,197.9124,36.5561,38.2765,73.6112,-1.6959,6.5185,211.8016,1.1101
174840,,,572,-139.3663,15.1873,,,,,,,,,,,
175000,,,,,,50,40,3,136.9996,-13.8695,16.0868,25.9973,-1.5628,4.8973,118.096,1.3805
175000,-91.4633,865.8,,,,,,,,,,,,,,
175483,,,643,-135.9501,14.1775,,,,,,,,,,,
175500,,,,,,50,43,4,127.5424,-33.436,8.3711,4.4404,-0.9458,9.1527,97.6443,1.546
175750,,,267,-137.2392,15.1911,,,,,,,,,,,
175995,,,245,-140.1098,15.6843,,,,,,,,,,,
176000,,,,,,50,42,3,128.8763,-12.6885,9.4513,25.4582,-1.9728,4.3074,82.7336,1.0772
176178,,,183,-130.7006,15.2662,,,,,,,,,,,
176500,,,,,,50,50,15,58.0542,2.7542,9.1371,38.714,-1.1852,5.4775,73.3192,1.4809
176533,,,355,-88.5373,15.2152,,,,,,,,,,,
176818,,,285,-136.9849,15.2956,,,,,,,,,,,
177000,,,,,,50,38,4,155.7124,14.9916,74.3815,51.0496,-1.5317,5.0588,76.2411,1.4839
177500,,,,,,50,39,3,152.7054,6.9198,30.0458,44.1196,-1.7622,10.0302,153.5802,1.3991
178000,,,,,,50,42,4,138.1071,-9.0834,13.2612,25.2476,-1.4763,5.8361,116.0008,0.984
178052,,,1234,-140.0428,15.8273,,,,,,,,,,,
178500,,,,,,50,48,4,107.8499,-12.4174,23.4365,24.0785,-0.9818,40.3234,70.1024,1.0298
179000,,,,,,50,50,16,53.8875,-35.9834,4.7678,0.6577,-0.7467,13.409,105.2503,0.9899
179500,,,,,,50,38,4,154.7612,-8.7279,16.4574,26.0392,-1.6305,1.6321,52.1122,0.9363
179652,,,1600,-110.5978,15.6162,,,,,,,,,,,
179760,,,108,-108.1222,15.2062,,,,,,,,,,,
180000,,,,,,50,38,3,147.6763,-27.9796,7.537,4.1066,-1.3009,2.975,70.2802,1.4881
180000,-100.4969,991.3,,,,,,,,,,,,,,
180500,,,,,,50,39,3,141.7448,-7.9745,19.3719,26.2737,-1.1648,2.2412,53.5212,0.8834
180787,,,1027,-116.0968,14.3032,,,,,,,,,,,
181000,,,,,,50,45,4,121.2005,-8.6942,12.9573,24.5587,-2.0004,3.5275,92.9871,1.0882
181311,,,524,-155.2452,15.7144,,,,,,,,,,,
181500,,,,,,50,50,5,92.7363,-11.0748,10.7734,21.0562,-1.0308,4.8157,84.0656,0.954
182000,,,,,,50,36,4,172.1712,-4.9728,12.4144,26.0008,-1.7831,4.6532,109.8839,0.7477
182370,,,1059,-193.6517,15.4125,,,,,,,,,,,
182500,,,,,,50,44,3,126.0127,-27.5552,14.0774,2.903,-1.1849,10.3319,133.3752,0.8222
182600,,,230,-106.6277,15.8839,,,,,,,,,,,
182988,,,388,-147.8975,16.0166,,,,,,,,,,,
183000,,,,,,50,50,6,96.475,-5.0412,41.3619,25.8415,-0.7301,2.6911,56.3318,1.01
183161,,,173,-90.4685,16.0935,,,,,,,,,,,
183500,,,,,,50,37,3,159.6662,2.0535,124.7242,28.476,-7.7385,2.5226,61.6758,0.9518
183631,,,470,-158.258,15.6501,,,,,,,,,,,
184000,,,,,,50,50,20,35.3553,-30.6473,7.8587,0.5094,0.8178,1.7606,31.4246,0.943
184500,,,,,,50,41,4,133.9558,-24.1953,21.5989,4.8256,0.2878,3.7091,69.7886,1.5519
185000,,,,,,50,50,6,98.9817,-0.8742,23.5184,24.6752,-1.0994,2.7492,50.702,1.53
185000,13.3735,1083.7,,,,,,,,,,,,,,
185231,,,1600,186.0889,14.6623,,,,,,,,,,,
185500,,,,,,50,46,4,113.5615,-24.5067,30.6633,2.9831,-1.3341,34.0669,63.5181,0.759
186000,,,,,,50,47,5,110.8849,3.9443,94.6995,29.8578,-4.8029,1.6406,42.7919,1.2492
186500,,,,,,50,35,4,173.3835,22.5679,14.5163,47.3964,-1.4751,3.3622,58.8432,0.8747
186831,,,1600,120.396,15.4003,,,,,,,,,,,
187000,,,,,,50,36,4,160.2701,27.5208,34.7003,51.5868,-1.3505,3.4023,62.706,1.0976
187110,,,279,-146.8191,15.2274,,,,,,,,,,,
187500,,,,,,50,50,12,66.968,-24.77,13.1533,1.1905,-0.8062,2.9015,40.5628,1.0275
188000,,,,,,50,43,4,128.6231,2.525,19.4865,27.0031,-1.2645,3.4662,58.792,0.8641
188094,,,984,5.1006,15.2843,,,,,,,,,,,
188177,,,83,-119.5373,15.1082,,,,,,,,,,,
188396,,,219,-144.6401,15.2248,,,,,,,,,,,
188500,,,,,,50,34,2,189.0634,4.1644,22.6546,29.2899,-1.5817,5.3854,89.0822,1.3164
188556,,,160,-144.6036,15.3115,,,,,,,,,,,
188708,,,152,-138.8383,16.0524,,,,,,,,,,,
189000,,,,,,50,39,4,141.5456,-0.0882,18.2329,24.5983,-1.0087,4.2167,62.2014,1.4157
189076,,,368,-58.5982,15.7247,,,,,,,,,,,
189500,,,,,,50,50,22,35.6165,-23.6352,4.6435,0.3132,-0.4972,5.273,120.9794,0.8603
189553,,,477,-42.9097,15.6965,,,,,,,,,,,
190000,,,,,,50,50,5,94.4161,1.6128,28.6927,23.7205,-1.4616,1.9029,41.9166,0.867
190000,-145.7061,269.8,,,,,,,,,,,,,,
190138,,,585,-182.4807,15.6282,,,,,,,,,,,
190372,,,234,-144.5186,16.3125,,,,,,,,,,,
190500,,,,,,50,43,3,130.1268,2.7661,5.755,25.2096,-1.4963,2.0988,35.4093,0.7863
190635,,,263,-147.7009,15.842,,,,,,,,,,,
191000,,,,,,50,50,8,77.492,16.6869,12.3985,39.7157,-0.8194,1.6272,31.4169,0.839
191181,,,546,-20.657,15.8829,,,,,,,,,,,
191500,,,,,,50,50,6,91.8299,-21.9313,3.9262,2.2474,-1.0192,10.5097,116.7496,1.2076
191744,,,563,8.3864,15.4104,,,,,,,,,,,
191891,,,147,-81.1688,15.3386,,,,,,,,,,,
192000,,,,,,50,46,5,116.1137,-16.8406,14.3091,3.3526,-1.3543,1.6567,31.254,0.96
192312,,,421,-48.6918,15.7756,,,,,,,,,,,
192398,,,86,-92.6156,15.2775,,,,,,,,,,,
192500,,,,,,50,40,4,147.3148,23.2755,2988.8206,45.1701,-30.7345,1.9369,35.5516,0.7079
192710,,,312,-67.9685,15.2253,,,,,,,,,,,
193000,,,,,,50,48,5,109.328,-16.6448,14.2101,2.997,-0.4476,5.5874,67.8802,0.9765
193179,,,469,-44.9577,15.2992,,,,,,,,,,,
193244,,,65,-101.0669,15.3262,,,,,,,,,,,
193500,,,,,,50,50,16,51.3662,-19.1483,7.1425,0.7319,-0.8947,3.8851,34.2539,0.7731
193702,,,458,-49.4193,15.2738,,,,,,,,,,,
193916,,,214,-73.873,15.2412,,,,,,,,,,,
193979,,,63,-115.863,15.3079,,,,,,,,,,,
194000,,,,,,50,36,3,191.252,-10.0717,20.1166,8.286,-1.9862,2.3505,36.9418,0.7959
194042,,,63,-111.3262,15.268,,,,,,,,,,,
194100,,,58,-102.486,15.0032,,,,,,,,,,,
194500,,,,,,50,44,4,128.4863,45.7043,16.1191,63.9604,-1.6876,1.2984,27.622,0.7588
194628,,,528,-52.7683,15.4141,,,,,,,,,,,
194973,,,345,-79.5409,15.2147,,,,,,,,,,,
195000,,,,,,50,40,4,141.774,8.6464,9.4844,26.8668,-1.5476,4.7847,62.0424,1.1245
195000,-86.3257,642.3,,,,,,,,,,,,,,
195155,,,182,-141.9767,12.411,,,,,,,,,,,
195407,,,252,-95.4423,15.558,,,,,,,,,,,
195500,,,,,,50,38,4,153.3835,8.8571,48.2838,26.9699,-1.6934,1.5284,38.5869,0.9309
195602,,,195,-95.0809,15.4932,,,,,,,,,,,
196000,,,,,,50,47,4,117.1445,-16.2822,14.5077,3.2208,-1.2937,2.503,59.2287,0.9319
196265,,,663,-67.4305,15.4137,,,,,,,,,,,
196500,,,,,,50,39,3,149.9572,7.3524,22.7023,25.8102,-1.0819,2.3249,83.0461,0.699
196511,,,246,-98.7327,16.3166,,,,,,,,,,,
196700,,,189,-104.8288,15.3755,,,,,,,,,,,
196742,,,42,-113.1937,15.3086,,,,,,,,,,,
197000,,,,,,50,50,7,90.2509,-16.1817,5.3638,2.3242,-0.6727,3.7071,57.6735,1.2206
197178,,,436,-57.0903,15.3867,,,,,,,,,,,
197384,,,206,-93.198,15.8381,,,,,,,,,,,
197500,,,,,,50,48,5,103.8111,-13.98,11.1126,3.202,-0.8315,3.8096,53.3589,0.7988
197650,,,266,-93.6933,15.159,,,,,,,,,,,
197719,,,69,-102.5005,15.264,,,,,,,,,,,
197943,,,224,-87.6977,15.213,,,,,,,,,,,
198000,,,,,,50,32,3,219.5297,101.1139,75.9599,115.5692,-1.7869,3.6531,58.5009,0.8791
198500,,,,,,50,45,4,123.9015,-12.7017,8.951,4.3326,-1.2373,4.4413,58.1395,0.9727
198888,,,945,-18.6893,15.3105,,,,,,,,,,,
199000,,,,,,50,47,4,129.9078,7.7523,17.4905,22.239,-0.4165,3.4868,48.9837,1.1407
199132,,,244,-89.7281,15.5311,,,,,,,,,,,
199348,,,216,-84.5207,16.2818,,,,,,,,,,,
199500,,,,,,50,44,3,121.1716,8.9178,28.0907,25.1082,-1.2584,22.7927,45.1391,0.5247
199846,,,498,-84.985,15.3235,,,,,,,,,,,
200000,,,,,,50,50,8,82.695,-13.8918,30.7536,2.0,-1.0699,2.6691,35.6319,0.8602
200000,-83.3285,388.9,,,,,,,,,,,,,,
200453,,,607,-65.374,14.7463,,,,,,,,,,,
200500,,,,,,50,45,4,128.3417,7.4646,16.2526,23.0918,-1.0499,1.8737,26.4407,0.834
201000,,,,,,50,48,5,115.3925,-11.4145,18.9906,3.4346,-1.5898,5.4897,53.5569,0.4038
201148,,,695,-69.4016,15.425,,,,,,,,,,,
201500,,,,,,50,47,5,110.8786,8.8608,15.0056,24.3671,-1.4011,3.0809,39.784,0.8612
202000,,,,,,50,50,22,38.6421,-15.3515,6.5125,0.4644,-0.6578,3.1165,41.9631,1.0896
202178,,,1030,-61.926,15.3676,,,,,,,,,,,
202500,,,,,,50,45,4,119.9296,-9.9399,9.2232,3.8588,-1.0882,26.4538,62.0431,0.8873
202958,,,780,-54.374,15.5457,,,,,,,,,,,
203000,,,,,,50,50,6,94.0834,-12.7111,3.7032,2.2786,-0.8828,3.1226,36.4306,1.6008
203085,,,127,-88.909,15.5678,,,,,,,,,,,
203194,,,109,-123.6053,15.2753,,,,,,,,,,,
203500,,,,,,50,44,3,132.8546,14.9883,34.7484,28.2498,-1.6401,5.3845,93.116,0.7299
204000,,,,,,50,37,4,157.7615,32.6679,18.2101,46.6495,-1.0873,6.1418,79.7018,1.0841
204310,,,1116,53.9582,15.5267,,,,,,,,,,,
204500,,,,,,50,50,12,66.0939,-13.1587,11.1668,1.34,-1.0448,1.6156,31.0675,0.7511
205000,,,,,,50,48,4,110.6131,-8.4653,11.2577,3.5,-1.1547,1.757,24.3366,0.983
205000,71.0104,958.1,,,,,,,,,,,,,,
205500,,,,,,50,43,4,139.5623,11.5729,34.4441,25.9805,-2.8999,2.0524,28.5237,1.3244
205631,,,1321,263.68,15.0454,,,,,,,,,,,
206000,,,,,,50,45,4,116.2182,-6.0329,17.8676,3.7803,-1.6144,4.0273,54.0828,0.9004
206313,,,682,-156.0739,15.5663,,,,,,,,,,,
206500,,,,,,50,40,4,140.1994,29.4416,16.4569,41.8767,-1.0034,2.701,41.9383,0.9073
206824,,,511,-5.2305,15.4172,,,,,,,,,,,
206952,,,128,-86.4113,15.6289,,,,,,,,,,,
207000,,,,,,50,40,3,154.7443,53.3359,32.2928,65.0984,-1.0648,1.9359,39.9238,1.0505
207100,,,148,-138.6632,16.2357,,,,,,,,,,,
207443,,,343,-83.0982,15.3712,,,,,,,,,,,
207500,,,,,,50,42,4,142.0047,-7.5693,18.0579,5.2868,-1.0744,1.8744,26.9754,1.0779
207636,,,193,-136.984,15.4722,,,,,,,,,,,
207695,,,59,-124.479,15.319,,,,,,,,,,,
207910,,,215,-142.2479,15.5961,,,,,,,,,,,
208000,,,,,,50,41,4,144.8031,53.6422,34.1371,67.6529,-1.206,7.9317,64.3185,0.9076
208076,,,166,-145.5953,15.3732,,,,,,,,,,,
208158,,,82,-101.0275,15.0332,,,,,,,,,,,
208500,,,,,,50,47,4,108.6479,11.1115,32.8709,24.4334,-1.0775,2.3985,37.4555,0.6724
208692,,,534,-158.2046,15.1917,,,,,,,,,,,
208754,,,62,-101.1334,15.0753,,,,,,,,,,,
209000,,,,,,50,43,4,120.8962,31.0611,31.79,41.3695,-0.7584,22.4599,56.5018,0.7999
209026,,,272,-143.6817,15.2806,,,,,,,,,,,
209500,,,,,,50,38,4,160.9164,35.6961,122.7409,48.1153,2.1634,2.7511,51.8268,0.8876
209789,,,763,-16.6447,15.5149,,,,,,,,,,,
210000,,,,,,50,48,5,109.2956,32.0284,45.3146,44.2148,-0.504,3.0186,46.2335,0.6286
210000,-55.6781,295.0,,,,,,,,,,,,,,
210159,,,370,-109.9489,14.7987,,,,,,,,,,,
210500,,,,,,50,50,7,83.1728,-11.7942,4.2611,2.2659,0.6081,25.8254,62.0856,0.8496
210693,,,534,-20.0069,15.9525,,,,,,,,,,,
211000,,,,,,50,44,4,124.3634,36.9878,16.044,46.303,-1.3636,3.2212,45.1363,0.8843
211500,,,,,,50,48,6,107.2059,14.0113,36.9705,24.3746,-0.778,5.0727,55.935,0.827
211941,,,1248,273.8424,15.541,,,,,,,,,,,
212000,,,,,,50,50,25,31.9041,26.5972,6.6459,38.7947,-0.5016,20.6811,90.438,1.15
212151,,,210,-80.8395,15.2687,,,,,,,,,,,
212500,,,,,,50,50,5,95.6558,10.5979,15.9282,22.0842,-0.9592,3.091,61.3438,0.8423
213000,,,,,,50,43,4,141.9156,13.2851,19.3534,22.8497,-2.7194,2.4609,44.0164,0.8945
213500,,,,,,50,44,4,125.6602,-5.5788,16.0852,4.6533,-1.369,20.7282,168.7608,1.2914
213726,,,1575,254.9699,15.5397,,,,,,,,,,,
214000,,,,,,50,50,6,90.2209,14.0393,26.5675,25.2243,-1.4567,20.353,47.0543,1.0239
214251,,,525,4.5121,16.0025,,,,,,,,,,,
214500,,,,,,50,36,4,179.6397,107.9363,83.5387,115.5282,-1.5392,4.3766,70.2255,1.2799
215000,,,,,,50,41,4,142.7202,35.2692,16.5307,46.7924,-1.2073,2.0229,45.4329,1.1948
215000,32.9647,1197.5,,,,,,,,,,,,,,
215357,,,1106,110.2415,14.7074,,,,,,,,,,,
215500,,,,,,50,44,4,127.3215,-3.975,14.5758,5.0599,-1.6536,2.7567,44.2751,0.8331
216000,,,,,,50,43,3,124.2581,-6.299,18.1999,4.7588,-1.312,2.4693,34.9783,1.0462
216265,,,908,56.6925,15.6477,,,,,,,,,,,
216418,,,153,-105.9798,15.421,,,,,,,,,,,
216500,,,,,,50,50,19,43.3442,-11.1332,7.4265,0.4435,-0.6754,3.1291,52.914,0.9086
217000,,,,,,50,37,3,181.4931,78.1285,65.641,88.8291,-1.3836,2.6995,48.0101,0.8396
217045,,,627,17.47,15.4275,,,,,,,,,,,
217500,,,,,,50,46,4,114.7591,-5.1345,156.0389,4.9243,-8.8861,4.4209,56.9531,0.6536
218000,,,,,,50,50,19,43.1792,-11.7762,7.6947,0.6265,-1.1564,5.0498,49.3212,0.8679
218294,,,1249,278.772,15.4267,,,,,,,,,,,
218500,,,,,,50,46,4,117.6381,30.2946,17.491,43.9398,-0.781,3.2277,45.2622,0.9031
219000,,,,,,50,50,5,93.6422,-7.2677,41.9995,2.8651,-0.5679,2.1144,39.9259,0.8391
219049,,,755,83.5103,15.7027,,,,,,,,,,,
219500,,,,,,50,48,5,106.479,16.4475,19.5538,25.9596,-1.4621,2.951,54.4891,1.2411
219926,,,877,102.447,15.7293,,,,,,,,,,,
220000,,,,,,50,50,11,64.2251,28.808,22.1917,40.0016,-0.7437,2.7084,48.2752,0.8759
220000,-6.084,420.1,,,,,,,,,,,,,,
220500,,,,,,50,49,6,100.7512,-8.0025,21.4554,3.1237,-2.3697,2.6337,59.5347,0.9556
221000,,,,,,50,50,24,32.9445,-11.752,4.5873,0.497,-0.105,2.9573,51.1414,1.5366
221133,,,1207,281.7047,15.2531,,,,,,,,,,,
221500,,,,,,50,50,23,33.1544,29.2329,3.8446,38.7288,-0.9047,2.5348,64.9956,0.8034
221782,,,649,19.7958,15.7706,,,,,,,,,,,
222000,,,,,,50,50,23,33.8145,-11.3896,6.6874,0.4025,-0.5536,3.9002,64.3384,0.8751
222361,,,579,15.3075,15.61,,,,,,,,,,,
222500,,,,,,50,50,6,96.4018,11.968,26.6676,23.0695,-1.4515,3.4749,80.5777,1.4987
222669,,,308,-48.2829,15.866,,,,,,,,,,,
223000,,,,,,50,46,3,121.1328,-7.7938,17.1947,4.158,-1.4506,2.1976,43.4736,1.081
223500,,,,,,50,38,3,174.0879,63.5085,31.7469,73.61,-2.7291,2.8757,56.1677,1.5881
223774,,,1105,284.6533,15.7117,,,,,,,,,,,
224000,,,,,,50,43,4,128.4982,34.0882,37.9533,44.7238,-0.6519,6.5462,62.809,1.1973
224318,,,544,16.1154,15.6996,,,,,,,,,,,
224500,,,,,,50,48,5,113.9922,12.9697,32.2927,22.615,-1.1576,3.4465,50.5829,0.9988
225000,,,,,,50,47,5,111.8,32.4009,10.9351,42.9257,-1.9829,3.9901,76.1255,0.9021
225000,84.6209,636.2,,,,,,,,,,,,,,
225362,,,1044,172.732,15.1226,,,,,,,,,,,
225500,,,,,,50,44,4,129.772,13.5646,40.4815,24.8131,-1.6626,2.645,100.9703,1.5596
226000,,,,,,50,44,4,124.3974,32.3963,45.5188,45.405,-0.9002,3.3948,53.0797,1.0293
226103,,,741,78.9122,15.2401,,,,,,,,,,,
226500,,,,,,50,50,6,90.2555,15.6514,32.0512,27.7285,-1.6706,23.6322,118.2651,1.4305
226552,,,449,2.5782,15.6416,,,,,,,,,,,
226791,,,239,-56.8416,15.6817,,,,,,,,,,,
227000,,,,,,50,41,4,148.2122,33.0941,33.0785,45.7557,0.6728,2.371,49.9806,1.1481
227361,,,570,37.3746,15.7509,,,,,,,,,,,
227500,,,,,,50,39,3,153.9436,34.9793,23.1419,46.6127,-2.0671,4.0083,80.0696,1.0314
227932,,,571,31.451,15.6211,,,,,,,,,,,
228000,,,,,,50,46,5,120.4532,33.2626,33.4904,43.9737,-0.7454,1.7887,45.135,1.4388
228020,,,88,-125.7027,15.31,,,,,,,,,,,
228500,,,,,,50,50,8,82.9292,10.9946,9.4996,21.4116,-1.0289,4.3255,71.9034,0.982
228825,,,805,102.1928,15.7944,,,,,,,,,,,
229000,,,,,,50,50,6,99.836,30.2414,10.2519,41.0359,-1.5803,2.8971,65.915,0.8993
229026,,,201,-150.6887,15.3101,,,,,,,,,,,
229500,,,,,,50,50,9,73.9239,-12.0788,34.0471,1.9944,2.2874,3.1707,52.0038,1.2513
229667,,,641,74.5973,15.3584,,,,,,,,,,,
230000,,,,,,50,50,22,33.9172,-13.2689,3.3065,0.3833,0.9838,6.3681,91.571,1.2179
230000,-9.9589,883.2,,,,,,,,,,,,,,
230010,,,343,-17.9328,13.3675,,,,,,,,,,,
230269,,,259,-50.9798,15.5139,,,,,,,,,,,
230500,,,,,,50,39,3,159.6096,38.5419,26.9678,51.2169,1.3508,2.117,36.7713,1.0297
231000,,,,,,50,50,6,89.6315,-8.289,17.5329,2.9823,-0.6562,2.1278,40.8412,1.1181
231248,,,979,163.443,15.4158,,,,,,,,,,,
231500,,,,,,50,50,21,39.2084,-11.1156,15.8664,0.5159,-0.8071,2.3766,39.238,1.1401
231537,,,289,-35.8224,15.8591,,,,,,,,,,,
231852,,,315,-26.1773,15.265,,,,,,,,,,,
232000,,,,,,50,42,4,145.9892,33.7982,36.4101,45.8501,-1.9657,1.5418,26.582,0.6832
232211,,,359,-27.0887,15.0991,,,,,,,,,,,
232500,,,,,,50,47,4,114.9526,11.7517,14.6591,23.5789,-1.5505,4.1846,117.5583,1.3886
233000,,,,,,50,41,4,142.3738,58.9385,51.0668,71.0447,-1.1791,2.6193,43.1053,0.9659
233271,,,1060,286.5875,15.4399,,,,,,,,,,,
233500,,,,,,50,50,8,79.4463,-10.7874,20.8165,2.3096,-1.4678,2.5645,42.3533,1.8101
233501,,,230,-50.1646,16.261,,,,,,,,,,,
234000,,,,,,50,36,4,181.5428,67.8489,42.5006,77.449,-2.5887,3.2941,59.6312,1.1996
234313,,,812,92.9683,15.2835,,,,,,,,,,,
234500,,,,,,50,48,6,104.1704,9.8588,9.06,23.6035,0.0012,3.8547,68.9662,1.7348
235000,,,,,,50,39,3,145.6507,39.9908,31.4902,52.7184,-1.899,3.5482,92.067,1.5658
235000,19.1694,419.5,,,,,,,,,,,,,,
235237,,,924,145.685,15.1551,,,,,,,,,,,
235500,,,,,,50,49,6,107.2293,8.325,27.5211,22.2278,-1.1227,3.1695,44.1555,1.1138
236000,,,,,,50,47,5,109.4583,7.932,10.1931,22.4882,-1.3198,2.5651,35.183,1.98
236093,,,856,95.2808,16.0326,,,,,,,,,,,
236500,,,,,,50,50,6,77.7265,10.6241,10.5344,23.5583,-1.0056,6.0397,131.68,1.2614
237000,,,,,,50,37,4,171.6866,97.0891,33.9178,110.3139,0.858,4.8846,63.0906,1.6523
237151,,,1058,291.2953,15.6339,,,,,,,,,,,
237215,,,64,-102.1697,15.1652,,,,,,,,,,,
237263,,,48,-112.8026,15.2688,,,,,,,,,,,
237313,,,50,-113.4085,15.292,,,,,,,,,,,
237415,,,102,-127.0726,15.3095,,,,,,,,,,,
237464,,,49,-114.0768,15.6147,,,,,,,,,,,
237500,,,,,,50,48,5,112.3236,9.7362,23.9842,23.3975,-0.8181,3.8586,83.1527,1.4361
238000,,,,,,50,49,6,102.7464,7.6205,16.5107,21.976,-0.6036,3.5244,71.8129,1.5851
238500,,,,,,50,47,5,108.2351,13.5633,12.9536,25.4625,-3.4947,5.3176,117.3353,1.5546
238587,,,1123,285.3295,15.314,,,,,,,,,,,
239000,,,,,,50,50,6,88.5342,-12.0488,14.8663,3.0495,-0.7533,3.5351,47.8344,1.586
239500,,,,,,50,42,3,134.1714,52.3438,22.8597,66.97,-1.4613,16.3173,164.2859,1.8262
239723,,,1136,293.2424,15.5753,,,,,,,,,,,
239797,,,74,-100.1132,15.3914,,,,,,,,,,,
240000,,,,,,50,44,4,128.6917,31.4528,30.397,47.0674,-3.7908,5.3145,81.1582,1.5218
240000,254.3778,1003.0,,,,,,,,,,,,,,
240352,,,555,39.0267,14.0418,,,,,,,,,,,
240500,,,,,,50,47,4,114.1819,80.4414,2661.6052,96.0441,-26.28,3.9728,95.7122,1.0828
240516,,,164,-81.554,15.1771,,,,,,,,,,,
240710,,,194,-62.6542,15.9401,,,,,,,,,,,
240843,,,133,-90.0469,15.9047,,,,,,,,,,,
240968,,,125,-93.4186,15.5789,,,,,,,,,,,
241000,,,,,,50,42,4,135.2209,51.3121,39.2004,65.4834,1.3388,3.8817,70.7718,1.7314
