env_steps,return,length,success,train/return,train/length,train/success,zp_critic_loss,zp_loss,critic_loss,FPS
0,0.0,288.0,0.0,,,,,,,
10000,0.0,288.0,0.0,0.0834,270.2703,0.1081,-1.8288,4.1949,0.0014,117.5928
20000,0.0,288.0,0.0,0.0305,277.7778,0.0556,-2.037,4.9878,0.0002,603.5438
30000,0.0,288.0,0.0,0.0283,277.7778,0.0556,-2.0944,5.2117,0.0002,591.3001
40000,0.0,288.0,0.0,0.0179,285.7143,0.0571,-2.1234,5.2999,0.0001,598.6028
50000,0.0,288.0,0.0,0.0175,285.7143,0.0286,-2.1403,5.342,0.0001,596.2318
60000,0.0,288.0,0.0,0.0269,277.7778,0.0278,-2.1568,5.393,0.0001,592.9493
70000,0.0,288.0,0.0,0.0272,285.7143,0.0286,-2.1736,5.4409,0.0001,592.9432
80000,0.0,288.0,0.0,0.0,285.7143,0.0,-2.1872,5.4809,0.0001,593.3708
90000,0.0,288.0,0.0,0.0,285.7143,0.0,-2.1993,5.5152,0.0001,590.8121
100000,0.0,288.0,0.0,0.0573,270.2703,0.0811,-2.2137,5.5599,0.0001,590.642
110000,0.0,288.0,0.0,0.0702,270.2703,0.1622,-2.224,5.5926,0.0001,590.4897
120000,0.0,288.0,0.0,0.0937,270.2703,0.1622,-2.2346,5.626,0.0001,589.6567
130000,0.0,288.0,0.0,0.0092,285.7143,0.0286,-2.2446,5.6564,0.0001,587.7964
140000,0.0,288.0,0.0,0.0,285.7143,0.0,-2.2532,5.6846,0.0001,585.2398
150000,0.0,288.0,0.0,0.03,277.7778,0.0556,-2.2607,5.7072,0.0001,586.5886
160000,0.0,288.0,0.0,0.0312,277.7778,0.0556,-2.268,5.7304,0.0001,584.9709
170000,0.0,288.0,0.0,0.0134,285.7143,0.0571,-2.2753,5.7559,0.0001,584.6294
180000,0.0,288.0,0.0,0.0562,277.7778,0.0833,-2.2825,5.7787,0.0001,583.736
190000,0.0,288.0,0.0,0.0,285.7143,0.0,-2.2886,5.7993,0.0001,582.5043
200000,0.0,288.0,0.0,0.0672,270.2703,0.1351,-2.2924,5.8068,0.0001,581.5633
210000,0.0,288.0,0.0,0.0308,277.7778,0.0556,-2.2979,5.8253,0.0001,580.7855
220000,0.0,288.0,0.0,0.0188,285.7143,0.0286,-2.3041,5.8468,0.0001,580.001
230000,0.0,288.0,0.0,0.0,285.7143,0.0,-2.309,5.8617,0.0001,579.3985
240000,0.0,288.0,0.0,0.0,294.1176,0.0,-2.313,5.8748,0.0001,577.5052
250000,0.0,288.0,0.0,0.0414,270.2703,0.0541,-2.3166,5.887,0.0001,577.0629
260000,0.0,288.0,0.0,0.0189,285.7143,0.0286,-2.3208,5.8984,0.0001,576.3238
270000,0.0,288.0,0.0,0.0114,285.7143,0.0286,-2.3237,5.905,0.0001,576.1938
280000,0.0,288.0,0.0,0.0,285.7143,0.0,-2.3282,5.921,0.0001,575.6939
290000,0.0,288.0,0.0,0.0088,285.7143,0.0286,-2.3302,5.9251,0.0001,574.5258
300000,0.0,288.0,0.0,0.0161,285.7143,0.0286,-2.3339,5.9366,0.0001,572.4075
310000,0.0,288.0,0.0,0.0,285.7143,0.0,-2.3363,5.9432,0.0001,573.5495
320000,0.0,288.0,0.0,0.035,277.7778,0.0556,-2.3392,5.9533,0.0001,572.0313
330000,0.0,288.0,0.0,0.0,294.1176,0.0,-2.3423,5.9621,0.0001,571.7684
340000,0.0,288.0,0.0,0.0178,277.7778,0.0278,-2.344,5.9647,0.0001,569.9616
350000,0.0,288.0,0.0,0.0426,277.7778,0.0833,-2.3482,5.9799,0.0001,570.1753
360000,0.0,288.0,0.0,0.0257,285.7143,0.0857,-2.3505,5.9883,0.0001,564.5203
370000,0.0,288.0,0.0,0.0503,270.2703,0.0811,-2.354,5.9995,0.0001,568.4568
380000,0.0,288.0,0.0,0.0253,285.7143,0.0571,-2.3549,6.0029,0.0001,568.2637
390000,0.0,288.0,0.0,0.0144,285.7143,0.0571,-2.359,6.0169,0.0001,567.5505
400000,0.0,288.0,0.0,0.0,285.7143,0.0,-2.3601,6.0183,0.0001,567.9296
410000,0.0,288.0,0.0,0.0049,285.7143,0.0286,-2.3621,6.0223,0.0001,565.4374
420000,0.0,288.0,0.0,0.0,294.1176,0.0,-2.3643,6.0317,0.0001,565.2296
430000,0.0,288.0,0.0,0.0217,277.7778,0.0278,-2.3654,6.0328,0.0001,565.4097
440000,0.0,288.0,0.0,0.0055,285.7143,0.0286,-2.3689,6.0487,0.0001,563.6321
450000,0.0,288.0,0.0,0.0071,285.7143,0.0286,-2.3687,6.0431,0.0001,564.1238
460000,0.0,288.0,0.0,0.0264,285.7143,0.0571,-2.3707,6.0495,0.0001,564.9195
470000,0.0,288.0,0.0,0.0146,285.7143,0.0286,-2.3724,6.056,0.0001,563.7309
480000,0.0,288.0,0.0,0.0075,285.7143,0.0286,-2.3744,6.0603,0.0001,563.2167
490000,0.0,288.0,0.0,0.0228,277.7778,0.0278,-2.3764,6.068,0.0001,561.0775
500000,0.0,288.0,0.0,0.0646,270.2703,0.1081,-2.3762,6.0645,0.0001,560.8772
510000,0.0,288.0,0.0,0.0081,285.7143,0.0286,-2.3796,6.0763,0.0001,561.3337
520000,0.0,288.0,0.0,0.0556,277.7778,0.0833,-2.3811,6.082,0.0001,560.409
530000,0.0,288.0,0.0,0.0661,270.2703,0.1081,-2.3819,6.0832,0.0001,561.0958
540000,0.0,288.0,0.0,0.0416,277.7778,0.0833,-2.3825,6.0854,0.0001,559.2402
550000,0.0,288.0,0.0,0.02,277.7778,0.0278,-2.385,6.0945,0.0001,559.4385
560000,0.0,288.0,0.0,0.0229,285.7143,0.0571,-2.3855,6.095,0.0001,558.7722
570000,0.0,288.0,0.0,0.0,285.7143,0.0,-2.3869,6.0985,0.0001,559.1753
580000,0.0,288.0,0.0,0.0,294.1176,0.0,-2.3886,6.1037,0.0001,558.0289
590000,0.0,288.0,0.0,0.0092,285.7143,0.0286,-2.3892,6.1038,0.0001,558.4386
600000,0.0,288.0,0.0,0.0322,277.7778,0.0833,-2.3915,6.1142,0.0001,558.2013
610000,0.0,288.0,0.0,0.0293,277.7778,0.0833,-2.3904,6.109,0.0001,557.3559
620000,0.0,288.0,0.0,0.0087,285.7143,0.0286,-2.3925,6.1171,0.0001,556.849
630000,0.0,288.0,0.0,0.0121,285.7143,0.0286,-2.3942,6.1216,0.0001,557.1645
640000,0.0,288.0,0.0,0.0161,285.7143,0.0286,-2.3946,6.1209,0.0001,558.1892
650000,0.0,288.0,0.0,0.042,277.7778,0.0556,-2.395,6.122,0.0001,556.4794
660000,0.0,288.0,0.0,0.0209,285.7143,0.0286,-2.3965,6.1257,0.0001,555.555
670000,0.0,288.0,0.0,0.0189,277.7778,0.0556,-2.3974,6.1299,0.0001,554.8455
680000,0.0,288.0,0.0,0.0046,285.7143,0.0286,-2.399,6.1341,0.0001,554.3387
690000,0.0,288.0,0.0,0.0121,285.7143,0.0286,-2.3994,6.1352,0.0,554.5546
700000,0.0,288.0,0.0,0.0,294.1176,0.0,-2.3997,6.1346,0.0001,549.017
710000,0.0,288.0,0.0,0.0,285.7143,0.0,-2.4009,6.1402,0.0001,553.5807
720000,0.0,288.0,0.0,0.0208,277.7778,0.0278,-2.4022,6.1451,0.0001,552.6052
730000,0.0,288.0,0.0,0.0,294.1176,0.0,-2.4027,6.1439,0.0001,552.2897
740000,0.0,288.0,0.0,0.0232,277.7778,0.0556,-2.4031,6.1464,0.0,553.4291
750000,0.0,288.0,0.0,0.0,294.1176,0.0,-2.4046,6.1517,0.0001,552.7064
760000,0.0,288.0,0.0,0.0128,277.7778,0.0278,-2.4061,6.156,0.0,552.9071
770000,0.0,288.0,0.0,0.0,294.1176,0.0,-2.4058,6.1539,0.0001,551.2141
780000,0.0,288.0,0.0,0.0354,277.7778,0.0556,-2.4065,6.1573,0.0001,552.6293
790000,0.0,288.0,0.0,0.0069,285.7143,0.0286,-2.408,6.1612,0.0001,551.5347
800000,0.0,288.0,0.0,0.0154,285.7143,0.0286,-2.4069,6.1539,0.0,550.1656
810000,0.0,288.0,0.0,0.0,285.7143,0.0,-2.4078,6.1589,0.0,549.2081
820000,0.0,288.0,0.0,0.0116,285.7143,0.0286,-2.4089,6.1613,0.0,549.3546
830000,0.0,288.0,0.0,0.0,285.7143,0.0,-2.4092,6.1624,0.0,547.3556
840000,0.0,288.0,0.0,0.0239,285.7143,0.0571,-2.4104,6.1679,0.0,548.3402
850000,0.0,288.0,0.0,0.0,285.7143,0.0,-2.4104,6.1668,0.0,546.7265
860000,0.0,288.0,0.0,0.0421,277.7778,0.0833,-2.4115,6.1702,0.0,548.1393
870000,0.0,288.0,0.0,0.0223,285.7143,0.0286,-2.4125,6.1736,0.0001,548.3523
880000,0.0,288.0,0.0,0.0,285.7143,0.0,-2.4125,6.1736,0.0,546.076
890000,0.0,288.0,0.0,0.0143,285.7143,0.0571,-2.4131,6.1757,0.0,545.5782
900000,0.0,288.0,0.0,0.0,285.7143,0.0,-2.4136,6.1754,0.0,545.8152
910000,0.0,288.0,0.0,0.0,285.7143,0.0,-2.4144,6.1794,0.0,546.193
920000,0.0,288.0,0.0,0.0239,285.7143,0.0857,-2.4161,6.1866,0.0,545.6999
930000,0.0,288.0,0.0,0.0185,285.7143,0.0571,-2.4153,6.1805,0.0,545.9827
940000,0.0,288.0,0.0,0.0097,285.7143,0.0286,-2.4158,6.1828,0.0,545.2157
950000,0.0,288.0,0.0,0.0268,277.7778,0.0833,-2.4169,6.1852,0.0,544.6858
960000,0.0,288.0,0.0,0.0061,285.7143,0.0286,-2.4173,6.1863,0.0,543.831
970000,0.0,288.0,0.0,0.0444,277.7778,0.0833,-2.4183,6.1908,0.0,543.4525
980000,0.0,288.0,0.0,0.0,294.1176,0.0,-2.418,6.188,0.0,544.0474
990000,0.0,288.0,0.0,0.0,285.7143,0.0,-2.4192,6.1923,0.0,543.8278
1000000,0.0,288.0,0.0,0.0237,277.7778,0.0278,-2.4195,6.1929,0.0,542.7746
1010000,0.0,288.0,0.0,0.0198,285.7143,0.0286,-2.4195,6.1923,0.0,543.3822
1020000,0.0,288.0,0.0,0.0111,285.7143,0.0286,-2.421,6.1982,0.0,543.4208
1030000,0.0,288.0,0.0,0.0148,285.7143,0.0286,-2.4198,6.1911,0.0,537.9977
1040000,0.0,288.0,0.0,0.0332,277.7778,0.0556,-2.4211,6.1978,0.0,543.9408
1050000,0.0,288.0,0.0,0.0194,285.7143,0.0571,-2.4218,6.1997,0.0,542.569
1060000,0.0,288.0,0.0,0.0407,277.7778,0.0833,-2.4219,6.1992,0.0,541.1145
1070000,0.0,288.0,0.0,0.0126,285.7143,0.0571,-2.4224,6.2018,0.0,541.5313
1080000,0.0,288.0,0.0,0.0234,277.7778,0.0278,-2.4229,6.2022,0.0,541.2526
1090000,0.0,288.0,0.0,0.0349,277.7778,0.0833,-2.4233,6.203,0.0,541.0739
1100000,0.0,288.0,0.0,0.049,277.7778,0.0833,-2.4229,6.2018,0.0,541.9395
1110000,0.0,288.0,0.0,0.0212,285.7143,0.0286,-2.4239,6.206,0.0,540.1722
1120000,0.0,288.0,0.0,0.0296,277.7778,0.0556,-2.4245,6.2073,0.0,538.4823
1130000,0.0,288.0,0.0,0.0528,270.2703,0.1081,-2.4236,6.2026,0.0,540.31
1140000,0.0,288.0,0.0,0.0204,285.7143,0.0286,-2.4245,6.207,0.0,541.5498
1150000,0.0,288.0,0.0,0.0423,277.7778,0.0833,-2.4247,6.2043,0.0,540.5433
1160000,0.0,288.0,0.0,0.05,277.7778,0.0833,-2.4253,6.2086,0.0,539.5203
1170000,0.0,288.0,0.0,0.01,285.7143,0.0286,-2.4255,6.209,0.0,539.8737
1180000,0.0,288.0,0.0,0.0107,277.7778,0.0278,-2.4258,6.2089,0.0,539.9097
1190000,0.0,288.0,0.0,0.0229,285.7143,0.0286,-2.4248,6.2033,0.0,538.803
1200000,0.0,288.0,0.0,0.0221,277.7778,0.0278,-2.4267,6.212,0.0,539.1486
1210000,0.0,288.0,0.0,0.0,294.1176,0.0,-2.4263,6.2097,0.0,538.1114
1220000,0.0,288.0,0.0,0.0038,285.7143,0.0286,-2.4262,6.2075,0.0,538.8741
1230000,0.0,288.0,0.0,0.0322,277.7778,0.0556,-2.4273,6.2119,0.0,538.724
1240000,0.0,288.0,0.0,0.0131,285.7143,0.0571,-2.4273,6.2117,0.0,538.6742
1250000,0.0,288.0,0.0,0.0271,277.7778,0.0278,-2.4273,6.211,0.0,537.7915
1260000,0.0,288.0,0.0,0.0099,285.7143,0.0286,-2.4281,6.214,0.0001,537.7938
1270000,0.0,288.0,0.0,0.0061,294.1176,0.0294,-2.4284,6.2155,0.0,538.0257
1280000,0.0,288.0,0.0,0.0453,270.2703,0.0811,-2.4291,6.2181,0.0,536.7682
1290000,0.0,288.0,0.0,0.0,294.1176,0.0,-2.4288,6.2156,0.0,537.0402
1300000,0.0,288.0,0.0,0.0329,277.7778,0.0556,-2.4299,6.2219,0.0,537.5243
1310000,0.0,288.0,0.0,0.0185,285.7143,0.0286,-2.4289,6.2149,0.0,537.7998
1320000,0.0,288.0,0.0,0.0,285.7143,0.0,-2.4303,6.2213,0.0,536.0488
1330000,0.0,288.0,0.0,0.0,285.7143,0.0,-2.4307,6.2218,0.0,536.8637
1340000,0.0,288.0,0.0,0.0091,285.7143,0.0286,-2.4295,6.2162,0.0,535.3408
1350000,0.0,288.0,0.0,0.0096,285.7143,0.0286,-2.4308,6.2214,0.0,535.2492
1360000,0.0,288.0,0.0,0.0419,277.7778,0.0833,-2.4309,6.2207,0.0,530.6978
1370000,0.0,288.0,0.0,0.0336,277.7778,0.0833,-2.4313,6.2218,0.0,535.1067
1380000,0.0,288.0,0.0,0.0071,285.7143,0.0286,-2.4316,6.2234,0.0,533.7354
1390000,0.0,288.0,0.0,0.04,277.7778,0.0833,-2.4313,6.221,0.0001,532.6048
1400000,0.0,288.0,0.0,0.0207,285.7143,0.0571,-2.4321,6.2246,0.0,532.583
1410000,0.0,288.0,0.0,0.0183,285.7143,0.0286,-2.4323,6.2252,0.0,534.1029
1420000,0.0,288.0,0.0,0.0248,277.7778,0.0278,-2.4326,6.2274,0.0,534.9462
1430000,0.0,288.0,0.0,0.0,294.1176,0.0,-2.4329,6.2269,0.0,533.0724
1440000,0.0,288.0,0.0,0.0105,277.7778,0.0278,-2.4329,6.2269,0.0,532.5344
1450000,0.0,288.0,0.0,0.0152,285.7143,0.0286,-2.4338,6.2303,0.0,531.9401
1460000,0.0,288.0,0.0,0.014,285.7143,0.0286,-2.4327,6.2247,0.0,531.2995
1470000,0.0,288.0,0.0,0.0317,285.7143,0.0857,-2.4338,6.2285,0.0,530.6178
1480000,0.0,288.0,0.0,0.0,285.7143,0.0,-2.4337,6.228,0.0,530.3649
1490000,0.0,288.0,0.0,0.0314,277.7778,0.0556,-2.4344,6.2327,0.0,529.3046
1500000,0.0,288.0,0.0,0.0,285.7143,0.0,-2.4343,6.2308,0.0,530.6982
1510000,0.0,288.0,0.0,0.0,294.1176,0.0,-2.4342,6.2294,0.0,529.5941
1520000,0.0,288.0,0.0,0.015,277.7778,0.0278,-2.4347,6.232,0.0,530.0125
1530000,0.0,288.0,0.0,0.0218,285.7143,0.0286,-2.4353,6.2339,0.0,529.0601
1540000,0.0,288.0,0.0,0.0267,277.7778,0.0556,-2.4365,6.2405,0.0,527.6556
1550000,0.0,288.0,0.0,0.0138,285.7143,0.0286,-2.4358,6.2352,0.0,529.0161
1560000,0.0,288.0,0.0,0.0,285.7143,0.0,-2.4361,6.2369,0.0,528.9856
1570000,0.0,288.0,0.0,0.0,294.1176,0.0,-2.4367,6.2381,0.0,527.0843
1580000,0.0,288.0,0.0,0.0086,285.7143,0.0286,-2.4369,6.2403,0.0,527.078
1590000,0.0,288.0,0.0,0.0,285.7143,0.0,-2.4371,6.2403,0.0,526.1201
1600000,0.0,288.0,0.0,0.0087,285.7143,0.0286,-2.4367,6.2382,0.0,525.7869
1610000,0.0,288.0,0.0,0.0121,285.7143,0.0286,-2.4367,6.2371,0.0,525.3227
1620000,0.0,288.0,0.0,0.0053,285.7143,0.0286,-2.4385,6.2455,0.0,526.6899
1630000,0.0,288.0,0.0,0.0141,285.7143,0.0571,-2.4371,6.2383,0.0,525.9114
1640000,0.0,288.0,0.0,0.0297,277.7778,0.0556,-2.4373,6.2397,0.0,525.7054
1650000,0.0,288.0,0.0,0.0075,294.1176,0.0294,-2.438,6.2423,0.0,525.0612
1660000,0.0,288.0,0.0,0.0228,277.7778,0.0278,-2.4377,6.2405,0.0,523.1278
1670000,0.0,288.0,0.0,0.0,285.7143,0.0,-2.4384,6.2431,0.0,523.3105
1680000,0.0,288.0,0.0,0.0,294.1176,0.0,-2.4386,6.243,0.0,525.0462
1690000,0.0,288.0,0.0,0.0,285.7143,0.0,-2.4393,6.248,0.0,525.1428
1700000,0.0,288.0,0.0,0.0,285.7143,0.0,-2.4376,6.2383,0.0,518.2936
1710000,0.0,288.0,0.0,0.0069,285.7143,0.0286,-2.4389,6.2436,0.0,523.837
1720000,0.0,288.0,0.0,0.0,294.1176,0.0,-2.4382,6.24,0.0,527.0551
1730000,0.0,288.0,0.0,0.0257,277.7778,0.0278,-2.4393,6.2452,0.0,523.0794
1740000,0.0,288.0,0.0,0.0059,285.7143,0.0286,-2.4392,6.2441,0.0,524.4547
1750000,0.0,288.0,0.0,0.0067,285.7143,0.0286,-2.4399,6.2468,0.0,523.3171
1760000,0.0,288.0,0.0,0.0,294.1176,0.0,-2.4403,6.2485,0.0,523.4978
1770000,0.0,288.0,0.0,0.0,285.7143,0.0,-2.4392,6.2424,0.0,524.6388
1780000,0.0,288.0,0.0,0.0,285.7143,0.0,-2.4405,6.2483,0.0,522.1891
1790000,0.0,288.0,0.0,0.0216,285.7143,0.0571,-2.4399,6.2457,0.0,522.4099
1800000,0.0,288.0,0.0,0.0,285.7143,0.0,-2.4406,6.2489,0.0,522.1042
1810000,0.0,288.0,0.0,0.0347,277.7778,0.0833,-2.441,6.2497,0.0,523.5042
1820000,0.0,288.0,0.0,0.0277,285.7143,0.0571,-2.4405,6.2472,0.0,521.985
1830000,0.0,288.0,0.0,0.0173,277.7778,0.0278,-2.4413,6.2507,0.0,520.3604
1840000,0.0,288.0,0.0,0.0,294.1176,0.0,-2.4411,6.2495,0.0,522.4358
1850000,0.0,288.0,0.0,0.0,285.7143,0.0,-2.4415,6.2507,0.0,520.473
1860000,0.0,288.0,0.0,0.0031,285.7143,0.0286,-2.4404,6.2454,0.0,521.0979
1870000,0.0,288.0,0.0,0.0347,277.7778,0.0556,-2.4417,6.2507,0.0,520.2372
1880000,0.0,288.0,0.0,0.0,294.1176,0.0,-2.4415,6.2502,0.0,519.7008
1890000,0.0,288.0,0.0,0.0,285.7143,0.0,-2.4416,6.2503,0.0,519.1945
1900000,0.0,288.0,0.0,0.0,285.7143,0.0,-2.4416,6.2499,0.0,522.5102
1910000,0.0,288.0,0.0,0.0455,277.7778,0.0556,-2.4427,6.2552,0.0,519.7876
1920000,0.0,288.0,0.0,0.0204,285.7143,0.0571,-2.4416,6.2487,0.0,519.765
1930000,0.0,288.0,0.0,0.0,285.7143,0.0,-2.4423,6.2517,0.0,518.762
1940000,0.0,288.0,0.0,0.0,285.7143,0.0,-2.4426,6.2542,0.0,519.4766
1950000,0.0,288.0,0.0,0.0313,277.7778,0.0556,-2.4424,6.2514,0.0,520.6698
1960000,0.0,288.0,0.0,0.0166,285.7143,0.0571,-2.4424,6.2517,0.0,519.1598
1970000,0.0,288.0,0.0,0.0274,285.7143,0.0571,-2.4429,6.2549,0.0,519.8695
1980000,0.0,288.0,0.0,0.0039,285.7143,0.0286,-2.4413,6.2466,0.0,519.8025
1990000,0.0,288.0,0.0,0.0273,277.7778,0.0556,-2.4427,6.2523,0.0,519.3652
2000000,0.0,288.0,0.0,0.0349,277.7778,0.0833,-2.4432,6.2543,0.0,518.4698
2010000,0.2072,231.3,0.3,0.0441,277.7778,0.0833,-2.443,6.2518,0.0,518.4376
2020000,0.0,288.0,0.0,0.0138,285.7143,0.0286,-2.4434,6.254,0.0,517.7365
2030000,0.0,288.0,0.0,0.0104,285.7143,0.0571,-2.4432,6.2541,0.0,512.9641
2040000,0.0,288.0,0.0,0.005,285.7143,0.0286,-2.4428,6.2513,0.0,517.8227
2050000,0.0,288.0,0.0,0.0098,285.7143,0.0286,-2.4446,6.2606,0.0,518.1695
2060000,0.0,288.0,0.0,0.0,294.1176,0.0,-2.4429,6.2509,0.0,515.9022
2070000,0.0,288.0,0.0,0.0,285.7143,0.0,-2.444,6.2575,0.0,516.5492
2080000,0.0,288.0,0.0,0.0,285.7143,0.0,-2.4436,6.2563,0.0,517.926
2090000,0.0,288.0,0.0,0.0136,285.7143,0.0286,-2.4435,6.2544,0.0,516.5356
2100000,0.0,288.0,0.0,0.0084,285.7143,0.0286,-2.444,6.2573,0.0,516.5984
2110000,0.0,288.0,0.0,0.0076,285.7143,0.0286,-2.4442,6.2574,0.0,515.9712
2120000,0.0,288.0,0.0,0.0,294.1176,0.0,-2.4445,6.2593,0.0,516.0524
2130000,0.0,288.0,0.0,0.0,285.7143,0.0,-2.4446,6.2593,0.0,515.7327
2140000,0.0,288.0,0.0,0.0213,277.7778,0.0278,-2.4441,6.2562,0.0,515.7642
2150000,0.0,288.0,0.0,0.0249,285.7143,0.0286,-2.4443,6.256,0.0,515.502
2160000,0.0,288.0,0.0,0.007,285.7143,0.0286,-2.4445,6.2572,0.0,515.4486
2170000,0.0,288.0,0.0,0.0391,277.7778,0.0833,-2.4442,6.2555,0.0,514.8885
2180000,0.0,288.0,0.0,0.0209,285.7143,0.0286,-2.4449,6.2597,0.0,515.3542
2190000,0.0,288.0,0.0,0.0,285.7143,0.0,-2.446,6.2643,0.0,515.0647
2200000,0.0,288.0,0.0,0.0,285.7143,0.0,-2.4442,6.2549,0.0,514.0751
2210000,0.0,288.0,0.0,0.0,285.7143,0.0,-2.4455,6.2608,0.0,514.3182
2220000,0.0,288.0,0.0,0.0133,285.7143,0.0286,-2.4449,6.2579,0.0,514.0015
2230000,0.0,288.0,0.0,0.0112,285.7143,0.0286,-2.4453,6.2586,0.0,514.7401
2240000,0.0,288.0,0.0,0.0225,285.7143,0.0286,-2.446,6.2629,0.0,515.2194
2250000,0.0,288.0,0.0,0.0101,285.7143,0.0286,-2.445,6.2575,0.0,513.9371
2260000,0.0,288.0,0.0,0.0197,277.7778,0.0556,-2.4464,6.2641,0.0,513.411
2270000,0.0,288.0,0.0,0.0246,285.7143,0.0286,-2.4457,6.2614,0.0,513.4729
2280000,0.0,288.0,0.0,0.021,277.7778,0.0278,-2.4462,6.2644,0.0,513.8286
2290000,0.0,288.0,0.0,0.0246,285.7143,0.0286,-2.4468,6.2657,0.0,513.2823
2300000,0.0,288.0,0.0,0.018,285.7143,0.0286,-2.4457,6.2595,0.0,514.1067
2310000,0.0,288.0,0.0,0.0,285.7143,0.0,-2.4458,6.2604,0.0,513.2662
2320000,0.0,288.0,0.0,0.019,277.7778,0.0278,-2.4471,6.2658,0.0,512.6583
2330000,0.0,288.0,0.0,0.0109,285.7143,0.0286,-2.4464,6.2631,0.0,511.7093
2340000,0.0,288.0,0.0,0.0,294.1176,0.0,-2.446,6.2609,0.0,512.6544
2350000,0.0,288.0,0.0,0.0,285.7143,0.0,-2.4466,6.2635,0.0,510.8287
2360000,0.0,288.0,0.0,0.0071,285.7143,0.0286,-2.4473,6.2662,0.0,509.3119
2370000,0.0,288.0,0.0,0.0262,285.7143,0.1143,-2.447,6.2651,0.0,511.4731
2380000,0.0,288.0,0.0,0.0256,277.7778,0.0278,-2.4464,6.2616,0.0,511.4683
2390000,0.0,288.0,0.0,0.0246,285.7143,0.0571,-2.4472,6.2658,0.0,512.7997
2400000,0.0,288.0,0.0,0.0,285.7143,0.0,-2.447,6.264,0.0,511.339
2410000,0.0,288.0,0.0,0.0,285.7143,0.0,-2.4473,6.2657,0.0,510.9561
2420000,0.0,288.0,0.0,0.0,294.1176,0.0,-2.4478,6.2675,0.0,511.3663
2430000,0.0,288.0,0.0,0.0309,277.7778,0.0556,-2.4476,6.2661,0.0,510.6427
2440000,0.0,288.0,0.0,0.0,285.7143,0.0,-2.4475,6.2664,0.0,509.6485
2450000,0.0,288.0,0.0,0.027,277.7778,0.0556,-2.4477,6.2659,0.0,509.735
2460000,0.0,288.0,0.0,0.028,285.7143,0.0571,-2.4475,6.2655,0.0,510.76
2470000,0.0,288.0,0.0,0.0,285.7143,0.0,-2.4476,6.2658,0.0,511.2539
2480000,0.0,288.0,0.0,0.0,285.7143,0.0,-2.4478,6.2656,0.0,507.5966
2490000,0.0,288.0,0.0,0.0238,285.7143,0.0571,-2.4473,6.264,0.0,508.6484
2500000,0.0,288.0,0.0,0.0124,285.7143,0.0286,-2.4478,6.2664,0.0,508.4424
2510000,0.0,288.0,0.0,0.026,277.7778,0.0556,-2.4481,6.2679,0.0,509.7469
2520000,0.0,288.0,0.0,0.0246,285.7143,0.0571,-2.4469,6.2614,0.0,509.8389
2530000,0.0,288.0,0.0,0.0057,285.7143,0.0286,-2.4481,6.2672,0.0,510.0378
2540000,0.0,288.0,0.0,0.0,285.7143,0.0,-2.4482,6.2678,0.0,507.6908
2550000,0.0,288.0,0.0,0.0,294.1176,0.0,-2.4478,6.2653,0.0,509.1322
2560000,0.0,288.0,0.0,0.0226,277.7778,0.0556,-2.4477,6.2657,0.0,508.54
2570000,0.0,288.0,0.0,0.0085,285.7143,0.0286,-2.4477,6.2651,0.0,508.0078
2580000,0.0,288.0,0.0,0.0,294.1176,0.0,-2.4481,6.2666,0.0,508.4147
2590000,0.0,288.0,0.0,0.0,285.7143,0.0,-2.4473,6.2625,0.0,509.4774
2600000,0.0,288.0,0.0,0.0,285.7143,0.0,-2.4486,6.2683,0.0,509.219
2610000,0.0,288.0,0.0,0.0186,285.7143,0.0286,-2.4478,6.2644,0.0,507.7854
2620000,0.0,288.0,0.0,0.0249,277.7778,0.0556,-2.448,6.2649,0.0,507.1319
2630000,0.0,288.0,0.0,0.0046,294.1176,0.0294,-2.447,6.2598,0.0,507.2978
2640000,0.0,288.0,0.0,0.0103,285.7143,0.0286,-2.4487,6.2691,0.0,507.1738
2650000,0.0,288.0,0.0,0.0144,277.7778,0.0278,-2.4471,6.2603,0.0,507.1529
2660000,0.0,288.0,0.0,0.0106,285.7143,0.0286,-2.4482,6.2668,0.0,505.7828
2670000,0.0,288.0,0.0,0.0,294.1176,0.0,-2.4478,6.2645,0.0,505.9609
2680000,0.0,288.0,0.0,0.0,285.7143,0.0,-2.4483,6.2657,0.0,503.6854
2690000,0.0,288.0,0.0,0.0516,270.2703,0.0811,-2.4487,6.2679,0.0,505.5339
2700000,0.0,288.0,0.0,0.0038,294.1176,0.0294,-2.4486,6.268,0.0,498.6511
2710000,0.0,288.0,0.0,0.0,285.7143,0.0,-2.4486,6.2686,0.0,506.1764
2720000,0.0,288.0,0.0,0.009,285.7143,0.0286,-2.4484,6.2662,0.0,503.3321
2730000,0.0,288.0,0.0,0.023,277.7778,0.0278,-2.4482,6.2649,0.0,502.7786
2740000,0.0,288.0,0.0,0.0114,285.7143,0.0571,-2.4484,6.2659,0.0,503.2413
2750000,0.0,288.0,0.0,0.0,294.1176,0.0,-2.4483,6.2658,0.0,503.6853
2760000,0.0,288.0,0.0,0.0,285.7143,0.0,-2.449,6.2685,0.0,504.1272
2770000,0.0,288.0,0.0,0.0227,277.7778,0.0278,-2.448,6.2634,0.0,502.4144
2780000,0.0,288.0,0.0,0.0607,277.7778,0.1111,-2.4489,6.2673,0.0,502.5425
2790000,0.0,288.0,0.0,0.0076,285.7143,0.0286,-2.4484,6.2647,0.0,500.672
2800000,0.0,288.0,0.0,0.0037,285.7143,0.0286,-2.449,6.2679,0.0,498.9486
2810000,0.0,288.0,0.0,0.036,277.7778,0.0556,-2.4491,6.2677,0.0,500.3857
2820000,0.0,288.0,0.0,0.0468,277.7778,0.0833,-2.4486,6.2655,0.0,502.6823
2830000,0.0,288.0,0.0,0.0145,285.7143,0.0286,-2.4492,6.2671,0.0,499.455
2840000,0.0,288.0,0.0,0.0,285.7143,0.0,-2.449,6.2664,0.0,498.7955
2850000,0.0,288.0,0.0,0.0177,285.7143,0.0286,-2.4491,6.267,0.0,499.0064
2860000,0.0,288.0,0.0,0.0402,277.7778,0.0833,-2.4487,6.265,0.0,499.5932
2870000,0.0,288.0,0.0,0.0,285.7143,0.0,-2.4491,6.2672,0.0,498.438
2880000,0.0,288.0,0.0,0.0,285.7143,0.0,-2.4489,6.266,0.0,499.1249
2890000,0.0,288.0,0.0,0.0,294.1176,0.0,-2.449,6.2672,0.0,497.5059
2900000,0.0,288.0,0.0,0.0157,277.7778,0.0278,-2.4491,6.2675,0.0,496.6202
2910000,0.0,288.0,0.0,0.0,294.1176,0.0,-2.4495,6.2692,0.0,496.4666
2920000,0.0,288.0,0.0,0.0125,277.7778,0.0278,-2.45,6.271,0.0,496.2642
2930000,0.0,288.0,0.0,0.0106,285.7143,0.0286,-2.4497,6.2688,0.0,495.6896
2940000,0.0,288.0,0.0,0.0174,285.7143,0.0286,-2.45,6.2713,0.0,496.419
2950000,0.0,288.0,0.0,0.0348,277.7778,0.0833,-2.4502,6.2721,0.0,494.6419
2960000,0.0,288.0,0.0,0.0077,285.7143,0.0286,-2.45,6.2705,0.0,495.1989
2970000,0.0,288.0,0.0,0.0055,294.1176,0.0294,-2.4495,6.267,0.0,495.9592
2980000,0.0,288.0,0.0,0.0201,277.7778,0.0278,-2.4501,6.2705,0.0,495.4348
2990000,0.0,288.0,0.0,0.0202,285.7143,0.0571,-2.4494,6.2669,0.0,495.2792
3000000,0.0,288.0,0.0,0.0051,285.7143,0.0286,-2.4497,6.269,0.0,494.3592
3010000,0.0,288.0,0.0,0.0107,285.7143,0.0286,-2.4498,6.2696,0.0,494.0796
3020000,0.0,288.0,0.0,0.0179,285.7143,0.0286,-2.4497,6.2692,0.0,494.0566
3030000,0.0,288.0,0.0,0.0,285.7143,0.0,-2.4501,6.271,0.0,488.2376
3040000,0.0,288.0,0.0,0.019,285.7143,0.0286,-2.4494,6.2664,0.0,493.0538
3050000,0.0,288.0,0.0,0.0172,285.7143,0.0571,-2.4495,6.2664,0.0,492.8934
3060000,0.0,288.0,0.0,0.0,285.7143,0.0,-2.4501,6.2694,0.0,493.7586
3070000,0.0,288.0,0.0,0.0167,285.7143,0.0286,-2.4503,6.2706,0.0,490.7657
3080000,0.0,288.0,0.0,0.0,285.7143,0.0,-2.4491,6.265,0.0,490.9395
3090000,0.0,288.0,0.0,0.0,285.7143,0.0,-2.4492,6.2646,0.0,491.9336
3100000,0.0,288.0,0.0,0.0256,285.7143,0.0571,-2.4503,6.2699,0.0,490.8928
3110000,0.0,288.0,0.0,0.0087,285.7143,0.0571,-2.4501,6.2688,0.0,491.1163
3120000,0.0,288.0,0.0,0.0283,277.7778,0.0556,-2.45,6.2671,0.0,490.551
3130000,0.0,288.0,0.0,0.0,285.7143,0.0,-2.45,6.2677,0.0,490.4424
3140000,0.0,288.0,0.0,0.0,294.1176,0.0,-2.4493,6.2647,0.0,489.504
3150000,0.0,288.0,0.0,0.052,270.2703,0.0811,-2.4504,6.2687,0.0,490.6351
3160000,0.0,288.0,0.0,0.0151,285.7143,0.0286,-2.4495,6.265,0.0,488.361
3170000,0.0,288.0,0.0,0.0044,285.7143,0.0286,-2.4508,6.2718,0.0,488.3664
3180000,0.0,288.0,0.0,0.011,285.7143,0.0286,-2.4506,6.2708,0.0,490.389
3190000,0.0,288.0,0.0,0.0,285.7143,0.0,-2.4497,6.2665,0.0,489.6937
3200000,0.0,288.0,0.0,0.0154,285.7143,0.0286,-2.4498,6.2669,0.0,487.6752
3210000,0.0,288.0,0.0,0.0051,285.7143,0.0286,-2.4508,6.272,0.0,488.8835
3220000,0.0,288.0,0.0,0.0178,285.7143,0.0286,-2.4508,6.2724,0.0,489.643
3230000,0.0,288.0,0.0,0.0133,285.7143,0.0286,-2.4497,6.2657,0.0,488.1254
3240000,0.0,288.0,0.0,0.0222,285.7143,0.0286,-2.4503,6.2694,0.0,487.7888
3250000,0.0,288.0,0.0,0.036,277.7778,0.0556,-2.4498,6.2662,0.0,487.6082
3260000,0.0,288.0,0.0,0.0,285.7143,0.0,-2.4505,6.2704,0.0,486.4504
3270000,0.0,288.0,0.0,0.0125,285.7143,0.0286,-2.4501,6.2682,0.0,486.9028
3280000,0.0,288.0,0.0,0.0405,277.7778,0.1111,-2.4499,6.2669,0.0,486.4234
3290000,0.0,288.0,0.0,0.0087,285.7143,0.0286,-2.4508,6.2712,0.0,486.5415
3300000,0.0,288.0,0.0,0.0,285.7143,0.0,-2.45,6.2676,0.0,487.0704
3310000,0.0,288.0,0.0,0.0152,285.7143,0.0571,-2.4506,6.2696,0.0,486.7284
3320000,0.0,288.0,0.0,0.0338,277.7778,0.0556,-2.45,6.2664,0.0,485.6985
3330000,0.0,288.0,0.0,0.0158,285.7143,0.0286,-2.4504,6.2689,0.0,486.257
3340000,0.0,288.0,0.0,0.0186,285.7143,0.0286,-2.4511,6.2727,0.0,485.1641
3350000,0.0,288.0,0.0,0.0,285.7143,0.0,-2.4503,6.268,0.0,485.2305
3360000,0.0,288.0,0.0,0.0,285.7143,0.0,-2.4502,6.2681,0.0,484.7277
3370000,0.0,288.0,0.0,0.0549,277.7778,0.0833,-2.4504,6.2694,0.0,480.6621
3380000,0.0,288.0,0.0,0.0041,285.7143,0.0286,-2.4503,6.2683,0.0,483.8555
3390000,0.0,288.0,0.0,0.0,285.7143,0.0,-2.4506,6.2701,0.0,482.0097
3400000,0.0,288.0,0.0,0.007,285.7143,0.0286,-2.4507,6.2697,0.0,484.5846
3410000,0.0,288.0,0.0,0.0233,285.7143,0.0286,-2.4504,6.2689,0.0,484.1562
3420000,0.0,288.0,0.0,0.0046,285.7143,0.0286,-2.4506,6.2694,0.0,485.1134
3430000,0.0,288.0,0.0,0.0372,277.7778,0.0833,-2.4505,6.2684,0.0,484.1631
3440000,0.0,288.0,0.0,0.0063,285.7143,0.0286,-2.4499,6.2661,0.0,484.1831
3450000,0.0,288.0,0.0,0.0158,285.7143,0.0286,-2.4503,6.2685,0.0,482.247
3460000,0.0,288.0,0.0,0.0423,277.7778,0.0556,-2.4499,6.2648,0.0,481.737
3470000,0.0,288.0,0.0,0.0375,277.7778,0.0833,-2.4502,6.267,0.0,483.4822
3480000,0.0,288.0,0.0,0.0,285.7143,0.0,-2.4509,6.2697,0.0,482.8419
3490000,0.0,288.0,0.0,0.0,294.1176,0.0,-2.451,6.271,0.0,480.7165
3500000,0.0,288.0,0.0,0.0,285.7143,0.0,-2.4503,6.2672,0.0,481.391
3510000,0.0,288.0,0.0,0.0,285.7143,0.0,-2.4508,6.2693,0.0,480.6893
3520000,0.0,288.0,0.0,0.0196,285.7143,0.0286,-2.4516,6.274,0.0,480.2991
3530000,0.0,288.0,0.0,0.0,285.7143,0.0,-2.4511,6.271,0.0,479.7089
3540000,0.0,288.0,0.0,0.0,285.7143,0.0,-2.4504,6.267,0.0,480.6135
3550000,0.0,288.0,0.0,0.0099,285.7143,0.0286,-2.4499,6.2655,0.0,481.0861
3560000,0.0,288.0,0.0,0.053,277.7778,0.0833,-2.45,6.2651,0.0,479.9648
3570000,0.0,288.0,0.0,0.0273,277.7778,0.0556,-2.4507,6.2689,0.0,479.2014
3580000,0.0,288.0,0.0,0.0029,285.7143,0.0286,-2.4504,6.2677,0.0,477.6207
3590000,0.0,288.0,0.0,0.0,294.1176,0.0,-2.4506,6.2682,0.0,479.3597
3600000,0.0,288.0,0.0,0.0,285.7143,0.0,-2.4506,6.2675,0.0,480.6499
3610000,0.0,288.0,0.0,0.0,285.7143,0.0,-2.4505,6.2674,0.0,478.3218
3620000,0.0,288.0,0.0,0.0,294.1176,0.0,-2.4508,6.2691,0.0,478.3293
3630000,0.0,288.0,0.0,0.0,285.7143,0.0,-2.4503,6.2662,0.0,478.3614
3640000,0.0,288.0,0.0,0.0214,277.7778,0.0556,-2.4503,6.2665,0.0,477.5046
3650000,0.0,288.0,0.0,0.016,285.7143,0.0286,-2.4507,6.2688,0.0,478.3225
3660000,0.0,288.0,0.0,0.0103,285.7143,0.0286,-2.4508,6.2684,0.0,478.5551
3670000,0.0,288.0,0.0,0.0,294.1176,0.0,-2.4508,6.2675,0.0,476.4653
3680000,0.0,288.0,0.0,0.0,285.7143,0.0,-2.4508,6.2689,0.0,475.7188
3690000,0.0,288.0,0.0,0.0246,277.7778,0.0556,-2.4507,6.2681,0.0,474.613
3700000,0.0,288.0,0.0,0.0406,277.7778,0.0556,-2.4503,6.2664,0.0,474.5828
3710000,0.0,288.0,0.0,0.0084,285.7143,0.0286,-2.4506,6.2675,0.0,471.9433
3720000,0.0,288.0,0.0,0.026,285.7143,0.0571,-2.4509,6.269,0.0,476.6334
3730000,0.0,288.0,0.0,0.0,285.7143,0.0,-2.4496,6.2627,0.0,475.3849
3740000,0.0,288.0,0.0,0.0303,277.7778,0.0556,-2.4505,6.2664,0.0,473.2224
3750000,0.0,288.0,0.0,0.0,294.1176,0.0,-2.4507,6.2683,0.0,474.2608
3760000,0.0,288.0,0.0,0.0,285.7143,0.0,-2.4501,6.2653,0.0,474.9553
3770000,0.0,288.0,0.0,0.0,285.7143,0.0,-2.4504,6.2657,0.0,473.2667
3780000,0.0,288.0,0.0,0.0175,285.7143,0.0571,-2.4508,6.2681,0.0,474.6202
3790000,0.0,288.0,0.0,0.0,285.7143,0.0,-2.4504,6.2667,0.0,472.9491
3800000,0.0,288.0,0.0,0.0,285.7143,0.0,-2.451,6.2691,0.0,471.5633
3810000,0.0,288.0,0.0,0.0528,277.7778,0.1389,-2.4507,6.2676,0.0,472.9264
3820000,0.0,288.0,0.0,0.0152,285.7143,0.0286,-2.4511,6.269,0.0,472.6508
3830000,0.0,288.0,0.0,0.0,285.7143,0.0,-2.4501,6.2635,0.0,472.0814
3840000,0.0,288.0,0.0,0.0135,285.7143,0.0286,-2.4513,6.2693,0.0,472.6437
3850000,0.0,288.0,0.0,0.0,285.7143,0.0,-2.4509,6.268,0.0,472.2987
3860000,0.0,288.0,0.0,0.0,294.1176,0.0,-2.4512,6.2696,0.0,470.8527
3870000,0.0,288.0,0.0,0.0,285.7143,0.0,-2.4509,6.2679,0.0,471.9476
3880000,0.0,288.0,0.0,0.0,285.7143,0.0,-2.4506,6.2657,0.0,470.9205
3890000,0.0,288.0,0.0,0.0204,285.7143,0.0286,-2.4507,6.266,0.0,469.836
3900000,0.0,288.0,0.0,0.0,285.7143,0.0,-2.4513,6.269,0.0,471.7062
3910000,0.0,288.0,0.0,0.0051,285.7143,0.0286,-2.4507,6.2656,0.0,470.5254
3920000,0.0,288.0,0.0,0.0036,294.1176,0.0294,-2.4509,6.2667,0.0,471.5915
3930000,0.0,288.0,0.0,0.0081,285.7143,0.0286,-2.4513,6.269,0.0,468.8777
3940000,0.0,288.0,0.0,0.0139,277.7778,0.0278,-2.4505,6.2643,0.0,471.098
3950000,0.0,288.0,0.0,0.0,294.1176,0.0,-2.4511,6.2676,0.0,469.0864
3960000,0.0,288.0,0.0,0.0,285.7143,0.0,-2.4508,6.2657,0.0,471.3141
3970000,0.0,288.0,0.0,0.0,285.7143,0.0,-2.451,6.267,0.0,469.4704
3980000,0.0,288.0,0.0,0.0,294.1176,0.0,-2.4506,6.2646,0.0,468.7014
3990000,0.0,288.0,0.0,0.0233,277.7778,0.0556,-2.4512,6.2686,0.0,469.4604
4000000,0.0,288.0,0.0,0.0,285.7143,0.0,-2.4499,6.2605,0.0,468.7312
