env_steps,return,length,rkl,alm_loss,model_grad_norm,aux_loss,critic_loss,critic_grad_norm,actor_grad_norm,train/length,train/return,FPS
0,-42.6965,1000.0,,,,,,,,,,
500,,,230.748,460.8979,1352.3217,230.748,0.2576,0.8985,0.0007,,,
1000,,,228.123,456.8377,3946.2922,228.123,0.2679,1.7718,0.0802,,,
1000,,,,,,,,,,1000,-310.8584,66.1609
1500,,,279.0809,559.3967,1958.9015,279.0809,0.3361,2.8892,0.0791,,,
2000,,,367.8233,737.1356,2073.0413,367.8233,0.3662,3.9076,0.0785,,,
2000,,,,,,,,,,1000,-340.9496,93.5539
2500,,,424.7194,850.9681,3073.3508,424.7194,0.4379,2.2393,0.1175,,,
3000,,,421.3692,843.9429,3719.5232,421.3692,0.4456,4.4375,0.2054,,,
3000,,,,,,,,,,1000,-430.5469,93.9592
3500,,,450.8292,902.5206,3968.071,450.8292,0.4252,4.5617,0.3123,,,
4000,,,504.6522,1009.7302,6533.3589,504.6522,0.5555,14.4661,0.4351,,,
4000,,,,,,,,,,1000,-274.3579,93.0037
4500,,,541.442,1082.3079,5160.8574,541.442,0.5695,9.7496,0.3824,,,
5000,,,527.636,1053.2228,6973.1216,527.636,0.6368,9.3715,0.5647,,,
5000,223.8136,1000.0,,,,,,,,,,
5000,,,,,,,,,,1000,253.0875,78.7805
5500,,,538.6336,1073.7614,5399.2759,538.6336,0.6689,17.2038,0.5464,,,
6000,,,569.1516,1134.2368,8339.8701,569.1516,0.6405,9.6359,0.791,,,
6000,,,,,,,,,,1000,317.7322,95.1626
6500,,,592.4526,1178.8309,12192.0107,592.4526,0.6391,8.8057,0.8573,,,
7000,,,657.35,1307.881,9291.165,657.35,0.6819,9.2315,0.9236,,,
7000,,,,,,,,,,1000,513.9565,93.0695
7500,,,590.0399,1170.5933,11347.3633,590.0399,0.8025,28.9869,0.8361,,,
8000,,,601.2119,1191.3278,11878.4854,601.2119,0.746,16.5388,0.9686,,,
8000,,,,,,,,,,1000,604.6879,94.1139
8500,,,611.8634,1210.5006,13564.3057,611.8634,0.7697,20.6298,1.4163,,,
9000,,,599.9526,1185.5645,12942.1484,599.9526,0.7697,22.418,0.8373,,,
9000,,,,,,,,,,1000,812.145,92.5939
9500,,,591.3574,1165.941,12956.5625,591.3574,0.8538,16.8618,2.5341,,,
10000,,,623.6082,1228.3073,17308.3984,623.6082,0.9573,14.9047,1.3847,,,
10000,1770.3924,1000.0,,,,,,,,,,
10000,,,,,,,,,,1000,867.9137,76.7396
10500,,,624.4882,1227.9839,17339.291,624.4882,0.8847,24.7928,1.2535,,,
11000,,,615.3948,1207.4479,18204.7754,615.3948,1.0468,39.3116,1.3758,,,
11000,,,,,,,,,,1000,885.9243,92.6726
11500,,,627.235,1229.7753,20348.6855,627.235,1.1221,27.2623,1.1681,,,
12000,,,595.281,1163.2246,15590.2939,595.281,1.1169,28.3532,1.1292,,,
12000,,,,,,,,,,1000,1042.3542,92.5672
12500,,,584.5957,1137.255,15483.3613,584.5957,1.0362,19.9634,2.1652,,,
13000,,,586.2561,1138.2494,19010.4141,586.2561,1.2018,36.5112,1.1572,,,
13000,,,,,,,,,,1000,1232.931,92.2823
13500,,,636.245,1235.9841,22897.1172,636.245,1.2425,55.372,1.9345,,,
14000,,,635.2372,1232.261,23320.043,635.2372,1.362,25.278,1.5884,,,
14000,,,,,,,,,,1000,1321.9928,92.548
14500,,,590.5541,1139.0764,19469.5371,590.5541,1.4113,28.4588,1.5248,,,
15000,,,588.5823,1132.7859,23492.6855,588.5823,1.814,79.2748,1.9697,,,
15000,3144.9499,1000.0,,,,,,,,,,
15000,,,,,,,,,,1000,1352.9424,77.5931
15500,,,631.6381,1215.2521,26759.3848,631.6381,1.5843,47.2056,1.602,,,
16000,,,595.9952,1140.0117,24986.4492,595.9952,1.7315,67.9225,2.0952,,,
16000,,,,,,,,,,1000,1467.0479,91.9854
16500,,,599.0302,1143.6006,27990.3594,599.0302,1.4832,40.4069,1.6015,,,
17000,,,574.5681,1091.277,18442.9355,574.5681,1.5152,28.2786,1.6016,,,
17000,,,,,,,,,,1000,1590.1488,91.981
17500,,,593.5842,1126.3651,24666.3184,593.5842,1.8704,74.4985,1.6383,,,
18000,,,573.6258,1083.3456,23335.9355,573.6258,1.8456,55.8106,2.0999,,,
18000,,,,,,,,,,1000,1626.5583,92.2985
18500,,,574.641,1080.1626,23705.6934,574.641,1.9126,76.9791,1.8561,,,
19000,,,548.6958,1027.4933,22734.6797,548.6958,1.774,46.835,2.0898,,,
19000,,,,,,,,,,1000,1827.1005,94.5446
19500,,,591.1661,1106.2483,24719.1758,591.1661,1.8565,57.7414,2.7643,,,
20000,,,578.2556,1076.7872,26731.3438,578.2556,1.9386,78.0062,2.3837,,,
20000,3323.2687,1000.0,,,,,,,,,,
20000,,,,,,,,,,1000,1824.0288,76.5131
20500,,,567.6469,1051.9785,28014.1172,567.6469,2.1048,70.0582,1.9588,,,
21000,,,535.9557,985.9291,19502.8848,535.9557,1.8872,90.238,2.9841,,,
21000,,,,,,,,,,1000,1925.3597,92.2497
21500,,,561.6881,1033.1714,22369.2734,561.6881,1.94,64.6384,2.0973,,,
22000,,,549.0768,1002.7297,33957.0781,549.0768,2.1267,66.0281,3.6862,,,
22000,,,,,,,,,,1000,2002.8013,94.234
22500,,,564.146,1031.4369,26772.5,564.146,2.0014,64.265,3.6819,,,
23000,,,541.1804,982.3058,24668.5527,541.1804,1.9872,91.4962,2.1173,,,
23000,,,,,,,,,,1000,1966.7484,92.2335
23500,,,537.0252,968.0542,24908.9863,537.0252,2.1174,54.024,2.4178,,,
24000,,,568.4137,1029.2737,29783.0332,568.4137,2.1924,165.0912,2.1194,,,
24000,,,,,,,,,,1000,2027.9731,93.9401
24500,,,539.2612,963.2027,47506.4961,539.2612,2.2955,58.836,2.0826,,,
25000,,,521.621,922.3861,35543.0469,521.621,2.2636,110.7999,2.5974,,,
25000,3764.214,1000.0,,,,,,,,,,
25000,,,,,,,,,,1000,2293.2548,78.2456
25500,,,573.9579,1028.6959,31656.4551,573.9579,2.1582,77.1877,2.242,,,
26000,,,537.3972,951.9918,29208.0234,537.3972,2.1395,53.3815,3.2984,,,
26000,,,,,,,,,,1000,2102.1257,93.8405
26500,,,555.7408,982.4259,38326.8867,555.7408,2.112,68.5665,2.3484,,,
27000,,,506.9432,884.0836,14557.958,506.9432,2.0986,74.4736,3.1495,,,
27000,,,,,,,,,,1000,2199.5858,94.6918
27500,,,513.5676,890.854,21523.6465,513.5676,2.0519,91.1707,3.7919,,,
28000,,,531.819,923.8072,28439.4902,531.819,1.9716,93.6078,2.2634,,,
28000,,,,,,,,,,1000,2361.2083,92.2553
28500,,,540.4148,938.1992,24216.8691,540.4148,2.3082,124.2524,3.0432,,,
29000,,,555.1066,964.3871,32508.9102,555.1066,2.3134,84.7322,2.506,,,
29000,,,,,,,,,,1000,2452.6739,91.7454
29500,,,520.8642,892.7349,27515.1094,520.8642,2.3622,119.0409,2.3756,,,
30000,,,534.5808,917.252,46928.5039,534.5808,2.0837,76.3307,4.0063,,,
30000,4107.3093,1000.0,,,,,,,,,,
30000,,,,,,,,,,1000,2530.3476,76.4114
30500,,,554.2949,952.2062,30611.9844,554.2949,2.1765,97.9831,3.1795,,,
31000,,,500.6164,840.716,35682.5117,500.6164,2.3282,97.6528,2.6681,,,
31000,,,,,,,,,,1000,2478.2648,91.7792
31500,,,504.797,842.6889,28188.8242,504.797,2.3312,107.2118,4.5454,,,
32000,,,559.0244,950.5,33552.2617,559.0244,2.301,131.5309,2.564,,,
32000,,,,,,,,,,1000,2336.5987,91.981
32500,,,522.847,875.7809,28930.6816,522.847,2.3034,65.4552,4.455,,,
33000,,,512.9101,849.2355,28945.4531,512.9101,2.2527,88.5569,2.4731,,,
33000,,,,,,,,,,1000,2614.172,93.0885
33500,,,516.673,854.9758,35668.9961,516.673,2.3366,68.1986,2.9464,,,
34000,,,524.7615,867.0643,37843.207,524.7615,2.5318,171.2516,3.2495,,,
34000,,,,,,,,,,1000,2671.9053,97.8773
34500,,,548.4022,914.2789,38969.9023,548.4022,2.6389,193.9225,3.2337,,,
35000,,,519.8782,855.1249,28639.1191,519.8782,2.5545,145.4866,2.9258,,,
35000,4366.1867,1000.0,,,,,,,,,,
35000,,,,,,,,,,1000,2674.3117,76.4102
35500,,,481.7372,771.2645,28972.4551,481.7372,2.695,205.8101,2.5091,,,
36000,,,521.694,850.7908,31269.9551,521.694,2.6228,121.9835,2.2808,,,
36000,,,,,,,,,,1000,2867.9409,94.6525
36500,,,500.155,804.66,34363.5977,500.155,2.3584,121.7276,2.8085,,,
37000,,,526.0128,855.4756,32199.8887,526.0128,2.5192,83.9098,2.8508,,,
37000,,,,,,,,,,1000,2772.0892,92.3387
37500,,,493.4859,781.7089,34953.1445,493.4859,2.4583,181.0245,2.6232,,,
38000,,,497.3803,787.6539,23345.8047,497.3803,2.5632,172.9753,2.666,,,
38000,,,,,,,,,,1000,2808.7349,92.9291
38500,,,508.074,806.2939,36084.3164,508.074,2.2284,156.243,3.1037,,,
39000,,,531.4025,851.0887,36302.4492,531.4025,2.6091,151.3279,3.1704,,,
39000,,,,,,,,,,1000,3017.2842,95.2512
39500,,,509.9923,803.4959,38517.0508,509.9923,2.4801,209.0424,3.1949,,,
40000,,,485.6577,754.3474,26263.0742,485.6577,2.388,221.007,2.891,,,
40000,4777.9749,1000.0,,,,,,,,,,
40000,,,,,,,,,,1000,2863.4345,76.8916
40500,,,510.5532,798.1069,27876.8574,510.5532,2.4611,115.2101,3.3707,,,
41000,,,508.8498,795.1246,22465.0156,508.8498,2.2942,120.0223,3.0922,,,
41000,,,,,,,,,,1000,3046.5132,91.9453
41500,,,526.2558,827.8606,24369.8594,526.2558,2.2631,185.0343,4.1375,,,
42000,,,513.1333,800.0854,30272.1973,513.1333,2.2026,73.1369,2.8345,,,
42000,,,,,,,,,,1000,3104.6944,91.9811
42500,,,536.3314,839.4528,44444.0469,536.3314,2.3102,164.61,3.319,,,
43000,,,566.0137,898.3834,43330.6797,566.0137,2.7387,230.1135,3.3752,,,
43000,,,,,,,,,,1000,3221.2948,91.7369
43500,,,521.5792,808.1467,33144.1602,521.5792,2.5061,79.089,3.3333,,,
44000,,,487.0312,735.8715,30708.041,487.0312,2.2692,77.378,2.9983,,,
44000,,,,,,,,,,1000,3254.9893,92.1745
44500,,,502.6839,760.4109,25862.8574,502.6839,3.1745,253.9048,3.5578,,,
45000,,,482.2856,715.8217,28048.0723,482.2856,2.6442,244.9197,3.245,,,
45000,5245.609,1000.0,,,,,,,,,,
45000,,,,,,,,,,1000,3385.9748,76.3873
45500,,,506.028,765.2143,33664.2695,506.028,2.7621,181.266,2.7918,,,
46000,,,508.6059,765.0635,25334.293,508.6059,2.7882,162.4657,3.9924,,,
46000,,,,,,,,,,1000,3489.6718,91.4277
46500,,,506.3998,761.7861,31641.9277,506.3998,2.8091,203.7339,3.1981,,,
47000,,,499.9835,745.2686,29938.918,499.9835,2.9898,137.4164,2.1943,,,
47000,,,,,,,,,,1000,3114.5095,92.3014
47500,,,535.6981,813.2772,44341.25,535.6981,3.4908,87.6216,4.4801,,,
48000,,,455.543,648.5057,27356.9629,455.543,2.8116,196.6987,3.5022,,,
48000,,,,,,,,,,1000,3549.9895,97.608
48500,,,506.268,749.2803,35214.3125,506.268,3.0143,195.7083,3.3752,,,
49000,,,504.6102,743.5228,32680.1367,504.6102,2.8168,202.5547,3.1816,,,
49000,,,,,,,,,,1000,3618.1564,92.4656
49500,,,526.7468,786.585,36200.875,526.7468,2.7434,128.4376,2.8054,,,
50000,,,479.0672,685.4928,28967.6934,479.0672,4.0376,178.9435,3.1359,,,
50000,5490.5911,1000.0,,,,,,,,,,
50000,,,,,,,,,,1000,3360.272,77.0865
50500,,,502.4963,734.4951,32837.6641,502.4963,2.8936,120.9952,3.0766,,,
51000,,,512.6705,749.6242,25951.0371,512.6705,2.8775,135.2972,2.2252,,,
51000,,,,,,,,,,1000,3618.6582,94.1795
51500,,,496.5214,712.9597,39223.8672,496.5214,3.3436,265.9824,3.9923,,,
52000,,,571.7573,858.1337,83433.2812,571.7573,2.9014,246.6021,3.4626,,,
52000,,,,,,,,,,1000,3743.9327,94.7427
52500,,,502.9364,720.4534,29297.6348,502.9364,5.4633,280.2213,2.5604,,,
53000,,,520.6191,754.6274,36283.4023,520.6191,3.6858,97.6874,4.0234,,,
53000,,,,,,,,,,1000,2401.078,91.8082
53500,,,522.7274,757.5822,37856.0117,522.7274,2.8758,141.9136,3.4661,,,
54000,,,512.9799,734.3087,34778.1094,512.9799,3.2161,150.5089,4.0076,,,
54000,,,,,,,,,,1000,3755.0013,91.7492
54500,,,514.265,736.403,33019.3594,514.265,2.9338,144.8935,3.3145,,,
55000,,,503.1175,708.4738,35265.0,503.1175,3.0107,174.6974,2.7448,,,
55000,5595.8763,1000.0,,,,,,,,,,
55000,,,,,,,,,,1000,3866.9117,76.7382
55500,,,482.0552,666.0399,23600.6484,482.0552,3.4304,139.2655,3.263,,,
56000,,,508.2397,714.0984,30609.5352,508.2397,3.6904,201.3281,2.9082,,,
56000,,,,,,,,,,1000,3915.6647,96.0357
56500,,,488.6257,675.3629,35182.6953,488.6257,2.9761,204.1443,2.9496,,,
57000,,,496.0653,686.4037,36698.957,496.0653,3.2265,272.2866,3.4668,,,
57000,,,,,,,,,,1000,3885.1503,95.3987
57500,,,534.91,757.6124,57373.0195,534.91,3.1085,175.2001,2.7687,,,
58000,,,512.6017,715.722,38836.5938,512.6017,3.2341,156.1165,3.6077,,,
58000,,,,,,,,,,1000,3973.1665,91.8232
58500,,,564.2587,815.4818,49479.9844,564.2587,3.2593,299.8781,4.3582,,,
59000,,,526.8258,740.6335,37674.3672,526.8258,3.1092,120.5027,3.1753,,,
59000,,,,,,,,,,1000,4180.942,92.8905
59500,,,476.1233,637.9695,31729.8516,476.1233,2.9945,149.0418,3.1017,,,
60000,,,539.4274,762.1039,37606.457,539.4274,3.2792,147.7094,2.542,,,
60000,5710.7908,1000.0,,,,,,,,,,
60000,,,,,,,,,,1000,4182.3749,77.5304
60500,,,516.7872,712.5442,41845.3984,516.7872,3.3618,312.9037,4.0543,,,
61000,,,507.5515,693.3853,31969.998,507.5515,3.0487,177.3953,2.7314,,,
61000,,,,,,,,,,1000,4288.9639,94.8019
61500,,,492.9401,661.0059,29226.3066,492.9401,3.2115,240.2687,4.4819,,,
62000,,,489.7852,649.2722,28595.4688,489.7852,3.7688,102.3683,3.8965,,,
62000,,,,,,,,,,1000,4319.2476,97.4407
62500,,,508.8943,687.0924,25700.5586,508.8943,3.0545,134.4498,3.4303,,,
63000,,,507.8398,684.0266,38564.2305,507.8398,3.2989,200.5239,3.9262,,,
63000,,,,,,,,,,1000,4466.1884,94.3131
63500,,,534.2098,732.0507,59995.4258,534.2098,3.4559,321.3725,2.7566,,,
64000,,,497.8448,660.1445,29979.416,497.8448,3.3897,106.7651,3.72,,,
64000,,,,,,,,,,1000,4490.4164,96.2896
64500,,,623.7793,905.1715,36943.5469,623.7793,4.4086,186.2731,2.7656,,,
65000,,,581.838,821.728,49078.4023,581.838,5.3173,253.3061,5.2478,,,
65000,6100.8799,1000.0,,,,,,,,,,
65000,,,,,,,,,,1000,291.6867,79.2713
65500,,,580.8848,823.5082,40303.6172,580.8848,4.4172,185.9145,2.9913,,,
66000,,,561.6719,782.007,40239.4375,561.6719,4.8211,111.5384,3.1922,,,
66000,,,,,,,,,,1000,4476.5207,93.3822
66500,,,542.0201,738.5819,42372.8008,542.0201,3.7169,182.8736,3.0889,,,
67000,,,580.2237,813.0682,45125.9219,580.2237,4.8901,268.8544,4.341,,,
67000,,,,,,,,,,1000,4590.0792,91.87
67500,,,600.9532,856.0538,42315.0273,600.9532,4.0702,151.8911,2.9821,,,
68000,,,564.5013,776.5114,53778.5078,564.5013,4.3663,408.9587,4.0956,,,
68000,,,,,,,,,,1000,4776.0668,91.6416
68500,,,501.0824,646.9224,29679.375,501.0824,3.9714,230.9165,4.1527,,,
69000,,,524.9459,694.2765,26221.0684,524.9459,4.6031,198.1907,3.3338,,,
69000,,,,,,,,,,1000,4801.3091,91.7213
69500,,,539.4392,717.5359,56279.9766,539.4392,5.3576,184.1665,3.5404,,,
70000,,,531.9433,701.0065,40076.6797,531.9433,5.0193,505.8715,5.51,,,
70000,6162.0289,1000.0,,,,,,,,,,
70000,,,,,,,,,,1000,4759.9011,76.385
70500,,,533.5883,701.0988,47151.0781,533.5883,3.4377,155.9618,3.4072,,,
71000,,,488.3629,610.7485,30010.9883,488.3629,4.5627,545.4275,3.5565,,,
71000,,,,,,,,,,1000,4686.6959,91.2966
71500,,,519.5687,673.557,25779.4414,519.5687,3.9088,185.5764,3.7292,,,
72000,,,561.1835,750.744,44114.5703,561.1835,12.6112,343.0807,3.5127,,,
72000,,,,,,,,,,1000,4723.4751,93.8978
72500,,,496.6769,620.1765,53321.3477,496.6769,3.3816,105.6729,6.3248,,,
73000,,,561.8498,753.3868,40598.0625,561.8498,4.7672,450.8923,4.4562,,,
73000,,,,,,,,,,1000,4845.7644,92.6073
73500,,,543.1359,709.745,36997.4492,543.1359,3.8036,164.4782,4.744,,,
74000,,,562.2312,746.8024,57833.1094,562.2312,3.8576,188.3871,4.2315,,,
74000,,,,,,,,,,1000,5079.0508,91.5204
74500,,,545.2345,710.562,39364.8164,545.2345,4.9112,516.1928,3.5887,,,
75000,,,514.3641,647.9358,42807.8164,514.3641,4.4266,172.0379,3.7721,,,
75000,6060.9051,1000.0,,,,,,,,,,
75000,,,,,,,,,,1000,5112.822,76.2863
75500,,,531.9556,682.0292,27812.0898,531.9556,4.1618,191.3276,2.8451,,,
76000,,,540.3424,692.9584,37513.793,540.3424,4.204,243.944,4.6167,,,
76000,,,,,,,,,,1000,5104.4969,94.0414
76500,,,537.4478,684.9766,44701.3398,537.4478,4.4716,253.038,3.2104,,,
77000,,,528.6185,665.2241,25716.0215,528.6185,4.1569,308.3554,4.1118,,,
77000,,,,,,,,,,1000,5149.9307,93.0199
77500,,,573.7256,749.9391,44607.8047,573.7256,4.8977,281.5384,2.6873,,,
78000,,,529.2245,664.865,39274.5508,529.2245,4.0873,286.7672,3.2784,,,
78000,,,,,,,,,,1000,5257.0459,95.7666
78500,,,519.1849,645.1971,53861.4883,519.1849,4.7519,186.2885,5.1701,,,
79000,,,544.4349,688.8505,49068.9141,544.4349,4.5749,182.856,3.3219,,,
79000,,,,,,,,,,1000,5246.1015,93.0486
79500,,,575.6855,751.2949,37164.3125,575.6855,4.5521,124.858,3.0279,,,
80000,,,558.2782,712.86,65663.7344,558.2782,3.8836,270.9189,3.7132,,,
80000,6158.8396,1000.0,,,,,,,,,,
80000,,,,,,,,,,1000,5255.9673,76.2637
80500,,,548.5327,690.8624,49662.0547,548.5327,4.0883,244.6881,4.5303,,,
81000,,,538.9834,670.8945,41281.7578,538.9834,3.9652,216.8612,3.9602,,,
81000,,,,,,,,,,1000,5332.9349,92.0965
81500,,,567.3965,723.1321,75946.1641,567.3965,4.3411,314.5887,3.5075,,,
82000,,,537.4644,665.9764,61686.7617,537.4644,4.2183,188.6611,3.3809,,,
82000,,,,,,,,,,1000,5428.8509,91.8032
82500,,,561.4779,711.9977,47570.1641,561.4779,3.582,150.1614,3.6768,,,
83000,,,614.9426,815.7267,50560.1367,614.9426,4.3416,388.0384,3.7687,,,
83000,,,,,,,,,,1000,5669.9005,93.4796
83500,,,540.0651,662.9341,68067.8438,540.0651,4.2318,253.4537,3.4606,,,
84000,,,567.1451,715.0507,61136.5156,567.1451,4.1615,494.8261,3.3418,,,
84000,,,,,,,,,,1000,5683.9761,92.3292
84500,,,585.2809,750.2226,71387.6797,585.2809,4.7603,372.1396,3.7851,,,
85000,,,575.299,735.8417,61263.6875,575.299,4.9822,346.1796,3.9608,,,
85000,6530.9639,1000.0,,,,,,,,,,
85000,,,,,,,,,,1000,5653.4346,76.2488
85500,,,596.2386,766.9532,70523.8984,596.2386,3.8885,295.143,3.7935,,,
86000,,,584.6122,738.6272,30008.2656,584.6122,3.7864,183.0383,2.7464,,,
86000,,,,,,,,,,1000,5768.2872,91.6801
86500,,,600.237,770.9475,49634.082,600.237,4.0325,282.3331,3.2824,,,
87000,,,563.381,697.3718,47253.2656,563.381,3.9746,189.9483,9.3283,,,
87000,,,,,,,,,,1000,5877.4476,91.6788
87500,,,640.7145,847.2755,86973.7031,640.7145,4.4982,213.0689,3.2942,,,
88000,,,543.1664,650.3647,50193.3711,543.1664,4.0723,227.3723,4.8308,,,
88000,,,,,,,,,,1000,5885.91,91.4703
88500,,,492.7156,547.0094,30104.4023,492.7156,3.8231,216.8766,3.7571,,,
89000,,,638.3203,838.6791,87516.0938,638.3203,4.2968,195.3204,7.6,,,
89000,,,,,,,,,,1000,5829.7766,91.5993
89500,,,613.3616,787.0341,54325.043,613.3616,4.9863,401.4366,3.5034,,,
90000,,,526.5894,610.9956,26804.6426,526.5894,4.6986,235.6106,2.9055,,,
90000,6545.5878,1000.0,,,,,,,,,,
90000,,,,,,,,,,1000,6063.5801,76.275
90500,,,546.2024,644.7811,46256.2344,546.2024,3.8823,203.4484,3.401,,,
91000,,,583.0463,720.6233,80971.6328,583.0463,4.1392,499.9185,3.0212,,,
91000,,,,,,,,,,1000,6217.2112,91.5554
91500,,,520.6733,590.5552,46248.4961,520.6733,4.1638,380.2393,5.1719,,,
92000,,,510.2331,568.0846,35843.8633,510.2331,4.0355,314.3705,3.4777,,,
92000,,,,,,,,,,1000,5981.7428,92.9681
92500,,,626.4203,794.1521,90432.2109,626.4203,3.7586,137.3808,6.5414,,,
93000,,,560.306,664.8993,66629.7422,560.306,4.2204,150.1796,5.1979,,,
93000,,,,,,,,,,1000,6252.8544,91.3272
93500,,,618.9973,780.7178,61674.5625,618.9973,5.3256,174.6024,4.1507,,,
94000,,,529.2656,602.0977,59645.0547,529.2656,3.9772,151.8539,3.8923,,,
94000,,,,,,,,,,1000,6205.7227,91.7396
94500,,,501.6666,542.5652,23599.5586,501.6666,4.191,335.0249,3.1327,,,
95000,,,625.1483,785.5097,106314.4609,625.1483,4.7253,397.7079,3.0752,,,
95000,6668.1059,1000.0,,,,,,,,,,
95000,,,,,,,,,,1000,6258.4313,79.933
95500,,,576.6438,685.8176,50592.0586,576.6438,25.9614,301.5462,4.0247,,,
96000,,,515.4531,559.0415,59603.0703,515.4531,3.911,219.9957,3.0796,,,
96000,,,,,,,,,,1000,6443.234,91.7866
96500,,,543.1765,612.2272,61968.4219,543.1765,4.8346,446.097,3.5197,,,
97000,,,565.5712,655.1476,39343.5234,565.5712,5.4296,149.4788,3.9083,,,
97000,,,,,,,,,,1000,6530.4369,91.6579
97500,,,528.6384,581.5988,93866.7656,528.6384,5.7407,634.3393,2.8553,,,
98000,,,569.6362,660.5159,76315.3203,569.6362,4.9664,574.9368,6.856,,,
98000,,,,,,,,,,1000,6560.7288,92.1085
98500,,,581.4477,682.6345,25966.7656,581.4477,5.0313,256.1754,2.5457,,,
99000,,,603.514,721.2261,85051.3672,603.514,4.0279,392.1363,4.5641,,,
99000,,,,,,,,,,1000,6574.8035,93.8889
99500,,,664.8447,832.9693,155228.3594,664.8447,27.6202,483.486,3.0393,,,
100000,,,557.7931,622.0391,41963.3047,557.7931,6.0642,366.9287,3.7581,,,
100000,7031.4215,1000.0,,,,,,,,,,
100000,,,,,,,,,,1000,6605.8921,78.1905
100500,,,569.8798,643.5153,56795.3164,569.8798,5.0338,216.5998,4.0121,,,
101000,,,548.051,596.3291,91352.6562,548.051,6.0713,298.4357,3.1038,,,
101000,,,,,,,,,,1000,6791.3355,89.322
101500,,,562.4668,623.5602,85443.4375,562.4668,26.2539,359.3979,4.5051,,,
102000,,,556.3724,606.2446,99684.2188,556.3724,4.431,289.6158,3.3551,,,
102000,,,,,,,,,,1000,6429.6096,94.1168
102500,,,619.9727,729.8027,91857.3438,619.9727,4.4838,248.213,4.1194,,,
103000,,,548.731,577.8386,36599.7812,548.731,4.4767,166.7774,3.9809,,,
103000,,,,,,,,,,1000,6820.6949,97.1325
103500,,,688.2501,858.7172,108289.2266,688.2501,4.0352,126.6037,6.5476,,,
104000,,,548.5356,572.4948,65467.5352,548.5356,5.1603,414.8878,3.1177,,,
104000,,,,,,,,,,1000,6842.784,93.267
104500,,,614.3354,702.9686,109739.1016,614.3354,5.2771,291.7489,2.8072,,,
105000,,,516.8116,503.5548,37986.8867,516.8116,5.0757,260.1656,3.0882,,,
105000,7182.3164,1000.0,,,,,,,,,,
105000,,,,,,,,,,1000,6733.3081,73.8199
105500,,,577.5623,627.1078,53266.3984,577.5623,5.394,322.7576,4.3866,,,
106000,,,562.84,590.5043,33616.7383,562.84,4.3739,384.7337,2.6873,,,
106000,,,,,,,,,,1000,6808.8418,92.0111
106500,,,534.5082,533.1875,54898.4062,534.5082,6.5411,239.8355,4.2511,,,
107000,,,578.2448,618.0077,105344.4062,578.2448,5.6796,348.2022,4.4176,,,
107000,,,,,,,,,,1000,6856.2999,91.2004
107500,,,626.0223,711.6177,104106.375,626.0223,5.886,458.9338,4.4671,,,
108000,,,537.3715,529.9417,30929.3711,537.3715,4.834,256.0103,3.2092,,,
108000,,,,,,,,,,1000,7072.5883,91.3994
108500,,,535.3516,524.18,47863.0234,535.3516,6.3603,662.8497,3.2698,,,
109000,,,580.9368,615.9681,56366.6914,580.9368,5.4582,279.7008,3.5106,,,
109000,,,,,,,,,,1000,7025.3234,91.2725
109500,,,543.6008,536.7194,79866.6406,543.6008,4.7688,348.7845,4.2613,,,
110000,,,620.6359,686.9637,95527.75,620.6359,5.0935,269.5359,2.9895,,,
110000,7238.9656,1000.0,,,,,,,,,,
110000,,,,,,,,,,1000,7008.5115,75.662
110500,,,551.0549,548.9557,106684.3594,551.0549,5.1549,331.1779,3.0897,,,
111000,,,518.9081,477.7401,72356.8828,518.9081,4.9348,349.9759,2.8116,,,
111000,,,,,,,,,,1000,7200.4341,96.2623
111500,,,544.5293,530.9993,67171.8906,544.5293,6.7501,184.8425,2.776,,,
112000,,,569.0222,576.2596,42681.2734,569.0222,4.7038,148.45,4.6581,,,
112000,,,,,,,,,,1000,6918.3628,94.8603
112500,,,480.4953,397.5423,32924.9844,480.4953,4.992,340.7086,6.0718,,,
113000,,,549.6832,533.0373,81086.8203,549.6832,4.8804,195.3855,2.7793,,,
113000,,,,,,,,,,1000,6938.3174,94.6857
113500,,,592.6585,620.3242,79428.625,592.6585,4.9661,278.0594,4.6673,,,
114000,,,505.631,439.4233,32260.1816,505.631,5.5742,432.6318,4.7192,,,
114000,,,,,,,,,,1000,7047.0216,96.8989
114500,,,591.4302,607.3737,89304.2969,591.4302,4.8531,278.4314,3.3738,,,
115000,,,582.611,591.9728,102713.2969,582.611,6.2748,489.1126,4.2379,,,
115000,7410.4505,1000.0,,,,,,,,,,
115000,,,,,,,,,,1000,7168.9514,75.4403
115500,,,544.6477,514.4774,69562.5938,544.6477,5.3949,392.9334,4.5377,,,
116000,,,497.4678,414.8101,75964.5547,497.4678,4.1669,119.3308,3.0517,,,
116000,,,,,,,,,,1000,7269.8399,91.988
116500,,,489.5767,397.0033,32324.9512,489.5767,4.5635,310.2892,4.8204,,,
117000,,,528.1531,473.5351,97670.6406,528.1531,5.385,399.3788,3.9364,,,
117000,,,,,,,,,,1000,7171.8841,93.2021
117500,,,509.6024,429.3777,59326.0117,509.6024,5.4231,431.085,4.1585,,,
118000,,,586.0633,580.5591,110691.5938,586.0633,5.4354,628.8318,6.1816,,,
118000,,,,,,,,,,1000,7205.5463,91.2992
118500,,,514.7333,441.0157,68518.875,514.7333,4.3863,267.0053,5.5683,,,
119000,,,445.2382,299.7748,27092.8789,445.2382,5.3373,293.7233,4.464,,,
119000,,,,,,,,,,1000,7344.258,93.3581
119500,,,491.3352,389.9529,34815.9023,491.3352,5.2052,294.3352,3.2171,,,
120000,,,609.5449,619.3034,150639.8438,609.5449,5.1775,297.4605,3.9827,,,
120000,7713.4886,1000.0,,,,,,,,,,
120000,,,,,,,,,,1000,7280.9217,77.2938
120500,,,494.389,390.5539,49622.0117,494.389,7.1821,537.923,3.8335,,,
121000,,,569.2689,538.498,100520.0312,569.2689,5.343,157.5679,2.8581,,,
121000,,,,,,,,,,1000,7287.4816,92.377
121500,,,501.4525,397.9846,95932.9453,501.4525,4.925,255.8814,3.5713,,,
122000,,,540.4466,473.2206,87944.0078,540.4466,4.9597,151.2197,5.5381,,,
122000,,,,,,,,,,1000,7446.1511,95.5169
122500,,,498.6859,385.7409,62635.2461,498.6859,7.1337,812.5082,5.4331,,,
123000,,,533.27,453.0248,79479.5469,533.27,4.8975,155.0279,3.2214,,,
123000,,,,,,,,,,1000,7424.4263,97.3133
123500,,,612.5079,613.2555,140100.3594,612.5079,7.8051,369.412,4.3922,,,
124000,,,459.9655,302.859,73042.2891,459.9655,6.3165,198.0605,4.1385,,,
124000,,,,,,,,,,1000,7568.5233,91.4874
124500,,,553.5824,493.509,65084.7891,553.5824,5.0921,224.174,4.0252,,,
125000,,,617.9374,618.9582,163795.9375,617.9374,5.3249,331.6619,5.4557,,,
125000,7785.6639,1000.0,,,,,,,,,,
125000,,,,,,,,,,1000,7324.4953,75.659
125500,,,567.7954,514.0102,125237.8047,567.7954,7.3267,190.9128,4.0973,,,
126000,,,696.8776,770.2982,138079.0469,696.8776,5.9024,567.8472,4.103,,,
126000,,,,,,,,,,1000,7549.801,91.4523
126500,,,521.7974,417.752,88337.2891,521.7974,6.0612,258.2448,5.5357,,,
127000,,,661.9398,697.273,118250.5781,661.9398,5.3424,308.949,4.2671,,,
127000,,,,,,,,,,1000,7704.1174,95.9117
127500,,,452.795,277.4816,30691.9199,452.795,5.8303,453.3398,4.1414,,,
128000,,,481.8528,330.3077,58580.9961,481.8528,4.6382,217.4469,9.3052,,,
128000,,,,,,,,,,1000,7485.728,93.2718
128500,,,488.4563,342.3214,44851.5273,488.4563,4.7256,281.102,5.9385,,,
129000,,,517.2845,398.7433,57547.1445,517.2845,5.8693,556.0371,6.3934,,,
129000,,,,,,,,,,1000,7306.9759,91.3151
129500,,,461.8778,284.1687,35543.25,461.8778,5.7651,298.6874,10.2166,,,
130000,,,535.94,433.3839,90155.2812,535.94,5.5489,432.5711,5.9658,,,
130000,8123.315,1000.0,,,,,,,,,,
130000,,,,,,,,,,1000,7417.4302,75.6618
130500,,,532.6341,424.8878,62608.1484,532.6341,6.0395,552.3129,5.3895,,,
131000,,,527.9587,416.0106,93619.2109,527.9587,6.5362,238.6105,8.3411,,,
131000,,,,,,,,,,1000,7842.4704,91.4498
131500,,,637.1602,626.2208,156430.5625,637.1602,5.9659,465.579,5.9671,,,
132000,,,459.8132,269.2526,60632.9102,459.8132,6.1704,417.3306,7.4263,,,
132000,,,,,,,,,,1000,7670.1512,94.666
132500,,,494.9054,340.6946,69919.2578,494.9054,5.4236,144.3191,7.0877,,,
133000,,,612.8802,573.7002,117803.9766,612.8802,6.9642,626.7063,4.8202,,,
133000,,,,,,,,,,1000,7724.6958,89.9775
133500,,,455.5474,255.7329,46963.4531,455.5474,5.9994,252.4318,5.3407,,,
134000,,,496.5563,340.3267,81344.5703,496.5563,5.5955,244.2513,5.448,,,
134000,,,,,,,,,,1000,7827.4321,91.4741
134500,,,533.8291,408.5458,104237.7656,533.8291,6.262,364.7141,5.132,,,
135000,,,471.704,287.069,29740.4062,471.704,5.3951,170.0033,7.9886,,,
135000,8284.0504,1000.0,,,,,,,,,,
135000,,,,,,,,,,1000,7929.7414,75.4542
135500,,,559.5713,454.8247,133368.7031,559.5713,4.9944,222.617,4.6263,,,
136000,,,595.4398,526.7723,103651.9609,595.4398,6.3119,289.4937,6.0044,,,
136000,,,,,,,,,,1000,8078.1202,91.296
136500,,,478.7209,289.6122,101927.0547,478.7209,8.6437,695.2802,11.1079,,,
137000,,,588.5475,508.1792,122335.9531,588.5475,6.6587,307.6387,10.781,,,
137000,,,,,,,,,,1000,8054.5665,89.456
137500,,,496.0461,324.3542,104634.4609,496.0461,5.3002,345.3972,7.7584,,,
138000,,,653.6154,634.8763,178574.4219,653.6154,6.1299,211.3103,8.1249,,,
138000,,,,,,,,,,1000,7926.3998,95.0962
138500,,,468.2043,261.5624,75274.3203,468.2043,6.7882,534.4001,6.1445,,,
139000,,,506.3339,333.5482,94013.7969,506.3339,7.8414,176.6004,7.6594,,,
139000,,,,,,,,,,1000,7997.7605,93.5278
139500,,,526.1739,370.3113,144221.5625,526.1739,5.5243,249.3596,6.214,,,
140000,,,485.1112,291.2412,64240.0039,485.1112,5.6432,494.5326,10.0612,,,
140000,8255.3317,1000.0,,,,,,,,,,
140000,,,,,,,,,,1000,8029.912,75.5098
140500,,,524.3032,361.8989,94358.6172,524.3032,6.537,465.0878,4.7561,,,
141000,,,455.3278,224.1826,45877.2734,455.3278,5.9335,427.3373,7.221,,,
141000,,,,,,,,,,1000,7964.934,92.1696
141500,,,493.6904,299.717,71906.9219,493.6904,6.1505,661.1764,5.7646,,,
142000,,,509.9134,326.2867,46155.8633,509.9134,5.4301,275.4684,3.6472,,,
142000,,,,,,,,,,1000,8150.6741,94.7416
142500,,,507.321,320.9173,100605.9141,507.321,6.5251,345.1002,6.0799,,,
143000,,,482.7071,268.7408,53082.5273,482.7071,6.4495,293.3272,6.3817,,,
143000,,,,,,,,,,1000,8273.671,92.0672
143500,,,495.6356,291.1897,84649.1875,495.6356,6.7677,395.4525,9.5874,,,
144000,,,475.2261,250.7773,108461.5156,475.2261,7.3764,301.1091,3.9648,,,
144000,,,,,,,,,,1000,8075.0772,93.8959
144500,,,555.5342,411.8989,63384.8516,555.5342,6.0579,228.638,6.2584,,,
145000,,,506.2675,310.1608,157112.25,506.2675,6.3168,418.6848,5.6553,,,
145000,8501.0881,1000.0,,,,,,,,,,
145000,,,,,,,,,,1000,7947.7966,75.5514
145500,,,512.1425,317.941,89562.2344,512.1425,10.754,245.1319,5.9661,,,
146000,,,493.4874,281.9437,98192.3047,493.4874,6.2167,265.7322,7.1699,,,
146000,,,,,,,,,,1000,7978.4356,91.4485
146500,,,570.796,431.0111,147675.0938,570.796,5.3644,329.6512,4.7989,,,
147000,,,429.8513,149.057,42609.4102,429.8513,6.8369,580.9022,5.9681,,,
147000,,,,,,,,,,1000,8369.4782,91.2935
147500,,,517.33,319.9819,133884.4688,517.33,6.0527,316.4117,8.5464,,,
148000,,,547.6462,377.5676,184008.3594,547.6462,6.5304,523.3434,4.5988,,,
148000,,,,,,,,,,1000,8168.573,91.408
148500,,,579.4172,440.5656,88444.4766,579.4172,5.5322,235.9572,9.1193,,,
149000,,,606.4122,492.7401,191162.0938,606.4122,6.2623,189.2971,3.8328,,,
149000,,,,,,,,,,1000,8138.3935,91.764
149500,,,459.997,198.9899,51640.3008,459.997,6.6163,358.0854,4.7255,,,
150000,,,447.496,169.797,94000.0547,447.496,6.4645,239.1523,6.619,,,
150000,8740.4101,1000.0,,,,,,,,,,
150000,,,,,,,,,,1000,8112.4716,76.2971
150500,,,548.0208,368.4451,102556.9297,548.0208,7.1813,447.0872,6.9982,,,
151000,,,508.4255,290.2234,73710.8125,508.4255,7.0211,247.052,8.7002,,,
151000,,,,,,,,,,1000,8245.5287,91.1565
151500,,,470.2869,206.7457,31160.082,470.2869,6.5899,290.6785,6.1927,,,
152000,,,514.1768,299.7234,38949.2266,514.1768,7.2885,678.8066,4.6947,,,
152000,,,,,,,,,,1000,8087.1339,91.2778
152500,,,550.5947,368.3777,65427.4727,550.5947,6.9384,510.24,11.1226,,,
153000,,,534.8872,333.5293,113831.9375,534.8872,9.1285,441.9141,5.3176,,,
153000,,,,,,,,,,1000,8193.9538,91.2546
153500,,,476.7048,215.9646,76414.375,476.7048,6.8159,256.6761,4.65,,,
154000,,,500.8262,264.0842,83925.8516,500.8262,6.931,629.3557,4.9333,,,
154000,,,,,,,,,,1000,8261.8397,91.3269
154500,,,464.0398,184.9959,85031.0078,464.0398,6.1994,593.2657,11.66,,,
155000,,,549.2147,355.5588,154649.2812,549.2147,8.4301,706.5319,12.5612,,,
155000,8866.8736,1000.0,,,,,,,,,,
155000,,,,,,,,,,1000,8427.4664,75.4952
155500,,,477.2096,211.6678,70539.6328,477.2096,6.2902,568.2764,11.5383,,,
156000,,,523.4336,300.098,118564.5312,523.4336,6.8814,308.324,7.2236,,,
156000,,,,,,,,,,1000,8241.334,93.3811
156500,,,482.2421,216.8958,62570.2656,482.2421,7.1074,724.5531,8.4863,,,
157000,,,466.0407,182.8196,40630.0508,466.0407,7.3203,219.9115,9.1394,,,
157000,,,,,,,,,,1000,8555.9471,94.0627
157500,,,490.1922,230.5517,57246.6602,490.1922,5.8828,271.3316,5.8029,,,
158000,,,445.3454,136.7399,45231.7617,445.3454,6.4485,231.6009,5.8737,,,
158000,,,,,,,,,,1000,8427.5137,91.3824
158500,,,497.6584,239.9427,173600.8125,497.6584,7.315,455.7787,8.1809,,,
159000,,,455.4159,154.2739,86819.7891,455.4159,6.2033,452.1028,5.3596,,,
159000,,,,,,,,,,1000,8461.97,92.1443
159500,,,569.9545,380.0127,159903.4062,569.9545,7.0471,563.2466,7.3885,,,
160000,,,450.9586,143.1797,67668.5781,450.9586,7.2178,564.9944,9.6691,,,
160000,8873.2016,1000.0,,,,,,,,,,
160000,,,,,,,,,,1000,8328.0074,78.388
160500,,,470.0936,177.5281,46769.457,470.0936,5.4535,289.8112,13.3544,,,
161000,,,503.127,242.2098,65844.1719,503.127,6.7149,738.4354,7.8112,,,
161000,,,,,,,,,,1000,8486.6942,91.2382
161500,,,474.6404,184.4951,54712.3867,474.6404,5.8129,284.4606,6.548,,,
162000,,,461.6846,155.9757,132837.8594,461.6846,6.9909,472.0895,9.324,,,
162000,,,,,,,,,,1000,8645.1068,91.2408
162500,,,508.3701,247.1341,83051.0078,508.3701,5.9193,383.9965,7.1543,,,
163000,,,555.8071,342.7137,119356.5547,555.8071,6.9598,645.4379,10.1791,,,
163000,,,,,,,,,,1000,8361.7248,91.9916
163500,,,463.853,153.9254,76069.4219,463.853,7.2656,391.1089,11.8555,,,
164000,,,491.5156,209.9712,126373.8516,491.5156,6.1692,354.6094,11.6769,,,
164000,,,,,,,,,,1000,8542.6038,94.7157
164500,,,519.5662,264.394,79556.7812,519.5662,6.2558,410.8668,9.2903,,,
165000,,,668.5294,557.6937,156975.7188,668.5294,5.7716,397.7963,12.9382,,,
165000,9045.551,1000.0,,,,,,,,,,
165000,,,,,,,,,,1000,8667.4998,78.3863
165500,,,493.7422,206.8708,101578.4375,493.7422,5.5365,306.0152,10.6258,,,
166000,,,459.063,133.8425,65747.9922,459.063,6.4719,359.6221,10.1072,,,
166000,,,,,,,,,,1000,8762.393,95.3843
166500,,,583.8339,383.291,111962.0078,583.8339,5.5017,162.7738,8.7408,,,
167000,,,511.3645,237.1271,73372.4219,511.3645,6.0546,316.936,11.4101,,,
167000,,,,,,,,,,1000,8632.6277,91.2616
167500,,,480.414,172.749,51973.3945,480.414,6.094,231.4053,10.6863,,,
168000,,,509.1472,231.2398,151940.3438,509.1472,6.4165,378.8018,5.4992,,,
168000,,,,,,,,,,1000,8794.2635,91.3175
168500,,,427.4297,62.697,57063.4102,427.4297,6.3045,595.2343,8.0944,,,
169000,,,487.3605,182.4164,142098.0781,487.3605,6.7017,629.1846,10.04,,,
169000,,,,,,,,,,1000,8634.1105,91.6932
169500,,,901.0484,1010.6593,475567.375,901.0484,8.6282,1074.4424,14.2709,,,
170000,,,656.6456,518.5905,182010.2656,656.6456,5.713,313.2225,6.7282,,,
170000,9245.9079,1000.0,,,,,,,,,,
170000,,,,,,,,,,1000,8630.9189,76.8313
170500,,,486.3874,178.1799,72498.1094,486.3874,7.4927,803.9341,4.4968,,,
171000,,,478.0396,158.1366,43944.8125,478.0396,7.1824,291.2819,6.3987,,,
171000,,,,,,,,,,1000,8716.363,96.0862
171500,,,618.7021,438.5229,142826.7656,618.7021,6.5527,319.0513,10.3762,,,
172000,,,674.4819,548.1547,162316.3438,674.4819,6.304,204.1632,14.006,,,
172000,,,,,,,,,,1000,8630.7012,95.8181
172500,,,512.3963,223.0765,118346.9062,512.3963,6.7602,714.5022,8.3769,,,
173000,,,487.3909,170.9207,53054.8281,487.3909,5.3627,469.0026,8.5971,,,
173000,,,,,,,,,,1000,8588.348,92.422
173500,,,523.6918,243.2213,79982.7656,523.6918,6.4389,675.6061,7.346,,,
174000,,,496.0537,182.1997,103788.9219,496.0537,6.8054,630.5516,10.0273,,,
174000,,,,,,,,,,1000,8712.336,93.3684
174500,,,713.6387,618.6085,207423.2812,713.6387,6.6241,313.9314,6.597,,,
175000,,,448.231,86.4617,59237.3984,448.231,7.0438,648.0117,10.7942,,,
175000,9256.9592,1000.0,,,,,,,,,,
175000,,,,,,,,,,1000,8697.8705,78.9314
175500,,,580.2599,349.9155,242487.2656,580.2599,7.6352,1070.6451,3.7871,,,
176000,,,505.9868,199.2515,73706.7109,505.9868,6.4513,566.0117,8.193,,,
176000,,,,,,,,,,1000,8863.8772,92.7919
176500,,,580.7259,347.7625,117199.3281,580.7259,5.9385,452.8832,7.7514,,,
177000,,,529.5912,245.2035,59678.4297,529.5912,6.1011,593.8885,5.0475,,,
177000,,,,,,,,,,1000,8964.9665,92.681
177500,,,625.8672,434.8796,117427.2344,625.8672,6.2389,491.3781,6.7783,,,
178000,,,474.9649,133.4774,65771.6562,474.9649,6.2361,559.2533,7.6651,,,
178000,,,,,,,,,,1000,8747.9804,91.3571
178500,,,572.5732,325.5903,143712.0625,572.5732,6.0396,276.747,7.1358,,,
179000,,,471.2269,121.3347,64794.9219,471.2269,6.4872,248.6339,9.8048,,,
179000,,,,,,,,,,1000,9014.9298,93.0417
179500,,,455.4865,88.0632,104108.5078,455.4865,5.2486,284.8131,11.3046,,,
180000,,,556.4447,287.7615,121507.3281,556.4447,5.6742,400.9507,11.9297,,,
180000,9226.9049,1000.0,,,,,,,,,,
180000,,,,,,,,,,1000,9009.4847,79.939
180500,,,459.6991,94.4818,66118.125,459.6991,5.8806,307.8668,3.8607,,,
181000,,,558.2115,289.6528,174047.5156,558.2115,5.8781,331.0251,5.0969,,,
181000,,,,,,,,,,1000,8809.1838,91.4545
181500,,,604.2939,381.0746,180747.4062,604.2939,6.6582,584.5469,5.5461,,,
182000,,,691.3179,553.5009,257596.8125,691.3179,6.0368,498.3579,7.0782,,,
182000,,,,,,,,,,1000,9008.6626,93.0997
182500,,,643.3162,457.7532,256195.7344,643.3162,6.1376,348.6952,6.9983,,,
183000,,,656.0547,480.5388,216789.5938,656.0547,6.2288,285.9664,13.2527,,,
183000,,,,,,,,,,1000,8837.1916,95.7716
183500,,,518.9994,207.5278,121279.0547,518.9994,4.849,260.0394,8.1405,,,
184000,,,569.9257,307.1786,146196.9219,569.9257,7.6249,367.3728,13.3409,,,
184000,,,,,,,,,,1000,8782.1851,91.4146
184500,,,432.238,31.9212,61782.332,432.238,6.0078,227.7527,18.5509,,,
185000,,,574.815,310.1658,248708.7812,574.815,6.5974,551.2609,7.9313,,,
185000,9492.0032,1000.0,,,,,,,,,,
185000,,,,,,,,,,1000,8788.4672,75.5831
185500,,,596.0656,353.3913,130677.4062,596.0656,4.9361,251.104,13.7423,,,
186000,,,559.7175,281.8804,109454.9922,559.7175,6.0459,521.0859,12.4843,,,
186000,,,,,,,,,,1000,8822.4454,93.9577
186500,,,518.7308,195.0433,82143.0156,518.7308,7.5914,782.2581,5.3601,,,
187000,,,702.5505,562.981,206913.4688,702.5505,6.5648,345.0345,13.8384,,,
187000,,,,,,,,,,1000,9070.6646,94.567
187500,,,443.9632,46.952,51532.2344,443.9632,6.4622,484.319,6.9134,,,
188000,,,610.6415,377.5422,235456.4531,610.6415,7.6724,646.5935,6.3272,,,
188000,,,,,,,,,,1000,9101.1306,92.1284
188500,,,595.6732,349.2289,111104.6094,595.6732,7.5066,659.0533,21.3549,,,
189000,,,530.5371,217.1722,63939.0469,530.5371,5.8186,381.9156,11.2548,,,
189000,,,,,,,,,,1000,8837.7606,93.3014
189500,,,523.3887,199.0045,110470.2188,523.3887,5.6863,160.6189,16.2024,,,
190000,,,524.4722,199.4663,51262.5352,524.4722,6.8269,416.5878,20.3261,,,
190000,9430.4084,1000.0,,,,,,,,,,
190000,,,,,,,,,,1000,9400.3682,75.5744
190500,,,516.9252,183.8474,163135.6719,516.9252,5.4886,246.9115,7.6552,,,
191000,,,515.1841,177.3137,76792.8359,515.1841,6.5492,376.2457,9.2648,,,
191000,,,,,,,,,,1000,9177.661,91.4149
191500,,,541.3408,230.4983,44235.9102,541.3408,6.7728,653.6202,7.0722,,,
192000,,,569.9884,286.5593,120112.9922,569.9884,6.2106,530.7697,7.9451,,,
192000,,,,,,,,,,1000,9182.0074,95.7384
192500,,,538.8045,223.3396,81160.9531,538.8045,6.2672,623.2656,7.0122,,,
193000,,,515.8145,177.751,72426.1016,515.8145,6.5548,257.2864,13.5365,,,
193000,,,,,,,,,,1000,8889.1403,93.1927
193500,,,538.2007,218.2378,91864.1016,538.2007,6.3087,465.8061,12.7969,,,
194000,,,470.7471,83.2648,93336.4453,470.7471,5.6613,354.3921,18.1746,,,
194000,,,,,,,,,,1000,9125.9853,91.5031
194500,,,504.1729,149.6562,70544.5859,504.1729,5.7254,357.3354,13.8183,,,
195000,,,477.0342,92.5571,50055.6328,477.0342,7.6831,795.3416,14.5389,,,
195000,9768.3944,1000.0,,,,,,,,,,
195000,,,,,,,,,,1000,9116.2079,75.7216
195500,,,504.5764,150.6317,135241.0469,504.5764,5.5394,263.5991,11.9046,,,
196000,,,621.1913,379.2635,90141.3047,621.1913,5.4809,238.7753,9.3022,,,
196000,,,,,,,,,,1000,9329.8022,94.7367
196500,,,464.2887,66.5262,109154.3359,464.2887,6.5679,585.3505,12.6316,,,
197000,,,542.2889,218.5891,119701.7422,542.2889,7.1191,336.8144,15.5854,,,
197000,,,,,,,,,,1000,9188.4245,93.8076
197500,,,543.6848,222.1099,174012.4219,543.6848,6.3463,279.4339,8.0383,,,
198000,,,601.9283,337.2967,86760.8203,601.9283,6.4953,415.1036,13.2892,,,
198000,,,,,,,,,,1000,9392.0361,91.4704
198500,,,538.7248,209.2406,111512.6016,538.7248,5.7986,397.0695,10.7718,,,
199000,,,564.1345,258.7229,145887.6094,564.1345,6.7517,165.9581,15.426,,,
199000,,,,,,,,,,1000,9236.8923,91.2811
199500,,,534.749,198.5277,104270.6172,534.749,5.6934,337.8806,12.668,,,
200000,,,494.8442,118.3548,146792.9219,494.8442,5.708,263.23,14.3921,,,
200000,9848.8814,1000.0,,,,,,,,,,
200000,,,,,,,,,,1000,9161.7458,75.7901
200500,,,569.1062,265.624,113930.7109,569.1062,7.7624,721.6464,6.5244,,,
201000,,,513.0449,153.4154,42281.1875,513.0449,6.7454,346.1978,14.8048,,,
201000,,,,,,,,,,1000,9170.6669,93.7156
201500,,,590.8617,308.5914,194173.8125,590.8617,6.8032,439.3806,21.6418,,,
202000,,,583.6176,290.5798,98086.4453,583.6176,6.41,373.4867,11.8356,,,
202000,,,,,,,,,,1000,9137.23,94.98
202500,,,544.2362,209.5198,71343.125,544.2362,7.0213,295.5058,12.5999,,,
203000,,,470.3721,60.1578,46401.3867,470.3721,6.9492,494.0727,15.5147,,,
203000,,,,,,,,,,1000,9600.0514,91.2876
203500,,,574.4033,270.3901,261518.1719,574.4033,5.6986,314.7596,9.2789,,,
204000,,,590.0729,300.9885,190681.7188,590.0729,6.0028,287.7536,10.6173,,,
204000,,,,,,,,,,1000,9101.9824,91.2381
204500,,,501.211,119.3595,76450.8359,501.211,6.786,486.7831,11.4744,,,
205000,,,742.3096,603.1888,196657.2812,742.3096,8.2643,1083.864,11.6922,,,
205000,9891.3273,1000.0,,,,,,,,,,
205000,,,,,,,,,,1000,9481.8534,75.3623
205500,,,598.5595,312.5278,210534.9062,598.5595,7.2745,832.8951,12.2013,,,
206000,,,591.3726,296.7831,100434.5703,591.3726,6.1782,639.1758,7.5928,,,
206000,,,,,,,,,,1000,9450.5301,91.4077
206500,,,595.353,303.726,149736.6562,595.353,5.8473,402.2864,9.1407,,,
207000,,,485.3485,84.2317,50365.6172,485.3485,6.1073,313.7939,18.1859,,,
207000,,,,,,,,,,1000,9646.3955,91.2942
207500,,,594.0819,298.2019,104729.9844,594.0819,8.5657,735.4713,18.028,,,
208000,,,600.2065,308.9736,118084.3516,600.2065,6.0821,189.1956,22.4181,,,
208000,,,,,,,,,,1000,9558.0767,93.2601
208500,,,538.0936,183.5239,121114.8828,538.0936,5.7946,489.441,9.3398,,,
209000,,,588.759,285.0889,201254.1094,588.759,6.0689,205.0115,11.7486,,,
209000,,,,,,,,,,1000,9375.1926,93.1213
209500,,,632.7773,373.0701,154043.2812,632.7773,6.8447,435.9962,4.2623,,,
210000,,,576.6486,256.0897,80803.8906,576.6486,6.9227,522.2637,10.8919,,,
210000,9954.9368,1000.0,,,,,,,,,,
210000,,,,,,,,,,1000,9489.8492,77.8061
210500,,,584.283,273.869,104794.7109,584.283,6.7023,528.2535,8.9634,,,
211000,,,523.0668,152.9525,131693.3438,523.0668,8.0355,349.0448,8.1993,,,
211000,,,,,,,,,,1000,9648.9069,91.0393
211500,,,546.2686,195.7017,126625.7031,546.2686,7.2455,447.2149,8.7664,,,
212000,,,515.5255,131.4976,115213.6094,515.5255,6.4263,259.7626,7.5489,,,
212000,,,,,,,,,,1000,9782.9078,91.2318
212500,,,531.6006,165.9396,66441.5391,531.6006,6.88,545.7856,9.2585,,,
213000,,,654.3112,404.2556,297684.6562,654.3112,6.824,237.8616,19.4059,,,
213000,,,,,,,,,,1000,9287.3905,91.5156
213500,,,534.3345,164.6121,120822.6797,534.3345,5.6112,394.1965,9.7593,,,
214000,,,550.1178,196.744,102446.7422,550.1178,7.6586,386.7789,12.277,,,
214000,,,,,,,,,,1000,9510.1014,92.4314
214500,,,532.8929,160.3937,108303.5938,532.8929,6.3641,320.8572,8.8436,,,
215000,,,521.9183,135.6674,114259.4375,521.9183,8.3889,691.3711,15.863,,,
215000,10139.9653,1000.0,,,,,,,,,,
215000,,,,,,,,,,1000,9243.6999,78.2367
215500,,,538.3389,169.3873,84383.625,538.3389,6.879,264.6289,6.4759,,,
216000,,,696.7411,487.5463,209789.0938,696.7411,7.1886,396.7716,10.3539,,,
216000,,,,,,,,,,1000,9687.8748,91.4644
216500,,,501.4763,95.9946,100663.4297,501.4763,8.0584,416.2818,7.1657,,,
217000,,,586.0204,261.2874,85513.9844,586.0204,7.0839,521.062,17.3983,,,
217000,,,,,,,,,,1000,9495.339,93.7092
217500,,,488.2711,62.5979,63677.1094,488.2711,5.857,161.5546,14.1349,,,
218000,,,493.9134,75.0585,67270.4609,493.9134,7.5055,569.3126,15.0728,,,
218000,,,,,,,,,,1000,9719.8581,93.7487
218500,,,506.2415,100.986,106361.3281,506.2415,6.0025,224.8838,18.2369,,,
219000,,,464.6558,14.3734,63321.9805,464.6558,6.8552,394.4239,10.1546,,,
219000,,,,,,,,,,1000,9523.4392,92.1614
219500,,,670.9641,425.3608,90964.9219,670.9641,6.256,192.6344,5.6641,,,
220000,,,563.6953,211.2484,187586.9531,563.6953,6.9764,529.7337,16.8162,,,
220000,10217.9942,1000.0,,,,,,,,,,
220000,,,,,,,,,,1000,9786.6522,75.6663
220500,,,600.2368,282.9653,218191.4375,600.2368,6.4597,390.2312,7.5009,,,
221000,,,541.246,163.0396,92385.9453,541.246,6.6052,528.5417,7.7662,,,
221000,,,,,,,,,,1000,9870.0591,93.7178
221500,,,557.9127,197.424,77623.5,557.9127,6.8082,203.8841,32.878,,,
222000,,,627.15,329.4999,302020.0312,627.15,6.9865,446.536,8.9311,,,
222000,,,,,,,,,,1000,10022.5105,91.401
222500,,,466.1548,10.6693,67968.5234,466.1548,8.0978,893.3625,6.2944,,,
223000,,,544.4323,163.1241,207096.25,544.4323,7.2288,372.3576,23.0194,,,
223000,,,,,,,,,,1000,9722.0037,91.4202
223500,,,506.2967,86.5264,134779.8438,506.2967,7.1858,611.3254,9.14,,,
224000,,,645.8547,366.1801,127493.8359,645.8547,8.4006,413.0278,18.5479,,,
224000,,,,,,,,,,1000,9770.3565,93.0285
224500,,,609.326,295.2241,80250.6953,609.326,6.2215,365.5761,7.7447,,,
225000,,,631.8839,334.7372,347383.625,631.8839,6.1598,385.6316,14.3629,,,
225000,10439.7402,1000.0,,,,,,,,,,
225000,,,,,,,,,,1000,9754.6263,75.6237
225500,,,669.2241,411.9788,186156.4531,669.2241,9.7551,1300.7922,11.5882,,,
226000,,,834.6228,738.7832,282825.8125,834.6228,6.0475,256.0836,15.0238,,,
226000,,,,,,,,,,1000,10030.1322,91.5332
226500,,,594.2987,256.5778,227859.6875,594.2987,5.9048,311.3855,25.0925,,,
227000,,,579.9252,228.6591,171470.7812,579.9252,6.6007,374.8967,23.0595,,,
227000,,,,,,,,,,1000,10048.3341,91.3537
227500,,,655.1566,376.3925,251779.6875,655.1566,5.9219,349.4196,17.1544,,,
228000,,,493.452,50.4425,113753.2578,493.452,6.2774,506.0162,14.434,,,
228000,,,,,,,,,,1000,9884.1995,91.2601
228500,,,562.5156,189.4763,151212.2656,562.5156,6.6132,402.2443,26.8288,,,
229000,,,614.4275,292.3231,199422.2812,614.4275,7.136,255.0656,6.7637,,,
229000,,,,,,,,,,1000,9984.9334,91.1225
229500,,,601.709,267.3016,131148.7969,601.709,9.0471,1125.016,18.5488,,,
230000,,,473.237,8.8518,68373.3984,473.237,7.599,674.8223,26.2515,,,
230000,10398.7775,1000.0,,,,,,,,,,
230000,,,,,,,,,,1000,9978.6659,75.5469
230500,,,605.5276,270.0688,216899.6719,605.5276,6.6229,428.5772,9.5053,,,
231000,,,561.808,181.0737,100696.7891,561.808,7.9269,827.4796,19.7092,,,
231000,,,,,,,,,,1000,9913.8997,91.3115
231500,,,572.489,203.1829,98992.1094,572.489,7.0429,370.8453,37.2533,,,
232000,,,723.7116,500.9197,190195.2656,723.7116,8.9112,669.4059,9.8458,,,
232000,,,,,,,,,,1000,9788.0809,91.2864
232500,,,762.4777,579.0367,251100.4375,762.4777,8.1101,484.6401,17.668,,,
233000,,,456.9778,-31.0323,117156.3672,456.9778,6.5982,280.1079,20.0985,,,
233000,,,,,,,,,,1000,10039.6141,91.9436
233500,,,569.2836,188.6786,79559.125,569.2836,8.1743,359.2907,20.948,,,
234000,,,463.4167,-22.6197,79206.5547,463.4167,7.1024,360.1915,19.9535,,,
234000,,,,,,,,,,1000,10270.2362,91.1525
234500,,,461.7116,-26.28,137735.8438,461.7116,8.5148,351.9264,8.8132,,,
235000,,,546.1283,139.7233,86520.6172,546.1283,8.2845,449.8961,10.1553,,,
235000,10568.7957,1000.0,,,,,,,,,,
235000,,,,,,,,,,1000,10117.6205,74.8715
235500,,,631.6737,311.8669,179718.5156,631.6737,7.7092,310.6377,4.7696,,,
236000,,,568.9321,182.8004,85385.4141,568.9321,7.402,224.7019,12.4245,,,
236000,,,,,,,,,,1000,9723.7414,91.3554
236500,,,539.8003,124.7363,165922.4375,539.8003,7.9012,553.6123,6.8582,,,
237000,,,527.1334,95.8075,65353.9453,527.1334,7.0716,288.9967,11.0367,,,
237000,,,,,,,,,,1000,10407.6315,91.5248
237500,,,538.6068,117.601,217628.3125,538.6068,7.9088,372.088,10.8566,,,
238000,,,632.6288,304.9911,189965.8594,632.6288,8.0423,219.8492,4.6596,,,
238000,,,,,,,,,,1000,10278.9124,91.2288
238500,,,472.41,-15.8579,103081.4688,472.41,8.0225,553.2752,8.5863,,,
239000,,,630.2445,301.3214,161419.2344,630.2445,9.0733,214.2664,19.4845,,,
239000,,,,,,,,,,1000,10221.7524,91.3486
239500,,,788.953,614.8269,267866.2812,788.953,8.4606,394.1578,21.2167,,,
240000,,,524.3957,85.7781,130867.4922,524.3957,8.6001,618.7805,5.8883,,,
240000,10803.3159,1000.0,,,,,,,,,,
240000,,,,,,,,,,1000,10015.713,75.6291
240500,,,610.4914,259.535,319130.0938,610.4914,7.3012,381.2698,8.9877,,,
241000,,,523.3105,80.4013,162670.1562,523.3105,8.5966,364.6694,14.2321,,,
241000,,,,,,,,,,1000,10167.0969,91.2166
241500,,,523.0544,77.8217,83503.6328,523.0544,7.5029,252.785,23.5265,,,
242000,,,584.8577,200.0159,255520.2969,584.8577,8.4187,320.193,4.2547,,,
242000,,,,,,,,,,1000,10065.9014,91.0901
242500,,,519.4796,70.2896,79046.4453,519.4796,8.0844,422.3358,18.1106,,,
243000,,,586.5496,200.7911,109958.5391,586.5496,8.7694,624.2419,8.4109,,,
243000,,,,,,,,,,1000,10424.1752,91.2846
243500,,,498.5703,25.6,147581.4531,498.5703,9.6068,456.3535,35.7973,,,
244000,,,629.1176,282.502,164328.6719,629.1176,8.0951,252.5904,12.6887,,,
244000,,,,,,,,,,1000,10357.5578,92.8645
244500,,,645.2684,317.1046,157158.7344,645.2684,9.4716,213.0592,23.0568,,,
245000,,,471.8874,-31.0394,76941.8594,471.8874,8.0759,414.8756,6.7075,,,
245000,10682.1063,1000.0,,,,,,,,,,
245000,,,,,,,,,,1000,10335.0649,75.5112
245500,,,500.3143,24.4763,112440.4453,500.3143,8.1571,133.18,13.4308,,,
246000,,,1041.4437,1104.7522,613531.625,1041.4437,6.8069,320.1833,14.3136,,,
246000,,,,,,,,,,1000,10324.3543,91.2813
246500,,,586.0677,194.2935,184099.3281,586.0677,8.0522,481.4048,12.9722,,,
247000,,,601.1881,220.5392,274804.8438,601.1881,7.7036,368.7375,7.1335,,,
247000,,,,,,,,,,1000,10487.8416,91.2715
247500,,,630.1086,281.5232,177528.2188,630.1086,6.3181,203.5503,10.9692,,,
248000,,,661.1375,338.642,257295.7344,661.1375,6.5073,198.6667,8.3573,,,
248000,,,,,,,,,,1000,10143.3303,91.4013
248500,,,444.9094,-94.0909,48130.4531,444.9094,6.8809,232.1089,15.5033,,,
249000,,,565.6335,150.8315,255710.5469,565.6335,8.4106,668.5155,6.9019,,,
249000,,,,,,,,,,1000,10420.2453,91.4353
249500,,,572.7372,158.2124,243270.4375,572.7372,8.6157,399.7947,14.4334,,,
250000,,,781.2969,577.959,316446.625,781.2969,7.0106,292.9417,12.8498,,,
250000,10884.284,1000.0,,,,,,,,,,
250000,,,,,,,,,,1000,10135.5888,75.6044
250500,,,515.6835,38.9559,61263.1055,515.6835,10.6936,1021.7482,8.6029,,,
251000,,,560.5516,128.9862,104399.375,560.5516,8.254,341.4134,15.3993,,,
251000,,,,,,,,,,1000,10361.2293,91.3623
251500,,,502.8362,18.1273,91315.5625,502.8362,8.4356,694.2458,19.9076,,,
252000,,,591.7937,190.4094,122622.0391,591.7937,9.348,594.9543,23.2802,,,
252000,,,,,,,,,,1000,9938.8927,91.5183
252500,,,558.1781,121.7094,172584.7969,558.1781,7.6825,281.2259,5.1356,,,
253000,,,555.1309,114.953,175359.2656,555.1309,8.5227,293.3985,18.8152,,,
253000,,,,,,,,,,1000,10319.1263,93.1612
253500,,,570.5328,146.307,222049.0938,570.5328,7.7196,395.2053,18.5321,,,
254000,,,561.5763,124.7444,114963.1094,561.5763,7.6081,360.3643,6.451,,,
254000,,,,,,,,,,1000,10678.7505,95.531
254500,,,699.3496,399.9552,182397.6562,699.3496,8.6618,290.792,8.4942,,,
255000,,,568.4537,137.1035,240989.5156,568.4537,8.2929,370.0576,11.1794,,,
255000,11001.1008,1000.0,,,,,,,,,,
255000,,,,,,,,,,1000,10264.2173,76.3751
255500,,,541.8398,80.8573,137822.0938,541.8398,7.3933,237.956,7.6057,,,
256000,,,494.7278,-13.4086,111193.8516,494.7278,7.284,180.2625,16.3927,,,
256000,,,,,,,,,,1000,10495.1888,91.291
256500,,,581.2817,158.746,127861.4922,581.2817,8.1096,535.7343,7.198,,,
257000,,,584.8181,166.4576,161450.9062,584.8181,7.8088,290.6402,27.7938,,,
257000,,,,,,,,,,1000,10612.3909,91.3652
257500,,,618.0582,230.8964,209362.25,618.0582,8.9057,286.8607,10.0493,,,
258000,,,542.7332,75.3163,73903.7969,542.7332,7.4583,718.859,12.0234,,,
258000,,,,,,,,,,1000,10480.0584,91.2739
258500,,,551.6536,95.1555,147722.8906,551.6536,7.2724,374.1157,24.7481,,,
259000,,,543.3436,74.8351,83346.1172,543.3436,8.008,346.6499,5.7614,,,
259000,,,,,,,,,,1000,10601.3312,90.8266
259500,,,562.2104,112.6122,184248.0156,562.2104,7.4148,504.2591,7.1235,,,
260000,,,539.1978,70.4009,104094.6484,539.1978,9.6702,1009.0616,11.4343,,,
260000,11091.3791,1000.0,,,,,,,,,,
260000,,,,,,,,,,1000,10613.2214,75.3718
260500,,,569.6956,124.5551,114611.6875,569.6956,6.5975,270.0645,13.1534,,,
261000,,,546.4747,81.4086,129354.4922,546.4747,8.7914,489.0401,16.4442,,,
261000,,,,,,,,,,1000,10712.3294,92.1882
261500,,,563.9857,113.4235,227278.6094,563.9857,6.4934,484.7131,7.0244,,,
262000,,,535.2691,53.6914,86935.0391,535.2691,9.4431,757.9992,31.9241,,,
262000,,,,,,,,,,1000,10565.9403,91.2878
262500,,,615.3826,208.3721,195422.2188,615.3826,8.0805,313.9209,11.9391,,,
263000,,,577.1157,136.6864,79580.0703,577.1157,7.4206,215.2773,5.2323,,,
263000,,,,,,,,,,1000,10201.4212,91.6853
263500,,,611.6796,201.1355,245977.0469,611.6796,8.6588,416.8674,19.9086,,,
264000,,,614.4802,208.1317,196432.8438,614.4802,8.1429,530.8228,6.8835,,,
264000,,,,,,,,,,1000,10870.752,91.424
264500,,,526.029,29.2756,154040.9531,526.029,7.5727,397.7588,15.9339,,,
265000,,,535.7648,48.4306,99141.4766,535.7648,7.3079,362.0484,18.5438,,,
265000,11052.9627,1000.0,,,,,,,,,,
265000,,,,,,,,,,1000,10659.0719,75.4006
265500,,,557.5414,93.5009,78435.5234,557.5414,7.6429,305.6487,7.253,,,
266000,,,542.543,59.0837,136051.7031,542.543,7.5269,430.5268,25.4131,,,
266000,,,,,,,,,,1000,10372.0902,91.4929
266500,,,675.6011,323.9595,191425.2969,675.6011,8.1917,575.1985,8.9334,,,
267000,,,569.0374,112.3695,145699.9531,569.0374,7.9134,178.8012,30.7601,,,
267000,,,,,,,,,,1000,5226.5108,96.3835
267500,,,869.0743,710.6329,341814.9688,869.0743,8.387,499.2166,6.0695,,,
268000,,,911.9969,797.2344,600587.75,911.9969,7.6165,330.9091,14.8125,,,
268000,,,,,,,,,,1000,10675.6034,93.9044
268500,,,685.7445,347.0575,379319.8125,685.7445,10.5507,680.2837,25.7095,,,
269000,,,821.0061,616.0286,208902.0156,821.0061,8.5157,229.4396,13.8613,,,
269000,,,,,,,,,,1000,9448.3148,94.1146
269500,,,724.5895,419.8887,259470.3438,724.5895,8.5968,435.4402,16.9879,,,
270000,,,513.2838,-6.8193,121469.6328,513.2838,8.59,319.7775,10.8132,,,
270000,11222.5015,1000.0,,,,,,,,,,
270000,,,,,,,,,,1000,10825.5946,77.5822
270500,,,545.1215,59.0728,144719.1094,545.1215,9.3041,297.2271,9.4183,,,
271000,,,717.787,407.0674,241996.0781,717.787,8.2944,262.1499,11.2684,,,
271000,,,,,,,,,,1000,10610.3764,97.7163
271500,,,507.2882,-23.6536,93790.7344,507.2882,8.091,345.3606,6.671,,,
272000,,,707.4247,380.6993,314486.2812,707.4247,8.7151,467.2266,22.7703,,,
272000,,,,,,,,,,1000,10564.9354,97.7662
272500,,,593.5236,148.2572,101432.9609,593.5236,8.0215,531.8391,9.6957,,,
273000,,,538.198,41.1619,68984.8594,538.198,8.2065,453.9317,9.0022,,,
273000,,,,,,,,,,1000,10726.9633,94.74
273500,,,615.0551,190.0613,280350.9375,615.0551,9.2792,529.4874,9.2533,,,
274000,,,494.5381,-54.6785,98865.8594,494.5381,10.7732,319.2874,12.9823,,,
274000,,,,,,,,,,1000,10606.9984,92.7391
274500,,,709.8311,381.4271,272939.4062,709.8311,8.8353,249.6122,21.2758,,,
275000,,,718.803,399.2958,290381.9375,718.803,7.9085,446.843,6.5341,,,
275000,11138.0612,1000.0,,,,,,,,,,
275000,,,,,,,,,,1000,10675.5165,77.2021
275500,,,688.8785,336.5249,286437.0,688.8785,7.3036,232.5943,5.8563,,,
276000,,,585.5833,133.7617,123267.4375,585.5833,8.3869,516.2841,5.7056,,,
276000,,,,,,,,,,1000,10566.5658,92.3959
276500,,,636.8248,231.7666,213546.4688,636.8248,8.8104,331.4663,16.5286,,,
277000,,,567.4535,93.7092,144145.5625,567.4535,6.6992,167.8523,15.8175,,,
277000,,,,,,,,,,1000,11045.3447,96.574
277500,,,553.6609,62.8217,89999.9141,553.6609,10.1219,675.5727,20.6569,,,
278000,,,557.7731,70.0339,115350.1328,557.7731,7.7885,427.1984,5.8999,,,
278000,,,,,,,,,,1000,10522.5185,92.7622
278500,,,533.764,20.1399,41018.8438,533.764,9.3948,472.3496,30.3582,,,
279000,,,602.5272,157.5327,193176.5156,602.5272,8.3466,391.1131,37.1864,,,
279000,,,,,,,,,,1000,10471.9732,97.3558
279500,,,615.5989,188.5424,211845.0625,615.5989,8.3744,269.2064,17.737,,,
280000,,,678.2792,307.6421,80980.0469,678.2792,8.5213,340.1156,17.7413,,,
280000,11308.7862,1000.0,,,,,,,,,,
280000,,,,,,,,,,1000,10674.8335,75.574
280500,,,511.8857,-22.3691,70784.3672,511.8857,7.1974,268.1397,24.2959,,,
281000,,,489.9093,-73.3131,92502.3281,489.9093,8.965,292.7297,23.1391,,,
281000,,,,,,,,,,1000,10525.033,91.4541
281500,,,651.2944,251.3708,212800.75,651.2944,10.3803,934.076,17.0071,,,
282000,,,769.2733,484.7341,416908.6875,769.2733,8.1193,494.6749,7.1355,,,
282000,,,,,,,,,,1000,10715.3229,91.1387
282500,,,612.9888,168.0645,176953.3281,612.9888,7.4314,342.9014,16.8925,,,
283000,,,740.7792,430.0773,326865.3438,740.7792,8.7011,367.9384,12.854,,,
283000,,,,,,,,,,1000,11056.0922,93.4621
283500,,,504.6797,-43.4825,67930.9922,504.6797,8.809,471.5294,10.7693,,,
284000,,,609.2666,156.9465,167353.25,609.2666,7.5558,320.1067,11.9768,,,
284000,,,,,,,,,,1000,10678.3758,92.8867
284500,,,504.489,-46.338,75069.9297,504.489,7.951,607.0126,7.0817,,,
285000,,,589.7375,128.7292,164151.7344,589.7375,8.6825,441.4723,9.0249,,,
285000,11415.5445,1000.0,,,,,,,,,,
285000,,,,,,,,,,1000,10765.6297,78.1998
285500,,,661.7939,268.6,164999.9062,661.7939,9.651,371.562,14.7489,,,
286000,,,649.7831,249.2545,314381.4688,649.7831,8.5705,218.5238,27.4561,,,
286000,,,,,,,,,,1000,-200.564,92.3415
286500,,,587.328,122.5134,168122.5938,587.328,8.5586,278.5761,17.2348,,,
287000,,,709.9805,365.835,125914.3438,709.9805,7.5476,491.0147,9.5399,,,
287000,,,,,,,,,,1000,10892.7322,94.8246
287500,,,578.8712,102.5258,176698.0938,578.8712,9.8548,337.761,40.6094,,,
288000,,,678.8209,296.155,193466.4062,678.8209,9.7316,549.1447,20.0879,,,
288000,,,,,,,,,,1000,10937.3894,91.8119
288500,,,654.704,247.9513,198848.7812,654.704,8.1666,234.8052,7.4449,,,
289000,,,567.3774,79.9973,135423.125,567.3774,6.8878,370.416,6.3534,,,
289000,,,,,,,,,,1000,10944.3326,92.7584
289500,,,706.2415,356.4071,138712.2031,706.2415,7.3547,306.3048,9.2848,,,
290000,,,715.3319,371.5293,160523.8281,715.3319,8.404,264.547,22.1973,,,
290000,11390.1445,1000.0,,,,,,,,,,
290000,,,,,,,,,,1000,10957.0989,78.62
290500,,,594.6162,131.6189,104016.6641,594.6162,8.6004,306.2564,13.7074,,,
291000,,,660.3573,265.1799,150542.0,660.3573,7.1335,188.1033,9.5214,,,
291000,,,,,,,,,,1000,11060.4756,91.3463
291500,,,567.6743,78.0602,110471.6797,567.6743,9.7425,433.2895,10.4515,,,
292000,,,730.7231,394.0869,394237.7188,730.7231,9.1973,500.8469,11.8754,,,
292000,,,,,,,,,,1000,11004.374,91.6202
292500,,,483.3187,-93.3296,134849.0938,483.3187,7.8981,210.0054,5.6997,,,
293000,,,618.4345,175.9274,199901.4531,618.4345,7.4085,290.7828,15.2123,,,
293000,,,,,,,,,,1000,11063.6046,91.0299
293500,,,575.4181,82.5251,196873.8281,575.4181,8.4729,687.5359,4.555,,,
294000,,,632.2476,193.8474,290201.0,632.2476,9.498,585.2238,10.2225,,,
294000,,,,,,,,,,1000,11071.9539,91.217
294500,,,515.3356,-40.5645,187369.2188,515.3356,9.2394,454.3941,11.513,,,
295000,,,546.6661,20.2471,158769.5469,546.6661,9.9563,234.6119,18.2101,,,
295000,10289.8263,1000.0,,,,,,,,,,
295000,,,,,,,,,,1000,10986.981,76.5244
295500,,,701.9905,337.0,315736.8125,701.9905,8.1845,227.3219,21.9184,,,
296000,,,521.9453,-23.7836,112508.7344,521.9453,6.3945,274.0557,9.1264,,,
296000,,,,,,,,,,1000,10894.255,91.1372
296500,,,506.7131,-53.0245,44883.8828,506.7131,8.5429,493.1681,14.6005,,,
297000,,,568.2099,65.3868,97429.3672,568.2099,9.8687,371.3138,18.0818,,,
297000,,,,,,,,,,1000,10835.422,91.1481
297500,,,563.6821,55.4683,169664.2656,563.6821,8.3266,411.2563,13.5048,,,
298000,,,624.7579,182.9944,219810.2969,624.7579,7.6313,305.2648,18.6509,,,
298000,,,,,,,,,,1000,11121.3919,91.3096
298500,,,636.3307,196.5118,157124.2969,636.3307,6.9262,514.6244,9.0379,,,
299000,,,606.3243,138.2415,145307.8125,606.3243,8.6264,342.1526,4.8509,,,
299000,,,,,,,,,,1000,11134.3085,91.1893
299500,,,936.5125,809.4873,486991.5625,936.5125,10.3936,404.9828,19.2792,,,
300000,,,669.404,262.3051,126531.1641,669.404,8.4494,579.6384,16.2098,,,
300000,10113.8641,1000.0,,,,,,,,,,
300000,,,,,,,,,,1000,11088.083,75.3537
300500,,,585.9952,95.3828,113121.6016,585.9952,11.0336,355.9787,7.9555,,,
301000,,,571.1672,62.7249,87936.625,571.1672,7.2193,274.236,9.2316,,,
301000,,,,,,,,,,1000,10677.3196,91.193
301500,,,523.7479,-32.3911,52417.7266,523.7479,8.3751,404.2229,10.5188,,,
302000,,,539.098,3.2915,75436.1406,539.098,8.806,287.8968,21.8188,,,
302000,,,,,,,,,,1000,11096.3077,93.8185
302500,,,671.4661,268.4539,125783.3203,671.4661,8.3763,572.6045,8.6699,,,
303000,,,616.2205,152.452,294771.8438,616.2205,8.1872,198.2009,19.284,,,
303000,,,,,,,,,,1000,10995.9647,91.7982
303500,,,717.3187,354.1505,384086.375,717.3187,9.203,493.7427,18.6542,,,
304000,,,559.9283,42.9111,224628.7188,559.9283,8.6972,349.9491,8.8411,,,
304000,,,,,,,,,,1000,11042.9659,92.3138
304500,,,626.9861,174.6478,143729.7656,626.9861,8.9854,426.0287,16.1762,,,
305000,,,637.6823,191.8784,119226.3438,637.6823,8.5648,495.3347,7.8342,,,
305000,11574.268,1000.0,,,,,,,,,,
305000,,,,,,,,,,1000,10788.7511,75.5774
305500,,,676.3904,262.5168,202894.0938,676.3904,7.4958,272.1359,20.4008,,,
306000,,,663.7805,244.4773,215083.0,663.7805,8.034,227.3539,6.8221,,,
306000,,,,,,,,,,1000,11355.2264,91.5279
306500,,,619.1442,145.7383,143848.0156,619.1442,28.7313,614.2028,19.6971,,,
307000,,,631.2322,172.2306,227532.9688,631.2322,7.6358,267.1768,26.2988,,,
307000,,,,,,,,,,1000,10658.9694,91.4851
307500,,,676.4082,266.7698,164377.3438,676.4082,8.5452,253.3225,13.2104,,,
308000,,,519.6334,-50.968,45674.7227,519.6334,10.0059,355.5522,16.9842,,,
308000,,,,,,,,,,1000,10946.0491,91.3085
308500,,,682.7722,275.1954,492863.4688,682.7722,9.4003,332.3681,15.8676,,,
309000,,,622.6551,156.7108,200465.625,622.6551,9.0306,270.1269,12.0863,,,
309000,,,,,,,,,,1000,11273.4953,91.3447
309500,,,559.8952,29.132,111133.3203,559.8952,7.497,345.2027,10.1841,,,
310000,,,813.748,534.1489,208576.1094,813.748,9.0199,545.0636,19.0996,,,
310000,11547.1167,1000.0,,,,,,,,,,
310000,,,,,,,,,,1000,11234.0135,75.626
310500,,,656.6865,215.1654,231116.1406,656.6865,9.064,317.6428,31.4363,,,
311000,,,592.2927,91.2827,137304.1719,592.2927,8.7656,347.4516,6.7402,,,
311000,,,,,,,,,,1000,10780.0938,91.4376
311500,,,704.1508,316.8374,207423.6719,704.1508,10.265,445.5887,9.2974,,,
312000,,,828.9502,558.6455,379423.875,828.9502,9.6013,506.1964,7.011,,,
312000,,,,,,,,,,1000,11105.3302,91.2502
312500,,,632.5582,169.7234,72618.0781,632.5582,9.8384,568.9482,29.4168,,,
313000,,,589.448,84.0342,206132.0625,589.448,7.56,169.3209,18.5256,,,
313000,,,,,,,,,,1000,10939.6366,91.1039
313500,,,608.0379,120.0194,216273.7969,608.0379,6.8996,342.6274,6.1536,,,
314000,,,666.5877,238.4442,226353.6719,666.5877,10.1013,408.6009,9.9401,,,
314000,,,,,,,,,,1000,11198.5869,91.2462
314500,,,670.3159,238.7701,104845.0,670.3159,11.4171,429.7283,7.7046,,,
315000,,,688.2616,271.2581,177993.375,688.2616,8.6322,283.4286,15.6076,,,
315000,11189.854,1000.0,,,,,,,,,,
315000,,,,,,,,,,1000,10737.0486,77.0891
315500,,,619.3483,139.9563,238232.7188,619.3483,9.6154,523.9907,9.0349,,,
316000,,,587.5892,77.5845,227225.8281,587.5892,9.1793,598.8312,17.5819,,,
316000,,,,,,,,,,1000,11281.506,91.2475
316500,,,754.046,412.4093,135455.2031,754.046,7.2352,252.4048,15.5498,,,
317000,,,618.7135,139.8994,173303.4219,618.7135,8.6669,241.782,6.3626,,,
317000,,,,,,,,,,1000,11271.9507,91.4595
317500,,,697.042,299.752,301470.2188,697.042,8.7814,326.6716,24.6828,,,
318000,,,546.3947,-10.7119,94592.4219,546.3947,8.1893,315.7244,10.3935,,,
318000,,,,,,,,,,1000,11272.696,91.5095
318500,,,595.7902,91.6157,114230.5078,595.7902,8.6712,360.7021,9.8408,,,
319000,,,555.0118,9.0162,133666.4062,555.0118,8.1901,212.0434,5.5744,,,
319000,,,,,,,,,,1000,11203.8724,93.5175
319500,,,949.2311,793.171,629197.0,949.2311,7.2174,227.3343,7.758,,,
320000,,,601.509,101.3512,226210.5625,601.509,8.1852,276.9435,10.811,,,
320000,11776.3663,1000.0,,,,,,,,,,
320000,,,,,,,,,,1000,11353.2721,75.5249
320500,,,548.7828,-7.5883,109322.3984,548.7828,8.2137,256.2604,7.9696,,,
321000,,,766.5069,434.5902,284004.125,766.5069,10.9284,703.0474,14.4581,,,
321000,,,,,,,,,,1000,11007.6803,97.0848
321500,,,615.0857,122.6,221097.7812,615.0857,8.3267,234.7628,14.1687,,,
322000,,,639.4813,173.2841,70151.4609,639.4813,7.2273,491.6231,14.5182,,,
322000,,,,,,,,,,1000,10954.7833,93.4099
322500,,,627.4856,146.9246,109169.6953,627.4856,8.1625,457.5843,14.312,,,
323000,,,628.5144,149.3477,174949.6406,628.5144,8.9186,200.6417,9.1047,,,
323000,,,,,,,,,,1000,11213.5495,91.4338
323500,,,666.1722,223.6321,75953.3828,666.1722,9.0079,720.2159,14.6706,,,
324000,,,695.5948,281.1165,268318.6562,695.5948,9.3111,430.0406,30.5213,,,
324000,,,,,,,,,,1000,10778.5418,91.5746
324500,,,561.6962,20.4553,67980.3203,561.6962,8.7399,426.7003,9.5641,,,
325000,,,612.856,113.0066,112720.7578,612.856,8.1416,432.6357,14.4109,,,
325000,11909.181,1000.0,,,,,,,,,,
325000,,,,,,,,,,1000,11168.0693,75.8051
325500,,,613.6016,114.6199,103776.8125,613.6016,8.7285,593.0739,19.227,,,
326000,,,705.7272,295.3235,165833.5156,705.7272,8.4375,453.1041,8.7678,,,
326000,,,,,,,,,,1000,10465.7063,97.4758
326500,,,577.0142,39.0345,75153.7656,577.0142,8.5069,194.2094,10.6343,,,
327000,,,705.7611,290.8843,126143.2969,705.7611,9.6956,520.9598,8.0836,,,
327000,,,,,,,,,,1000,11528.8546,96.8767
327500,,,671.3196,224.3894,152524.4062,671.3196,8.8386,247.6058,6.6494,,,
328000,,,662.2449,212.4049,189116.0938,662.2449,8.6583,641.4045,22.291,,,
328000,,,,,,,,,,1000,11448.3215,95.829
328500,,,876.9496,632.0841,365811.4062,876.9496,7.5937,362.1609,6.8088,,,
329000,,,849.7261,585.3881,484817.4062,849.7261,10.7009,368.1758,37.7384,,,
329000,,,,,,,,,,1000,11224.9251,92.6155
329500,,,606.7217,99.6816,173956.5156,606.7217,9.1543,443.4585,18.173,,,
330000,,,664.6879,216.5205,149091.3438,664.6879,9.0703,142.2033,11.7853,,,
330000,11442.5353,1000.0,,,,,,,,,,
330000,,,,,,,,,,1000,11082.6595,78.488
330500,,,620.5253,128.228,75877.4609,620.5253,8.3503,564.3712,12.3348,,,
331000,,,630.0123,138.4614,125506.7344,630.0123,9.4495,591.2736,8.7608,,,
331000,,,,,,,,,,1000,11315.2023,92.6692
331500,,,624.2542,127.8521,119688.5234,624.2542,7.9727,566.8837,32.4581,,,
332000,,,654.1946,187.2321,229880.2969,654.1946,10.5077,310.168,19.347,,,
332000,,,,,,,,,,1000,11385.8061,92.6243
332500,,,713.001,313.1558,86141.0859,713.001,8.9288,409.9876,31.7133,,,
333000,,,606.7885,94.9651,80885.1406,606.7885,8.177,258.1686,36.5742,,,
333000,,,,,,,,,,1000,10225.6733,91.3629
333500,,,655.0815,188.4561,177399.2031,655.0815,9.6054,234.1164,5.5879,,,
334000,,,614.5918,101.3427,92136.9219,614.5918,7.87,312.6364,15.3166,,,
334000,,,,,,,,,,1000,11572.3485,91.4026
334500,,,543.1978,-36.6766,169404.4531,543.1978,7.94,314.0447,18.4515,,,
335000,,,714.2395,307.3206,150608.2969,714.2395,8.0037,248.3033,11.1277,,,
335000,11854.7613,1000.0,,,,,,,,,,
335000,,,,,,,,,,1000,11435.0575,75.5924
335500,,,614.6634,98.1119,128579.5391,614.6634,8.3531,384.867,15.2726,,,
336000,,,640.516,155.5366,207927.8906,640.516,11.3231,578.4821,35.6365,,,
336000,,,,,,,,,,1000,11644.9297,91.3782
336500,,,678.4797,231.281,126130.7656,678.4797,7.7905,254.5781,17.8412,,,
337000,,,628.5435,127.0938,79729.6016,628.5435,9.2822,354.4357,15.1908,,,
337000,,,,,,,,,,1000,11518.1947,91.4059
337500,,,642.9619,162.5249,171672.6406,642.9619,9.0124,498.6343,19.3857,,,
338000,,,636.0488,143.3174,167992.4531,636.0488,8.3947,335.6962,17.3668,,,
338000,,,,,,,,,,1000,11584.9192,91.4752
338500,,,659.2935,184.411,121033.1562,659.2935,8.7443,432.1539,6.9468,,,
339000,,,656.8254,184.1674,124312.4531,656.8254,9.2516,289.106,31.5511,,,
339000,,,,,,,,,,1000,11450.3994,91.3744
339500,,,838.8117,546.9791,297765.625,838.8117,8.691,316.0831,7.3796,,,
340000,,,797.1694,464.3119,341989.1562,797.1694,7.9997,298.2113,7.1814,,,
340000,12012.3622,1000.0,,,,,,,,,,
340000,,,,,,,,,,1000,11562.984,76.5921
340500,,,819.2719,503.1263,448411.6875,819.2719,8.4827,348.5064,11.1039,,,
341000,,,640.5193,149.8641,227048.25,640.5193,8.3169,276.0674,10.8681,,,
341000,,,,,,,,,,1000,11425.2417,91.4487
341500,,,613.1796,94.2335,197066.7812,613.1796,8.9986,603.2586,22.0502,,,
342000,,,621.3734,112.6672,91155.7031,621.3734,9.666,162.1017,10.1858,,,
342000,,,,,,,,,,1000,10662.4432,91.4665
342500,,,652.4764,176.9006,53868.3281,652.4764,12.1033,387.8924,16.7068,,,
343000,,,819.5335,508.4869,228794.875,819.5335,10.5279,469.5447,40.6035,,,
343000,,,,,,,,,,1000,6742.7705,91.3544
343500,,,628.1456,119.6016,72711.7656,628.1456,9.1912,306.9564,7.4079,,,
344000,,,691.3613,251.0293,164528.9375,691.3613,9.4333,339.0382,21.0583,,,
344000,,,,,,,,,,1000,11216.86,91.4671
344500,,,824.8854,516.9688,206290.6719,824.8854,9.3559,391.0541,17.8389,,,
345000,,,703.8223,277.0209,103653.875,703.8223,9.362,483.5749,20.3872,,,
345000,11090.8279,1000.0,,,,,,,,,,
345000,,,,,,,,,,1000,11480.343,75.738
345500,,,905.6055,674.7278,206350.1406,905.6055,8.9343,225.1723,8.1954,,,
346000,,,719.0196,299.5155,121447.8828,719.0196,8.8729,375.5341,48.4415,,,
346000,,,,,,,,,,1000,12004.3186,96.4907
346500,,,786.7586,435.1759,221296.8125,786.7586,8.9968,257.268,20.4559,,,
347000,,,714.8865,287.6993,224963.0938,714.8865,9.7184,535.5822,18.4923,,,
347000,,,,,,,,,,1000,11893.9201,91.3042
347500,,,636.3043,134.1765,111588.2188,636.3043,9.3632,208.4428,14.57,,,
348000,,,664.6795,191.6307,103145.625,664.6795,9.5347,302.7704,7.1932,,,
348000,,,,,,,,,,1000,11602.5831,93.2523
348500,,,653.5184,169.1326,144843.5312,653.5184,9.2263,660.4631,28.3203,,,
349000,,,651.9014,166.0601,124687.6328,651.9014,9.8407,193.285,8.5154,,,
349000,,,,,,,,,,1000,11582.5148,95.0932
349500,,,697.7805,254.1783,262276.4688,697.7805,8.0263,273.4359,11.6468,,,
350000,,,619.7363,107.3767,52835.3047,619.7363,10.2348,227.1629,26.7922,,,
350000,12247.4649,1000.0,,,,,,,,,,
350000,,,,,,,,,,1000,11198.2427,75.8282
350500,,,676.311,209.668,117157.8828,676.311,9.7247,428.48,8.3906,,,
351000,,,691.6107,248.8446,92718.0625,691.6107,7.3485,187.1894,21.5066,,,
351000,,,,,,,,,,1000,11078.596,91.2998
351500,,,674.2413,210.2847,208074.5938,674.2413,9.2879,215.1946,17.5042,,,
352000,,,764.4832,382.6392,177262.2031,764.4832,8.9272,329.9485,35.4215,,,
352000,,,,,,,,,,1000,11436.7475,91.4063
352500,,,799.7457,456.3318,376647.3438,799.7457,7.7278,487.2744,34.4497,,,
353000,,,685.1544,230.9673,220765.125,685.1544,8.6022,402.1601,42.0824,,,
353000,,,,,,,,,,1000,11851.2655,91.4067
353500,,,579.2674,12.4166,112685.4922,579.2674,8.6023,261.6364,14.1287,,,
354000,,,664.08,180.5509,76113.7578,664.08,9.5748,236.1993,23.7744,,,
354000,,,,,,,,,,1000,11680.3643,91.4048
354500,,,758.8174,384.3223,141702.7188,758.8174,8.2332,395.8951,6.2973,,,
355000,,,798.0013,451.6567,333422.9688,798.0013,7.7566,314.3903,9.8207,,,
355000,12097.7149,1000.0,,,,,,,,,,
355000,,,,,,,,,,1000,11737.8847,75.313
355500,,,759.5308,366.2184,156219.3125,759.5308,8.5569,208.7052,15.8281,,,
356000,,,873.8115,601.5488,599033.875,873.8115,8.4067,234.7665,9.7109,,,
356000,,,,,,,,,,1000,11540.6241,93.5207
356500,,,583.0785,19.1417,51767.1094,583.0785,8.511,335.1893,8.9892,,,
357000,,,671.8578,190.9988,169898.9375,671.8578,10.7613,763.5687,10.7774,,,
357000,,,,,,,,,,1000,11775.2551,91.3902
357500,,,707.3035,266.0958,171750.9219,707.3035,7.9139,350.7757,10.8721,,,
358000,,,833.0945,517.656,217711.1875,833.0945,8.2255,354.2246,10.9979,,,
358000,,,,,,,,,,1000,11977.7148,91.5737
358500,,,626.1591,98.1184,165090.0156,626.1591,9.0286,338.9304,21.9865,,,
359000,,,707.3733,270.7787,135905.2656,707.3733,10.5462,473.3734,15.0393,,,
359000,,,,,,,,,,1000,11114.7574,91.4709
359500,,,645.0464,132.2383,108891.4844,645.0464,9.4174,497.1703,20.3998,,,
360000,,,739.8093,331.5382,250577.4531,739.8093,8.894,331.8142,34.6617,,,
360000,12538.399,1000.0,,,,,,,,,,
360000,,,,,,,,,,1000,11910.4303,75.3416
360500,,,617.6194,77.9116,125009.2422,617.6194,11.4078,572.9035,12.5372,,,
361000,,,717.0439,279.1562,302441.2812,717.0439,9.9299,594.9493,11.5847,,,
361000,,,,,,,,,,1000,11811.5468,94.5704
361500,,,668.1427,181.7998,229448.9219,668.1427,10.4095,299.1442,15.2299,,,
362000,,,666.326,171.0406,121343.9688,666.326,9.3444,270.87,11.9413,,,
362000,,,,,,,,,,1000,11577.796,91.3897
362500,,,815.3016,475.8823,302713.7812,815.3016,14.7489,334.4137,13.4924,,,
363000,,,666.6842,179.3147,100567.9844,666.6842,10.9002,328.1606,5.8935,,,
363000,,,,,,,,,,1000,11894.9309,91.2231
363500,,,709.0986,267.3756,117098.7734,709.0986,9.167,314.9318,42.3189,,,
364000,,,719.0986,275.7986,329119.2188,719.0986,8.9605,385.5363,23.1946,,,
364000,,,,,,,,,,1000,11960.3456,91.3914
364500,,,661.8748,163.7897,271532.25,661.8748,10.0694,480.0048,27.8385,,,
365000,,,711.0173,254.9725,380588.7812,711.0173,11.18,295.3935,21.9204,,,
365000,12679.1562,1000.0,,,,,,,,,,
365000,,,,,,,,,,1000,12147.2296,75.8284
365500,,,561.4493,-31.0685,121519.6172,561.4493,8.3678,256.706,16.192,,,
366000,,,658.5892,158.5605,139056.5156,658.5892,8.4725,289.9445,7.3559,,,
366000,,,,,,,,,,1000,11952.0445,91.6668
366500,,,650.8463,136.005,103078.6719,650.8463,8.3806,645.5485,7.7666,,,
367000,,,708.9587,252.087,232774.3594,708.9587,10.2211,390.4997,8.5022,,,
367000,,,,,,,,,,1000,12004.8142,91.4125
367500,,,630.5606,94.8119,77986.0,630.5606,8.3801,261.5745,18.4681,,,
368000,,,583.2375,-7.0647,210394.7969,583.2375,10.5395,378.6862,40.1026,,,
368000,,,,,,,,,,1000,12115.1376,91.4631
368500,,,616.0515,61.7745,59205.9492,616.0515,11.2563,563.0818,11.5206,,,
369000,,,726.6555,282.8,138719.2969,726.6555,9.1117,390.0381,7.0171,,,
369000,,,,,,,,,,1000,12039.7684,91.5524
369500,,,684.6237,199.2114,128640.1016,684.6237,10.2237,248.9749,30.7843,,,
370000,,,740.1192,313.3037,184581.7969,740.1192,10.1139,400.9295,11.6662,,,
370000,12946.5431,1000.0,,,,,,,,,,
370000,,,,,,,,,,1000,11939.8585,75.6314
370500,,,699.9283,226.3746,110672.3516,699.9283,9.0655,338.5176,11.1573,,,
371000,,,685.5137,197.0145,112955.875,685.5137,9.8124,567.857,35.9552,,,
371000,,,,,,,,,,1000,11281.6539,91.4854
371500,,,713.3018,250.347,214473.6562,713.3018,11.2915,613.1125,10.0613,,,
372000,,,679.672,189.385,231193.875,679.672,10.426,401.9955,18.6265,,,
372000,,,,,,,,,,1000,11827.7491,91.4567
372500,,,743.8168,309.1171,308331.8125,743.8168,10.775,496.119,27.0092,,,
373000,,,692.6664,209.5355,319092.0,692.6664,9.9082,303.1778,31.5312,,,
373000,,,,,,,,,,1000,12288.2135,93.0176
373500,,,691.559,212.5537,131244.0312,691.559,8.0317,471.2185,17.0328,,,
374000,,,681.5717,183.3755,157322.875,681.5717,10.5299,312.3961,17.0866,,,
374000,,,,,,,,,,1000,12289.1818,91.3711
374500,,,741.0985,309.3569,206995.1406,741.0985,11.2872,424.2971,10.8295,,,
375000,,,850.2102,525.8635,367613.5625,850.2102,10.8646,438.6457,8.6528,,,
375000,12698.7696,1000.0,,,,,,,,,,
375000,,,,,,,,,,1000,11981.4427,75.8577
375500,,,717.0114,256.4186,136862.6406,717.0114,12.9812,299.0328,17.3135,,,
376000,,,662.1293,142.0297,172724.1094,662.1293,9.5226,402.0701,8.674,,,
376000,,,,,,,,,,1000,12009.6978,91.9092
376500,,,758.9396,338.7074,339479.0938,758.9396,11.0311,365.9143,27.575,,,
377000,,,789.4195,398.1721,158983.7812,789.4195,10.8871,232.5508,20.607,,,
377000,,,,,,,,,,1000,11097.2754,96.6073
377500,,,761.363,343.0071,396450.2812,761.363,11.1829,576.8311,13.3431,,,
378000,,,823.0796,462.4053,408168.625,823.0796,10.1495,432.604,19.3072,,,
378000,,,,,,,,,,1000,11892.9781,94.1064
378500,,,724.0643,268.2782,185123.9375,724.0643,11.2714,523.7249,21.6165,,,
379000,,,628.2861,68.5481,153960.0625,628.2861,10.361,257.6633,22.354,,,
379000,,,,,,,,,,1000,12184.9799,94.1573
379500,,,697.3777,205.3492,289643.75,697.3777,13.3296,496.0407,8.4146,,,
380000,,,930.9734,676.8185,584650.1875,930.9734,12.6402,280.1816,27.27,,,
380000,12076.5349,1000.0,,,,,,,,,,
380000,,,,,,,,,,1000,10022.2544,77.1496
380500,,,768.2142,349.2867,376173.125,768.2142,13.434,291.7055,12.5426,,,
381000,,,656.6421,121.6619,207631.1719,656.6421,13.6308,289.8629,21.698,,,
381000,,,,,,,,,,1000,12262.5888,91.6278
381500,,,657.6541,126.3591,133236.2969,657.6541,10.7285,224.7008,30.3208,,,
382000,,,702.4863,210.8621,348073.7812,702.4863,10.655,289.6106,23.5247,,,
382000,,,,,,,,,,1000,11738.8187,93.1749
382500,,,645.9808,104.333,70333.6719,645.9808,11.5473,644.1707,10.9444,,,
383000,,,708.9973,226.0654,143881.5312,708.9973,14.1091,371.5238,28.1409,,,
383000,,,,,,,,,,1000,12296.1585,95.3168
383500,,,736.0111,280.8906,156453.4219,736.0111,10.0143,452.4296,7.8449,,,
384000,,,647.2774,108.3158,145935.3906,647.2774,9.5499,132.5213,17.8178,,,
384000,,,,,,,,,,1000,12017.4015,95.2843
384500,,,755.4386,325.9778,159936.6094,755.4386,13.8569,450.424,37.4802,,,
385000,,,734.5125,270.618,215112.5156,734.5125,11.5292,247.1049,7.6713,,,
385000,13035.4831,1000.0,,,,,,,,,,
385000,,,,,,,,,,1000,12363.4985,77.7484
385500,,,700.2908,204.3899,178725.7031,700.2908,12.8628,382.8758,25.1007,,,
386000,,,783.9404,364.6648,235261.2812,783.9404,12.3566,531.965,25.6503,,,
386000,,,,,,,,,,1000,12280.6202,93.7238
386500,,,660.7889,119.613,134803.9531,660.7889,13.2083,466.1812,15.806,,,
387000,,,657.5367,112.384,57949.8711,657.5367,9.606,321.0847,10.06,,,
387000,,,,,,,,,,1000,12277.201,93.0644
387500,,,695.6163,183.6638,107098.7734,695.6163,9.7304,256.1693,9.5565,,,
388000,,,768.8822,334.653,418389.8125,768.8822,13.2578,365.3164,15.8209,,,
388000,,,,,,,,,,1000,12332.2999,96.7348
388500,,,703.8817,197.9103,140076.3281,703.8817,11.4547,343.0312,12.6176,,,
389000,,,750.3367,289.7363,247654.7344,750.3367,11.757,277.571,13.8749,,,
389000,,,,,,,,,,1000,12376.9616,97.5324
389500,,,716.7612,227.0363,172702.5,716.7612,11.6563,304.9517,17.7746,,,
390000,,,696.464,194.4961,154039.3594,696.464,12.0425,299.1261,16.3416,,,
390000,12117.9875,1000.0,,,,,,,,,,
390000,,,,,,,,,,1000,12097.446,79.8115
390500,,,663.8155,113.1287,73443.8984,663.8155,15.4583,585.9507,27.4701,,,
391000,,,663.0651,117.427,123293.1562,663.0651,12.3564,245.2296,6.8502,,,
391000,,,,,,,,,,1000,12204.2901,92.2109
391500,,,651.7424,87.1398,144914.4531,651.7424,11.1488,336.3355,30.7487,,,
392000,,,689.4036,164.6818,67155.875,689.4036,13.0783,636.3868,15.4876,,,
392000,,,,,,,,,,1000,12426.3059,94.5461
392500,,,651.15,84.5211,79745.8359,651.15,12.5351,395.6772,13.5549,,,
393000,,,726.7334,236.5918,76427.5234,726.7334,12.363,397.3634,22.3608,,,
393000,,,,,,,,,,1000,12472.5958,94.9591
393500,,,699.3362,186.4199,182508.2344,699.3362,11.9074,201.4763,18.0418,,,
394000,,,761.126,301.7836,251810.4531,761.126,16.9758,744.3909,12.0284,,,
394000,,,,,,,,,,1000,12226.895,94.347
394500,,,722.2482,225.5544,125158.5391,722.2482,14.4129,304.2864,10.4091,,,
395000,,,783.5067,350.4813,209554.8125,783.5067,12.6446,350.7363,10.2533,,,
395000,12944.9121,1000.0,,,,,,,,,,
395000,,,,,,,,,,1000,12351.713,78.5915
395500,,,731.365,241.9028,207696.75,731.365,14.3115,545.123,12.6472,,,
396000,,,812.3073,403.9175,134207.2656,812.3073,13.1279,299.2462,10.7126,,,
396000,,,,,,,,,,1000,12339.4392,92.3233
396500,,,724.4173,223.8109,141688.125,724.4173,12.2533,375.5096,12.3573,,,
397000,,,763.328,310.6836,87885.5078,763.328,13.6616,355.6523,25.1454,,,
397000,,,,,,,,,,1000,12019.965,92.2456
397500,,,660.3663,94.8203,79253.0859,660.3663,15.3319,439.1236,32.546,,,
398000,,,802.6597,380.6537,302383.625,802.6597,20.0192,415.6502,24.5088,,,
398000,,,,,,,,,,1000,12539.2243,92.386
398500,,,685.4074,148.6346,123565.7031,685.4074,14.6877,317.3673,19.9957,,,
399000,,,691.2785,158.4652,114757.4531,691.2785,13.2602,324.3494,11.7748,,,
399000,,,,,,,,,,1000,12305.5752,91.6299
399500,,,636.8257,49.7432,118434.1875,636.8257,15.0342,445.5109,15.6379,,,
400000,,,726.0795,226.3118,155644.7031,726.0795,14.5119,263.3222,8.0148,,,
400000,12749.9906,1000.0,,,,,,,,,,
400000,,,,,,,,,,1000,12377.4287,77.0397
400500,,,734.629,246.5847,71571.3984,734.629,15.4517,404.8467,8.7049,,,
401000,,,834.4086,439.0658,176484.8125,834.4086,12.1252,255.0533,8.735,,,
401000,,,,,,,,,,1000,12616.3215,95.6011
401500,,,685.8022,143.3992,180707.9375,685.8022,11.8188,274.6017,9.0366,,,
402000,,,654.0684,75.0455,116323.6641,654.0684,13.3525,795.6722,21.2521,,,
402000,,,,,,,,,,1000,12818.2349,96.8709
402500,,,708.0082,182.8687,125309.1875,708.0082,13.9901,305.0388,14.0491,,,
403000,,,698.0568,164.5387,97037.0938,698.0568,11.2183,584.4795,16.1117,,,
403000,,,,,,,,,,1000,12445.8529,91.3728
403500,,,699.2353,161.806,198236.2656,699.2353,18.1421,371.4596,20.766,,,
404000,,,688.2854,146.4017,144566.0312,688.2854,16.3027,486.4606,11.7863,,,
404000,,,,,,,,,,1000,12760.7154,91.6859
404500,,,698.3514,164.803,171237.9531,698.3514,11.8174,463.8979,18.448,,,
405000,,,671.0186,101.5966,85853.2812,671.0186,13.4977,412.7596,18.9498,,,
405000,13508.0103,1000.0,,,,,,,,,,
405000,,,,,,,,,,1000,12793.6959,78.6811
405500,,,657.8223,79.2191,132524.6719,657.8223,12.295,334.3728,10.8062,,,
406000,,,741.8259,246.3608,226948.3594,741.8259,13.4307,393.651,9.4858,,,
406000,,,,,,,,,,1000,12878.0154,91.7352
406500,,,707.2075,177.0725,180918.0156,707.2075,13.2873,431.7978,15.4229,,,
407000,,,729.0049,220.4574,230786.0625,729.0049,13.6413,626.6559,18.1999,,,
407000,,,,,,,,,,1000,12969.2524,93.7204
407500,,,753.389,272.1782,141390.6875,753.389,12.4602,520.7085,16.3972,,,
408000,,,691.1161,143.2809,88450.2109,691.1161,16.1472,504.7743,17.1235,,,
408000,,,,,,,,,,1000,12532.4169,91.7217
408500,,,731.3708,216.3579,123586.7734,731.3708,12.6715,295.211,14.0714,,,
409000,,,670.9328,98.702,225087.5469,670.9328,12.7818,397.8334,26.6307,,,
409000,,,,,,,,,,1000,12812.1247,91.6503
409500,,,747.9811,252.3248,329486.125,747.9811,12.842,386.4023,16.9361,,,
410000,,,695.3997,139.5275,120777.8438,695.3997,14.1132,384.7691,14.1003,,,
410000,13419.841,1000.0,,,,,,,,,,
410000,,,,,,,,,,1000,13001.2575,76.5708
410500,,,740.9529,231.2045,222663.5625,740.9529,14.251,295.0027,16.6637,,,
411000,,,709.9332,177.7358,242498.4844,709.9332,13.19,463.4503,9.6055,,,
411000,,,,,,,,,,1000,12566.6541,91.5602
411500,,,745.8492,240.7684,194693.4375,745.8492,12.0933,410.7092,28.7096,,,
412000,,,594.0015,-62.7614,75320.5781,594.0015,13.6927,326.5797,12.3042,,,
412000,,,,,,,,,,1000,12939.8994,91.6039
412500,,,736.4263,226.8898,217490.9844,736.4263,16.7352,978.6775,11.1981,,,
413000,,,743.1652,232.6401,152008.9531,743.1652,12.4807,291.3794,20.7013,,,
413000,,,,,,,,,,1000,13029.3132,91.7177
413500,,,642.9786,37.3156,87881.5391,642.9786,14.0597,387.7671,18.0022,,,
414000,,,650.4727,51.6465,101508.1641,650.4727,11.3219,537.7478,38.0094,,,
414000,,,,,,,,,,1000,12868.7891,96.0095
414500,,,750.7561,247.5126,174718.25,750.7561,13.4832,334.6459,14.4219,,,
415000,,,732.4601,212.7197,74512.7266,732.4601,13.939,276.1635,16.6645,,,
415000,12826.5983,1000.0,,,,,,,,,,
415000,,,,,,,,,,1000,12773.6251,76.2596
415500,,,680.0078,106.5613,79668.4219,680.0078,13.4079,365.3368,22.528,,,
416000,,,689.7129,120.7739,151151.0312,689.7129,15.5414,592.3113,8.6667,,,
416000,,,,,,,,,,1000,12897.9673,91.7611
416500,,,716.9837,180.7812,136263.8438,716.9837,12.9422,352.5793,18.984,,,
417000,,,658.4258,60.7903,144618.3438,658.4258,14.7912,494.7626,25.5847,,,
417000,,,,,,,,,,1000,12876.666,93.8167
417500,,,687.4819,123.1882,80475.5312,687.4819,16.9747,587.7214,10.5482,,,
418000,,,659.822,55.4209,108108.2109,659.822,13.2687,546.4943,20.7739,,,
418000,,,,,,,,,,1000,12791.5808,94.4965
418500,,,655.1215,45.0896,121348.1797,655.1215,14.196,658.0609,13.4987,,,
419000,,,715.7634,164.3064,242141.6562,715.7634,15.9384,581.9156,16.3032,,,
419000,,,,,,,,,,1000,12734.436,97.9458
419500,,,739.5834,217.3109,217130.4844,739.5834,16.1676,281.7777,16.6539,,,
420000,,,683.6507,98.7496,157213.0781,683.6507,12.8231,572.4536,11.3926,,,
420000,13941.1616,1000.0,,,,,,,,,,
420000,,,,,,,,,,1000,12943.622,80.1117
420500,,,762.0696,256.5422,207916.6719,762.0696,13.8419,608.8673,14.8767,,,
421000,,,655.6478,46.3375,155231.625,655.6478,14.76,262.5979,17.2029,,,
421000,,,,,,,,,,1000,12818.1584,92.189
421500,,,718.2528,162.5916,311309.6875,718.2528,16.0382,720.723,17.7284,,,
422000,,,723.707,183.2136,198084.4062,723.707,14.4937,530.4067,17.8742,,,
422000,,,,,,,,,,1000,12840.8726,94.1781
422500,,,767.2892,260.6433,101041.9453,767.2892,16.0417,546.4186,23.5502,,,
423000,,,694.6356,116.2024,106454.625,694.6356,16.5827,463.1424,11.5904,,,
423000,,,,,,,,,,1000,13330.042,91.4792
423500,,,728.113,182.4021,143241.3281,728.113,13.9369,402.5228,12.2441,,,
424000,,,644.5797,14.4557,93602.8203,644.5797,13.7171,475.6503,16.3162,,,
424000,,,,,,,,,,1000,13298.7413,92.8924
424500,,,660.3734,47.6307,101726.6797,660.3734,14.8999,457.7296,13.7476,,,
425000,,,713.7506,151.8521,129057.4297,713.7506,13.0655,365.6234,19.5046,,,
425000,14029.9412,1000.0,,,,,,,,,,
425000,,,,,,,,,,1000,12565.9959,76.1929
425500,,,695.972,109.0255,92882.9297,695.972,14.0808,455.543,16.397,,,
426000,,,664.3317,51.9773,123098.0781,664.3317,15.5403,594.6374,21.9905,,,
426000,,,,,,,,,,1000,12945.1442,95.0126
426500,,,615.301,-53.9556,59694.918,615.301,15.1755,675.5991,17.3778,,,
427000,,,721.0104,158.9829,109515.3828,721.0104,15.3137,324.7427,10.6033,,,
427000,,,,,,,,,,1000,13438.4667,92.8368
427500,,,775.8079,268.9404,281972.6875,775.8079,15.6238,503.3336,14.2133,,,
428000,,,673.4142,69.5767,128660.3828,673.4142,14.9987,495.8942,15.4721,,,
428000,,,,,,,,,,1000,13468.8075,91.7981
428500,,,867.2106,463.8774,201791.1562,867.2106,13.0798,459.6297,16.6295,,,
429000,,,757.4941,236.0466,262702.7812,757.4941,14.5837,717.994,10.001,,,
429000,,,,,,,,,,1000,4328.1471,93.0003
429500,,,685.1694,96.1907,135896.5938,685.1694,23.4957,588.578,14.4518,,,
430000,,,711.9685,144.4113,126493.2578,711.9685,15.1531,336.407,26.964,,,
430000,13991.8637,1000.0,,,,,,,,,,
430000,,,,,,,,,,1000,13100.2933,78.6259
430500,,,664.1495,51.7662,132742.2188,664.1495,14.9421,296.6649,15.8949,,,
431000,,,755.9693,232.499,132655.875,755.9693,14.7807,305.1495,14.4054,,,
431000,,,,,,,,,,1000,13336.4736,93.5196
431500,,,684.6343,81.9454,63880.8477,684.6343,14.9531,535.1169,23.0787,,,
432000,,,733.5162,188.731,99926.7734,733.5162,17.1583,578.6625,23.8659,,,
432000,,,,,,,,,,1000,13123.6171,97.7417
432500,,,863.6417,442.7833,447530.125,863.6417,14.8329,392.3744,10.2223,,,
433000,,,666.3573,46.0334,199931.5938,666.3573,16.4073,432.5774,10.2399,,,
433000,,,,,,,,,,1000,13121.6623,97.8399
433500,,,685.2825,88.5725,192561.2812,685.2825,17.2162,491.1507,15.8831,,,
434000,,,847.7092,402.5343,201254.2812,847.7092,16.4478,600.6766,12.36,,,
434000,,,,,,,,,,1000,13336.4445,97.7135
434500,,,747.7692,211.7168,141242.1562,747.7692,18.4005,728.9775,18.0143,,,
435000,,,644.8468,1.3743,116977.5469,644.8468,13.1023,333.3204,15.1203,,,
435000,13823.6459,1000.0,,,,,,,,,,
435000,,,,,,,,,,1000,13146.7283,77.3562
435500,,,683.2216,77.827,98988.2109,683.2216,16.7494,686.037,14.1428,,,
436000,,,721.3455,148.3008,157238.0469,721.3455,16.8642,487.1078,26.4836,,,
436000,,,,,,,,,,1000,12623.402,91.6827
436500,,,626.3033,-47.3573,70514.0781,626.3033,23.4695,760.0654,10.1739,,,
437000,,,702.5933,110.4969,132846.5938,702.5933,16.4846,371.2155,39.803,,,
437000,,,,,,,,,,1000,13384.801,92.612
437500,,,611.7869,-74.223,85248.625,611.7869,14.6424,503.8762,20.0448,,,
438000,,,714.8157,130.6333,151272.8125,714.8157,13.3193,321.8491,10.8647,,,
438000,,,,,,,,,,1000,13341.7161,92.2396
438500,,,646.8784,-3.2661,83557.8984,646.8784,16.5328,383.5687,27.582,,,
439000,,,736.9926,179.697,228356.5469,736.9926,17.7425,751.9114,17.7335,,,
439000,,,,,,,,,,1000,13452.4511,91.7767
439500,,,706.183,106.5045,125693.4922,706.183,15.4205,280.4767,17.0559,,,
440000,,,645.9798,-6.4408,108160.6328,645.9798,13.7835,550.4167,18.5606,,,
440000,13824.2303,1000.0,,,,,,,,,,
440000,,,,,,,,,,1000,12885.0411,77.41
440500,,,675.9213,44.1334,55269.0938,675.9213,16.5492,832.0374,10.697,,,
441000,,,651.2715,-10.7885,83048.1641,651.2715,14.243,678.5875,16.2685,,,
441000,,,,,,,,,,1000,13453.5921,94.8387
441500,,,622.7932,-66.1058,74856.75,622.7932,13.569,677.2534,18.1387,,,
442000,,,576.6011,-145.5376,100447.9922,576.6011,16.0627,648.6871,15.078,,,
442000,,,,,,,,,,1000,13668.9561,93.009
442500,,,660.368,12.01,87785.8047,660.368,14.6546,364.8867,24.2047,,,
443000,,,635.0854,-43.1086,60001.5625,635.0854,14.3714,604.879,13.5409,,,
443000,,,,,,,,,,1000,13026.0679,93.7127
443500,,,720.2262,137.167,96726.4922,720.2262,14.2969,587.6984,10.0255,,,
444000,,,685.6886,70.2234,100819.375,685.6886,13.5161,331.5293,11.8798,,,
444000,,,,,,,,,,1000,2008.1014,93.0442
444500,,,671.551,39.9139,86537.4141,671.551,15.8785,540.4783,11.4515,,,
445000,,,616.5844,-69.4407,95779.5938,616.5844,17.5038,507.8054,21.9862,,,
445000,11315.0837,1000.0,,,,,,,,,,
445000,,,,,,,,,,1000,13214.954,76.9595
445500,,,706.5101,103.1998,124320.5078,706.5101,19.5304,567.3737,20.5906,,,
446000,,,591.2016,-128.5079,42540.8789,591.2016,15.718,548.9516,24.3413,,,
446000,,,,,,,,,,1000,13277.5604,91.6274
446500,,,686.2939,67.9895,94132.8984,686.2939,14.8338,508.957,30.9198,,,
447000,,,772.1247,239.9755,111108.4844,772.1247,16.0472,399.4228,19.0948,,,
447000,,,,,,,,,,1000,13351.8076,93.1
447500,,,707.4393,109.9924,106115.8516,707.4393,17.9566,625.5042,12.3136,,,
448000,,,722.2866,137.0925,153296.4688,722.2866,15.2,352.3125,18.0355,,,
448000,,,,,,,,,,1000,13512.8576,91.4096
448500,,,724.021,141.4747,130310.6875,724.021,15.6717,498.9733,18.7936,,,
449000,,,685.8265,65.1882,59332.0586,685.8265,14.8401,403.0419,14.2509,,,
449000,,,,,,,,,,1000,13699.4143,91.3706
449500,,,745.774,179.9971,171369.625,745.774,16.7058,542.3703,9.2682,,,
450000,,,596.0966,-121.4318,65994.8672,596.0966,14.2581,352.3966,14.5511,,,
450000,14304.8707,1000.0,,,,,,,,,,
450000,,,,,,,,,,1000,13488.3335,76.8469
450500,,,682.1742,56.6993,124309.5234,682.1742,15.7662,375.1646,16.3297,,,
451000,,,636.0511,-42.1967,108302.5625,636.0511,12.0827,231.8319,21.3351,,,
451000,,,,,,,,,,1000,13241.6119,94.7474
451500,,,624.6465,-71.2412,70552.6328,624.6465,13.9937,652.0361,13.5822,,,
452000,,,679.734,34.2747,91030.0078,679.734,12.663,597.2657,12.743,,,
452000,,,,,,,,,,1000,13539.1516,91.3808
452500,,,605.8087,-104.8817,91997.1484,605.8087,14.2473,366.3099,16.3215,,,
453000,,,698.0624,73.1287,130069.7422,698.0624,14.8542,386.1468,12.4942,,,
453000,,,,,,,,,,1000,13647.3422,91.3424
453500,,,637.7482,-54.5873,93522.9609,637.7482,12.4607,352.7905,31.3959,,,
454000,,,687.7808,48.4119,198888.0625,687.7808,11.7604,387.6404,22.4692,,,
454000,,,,,,,,,,1000,13065.0174,91.2919
454500,,,738.8484,151.4617,102965.8203,738.8484,15.9452,636.8321,10.454,,,
455000,,,624.5505,-75.3562,75672.4141,624.5505,14.2049,822.1014,12.4144,,,
455000,14468.9987,1000.0,,,,,,,,,,
455000,,,,,,,,,,1000,13568.25,75.8072
455500,,,680.9659,25.8812,119362.1172,680.9659,13.8037,388.5922,27.4362,,,
456000,,,668.4504,6.207,72648.6797,668.4504,12.0897,457.2778,12.7026,,,
456000,,,,,,,,,,1000,13123.729,91.5147
456500,,,715.6885,96.6227,159201.9219,715.6885,69.5974,784.8826,14.4807,,,
457000,,,687.0781,45.918,97823.5938,687.0781,14.083,430.3034,8.4982,,,
457000,,,,,,,,,,1000,13135.7407,93.2996
457500,,,676.4911,22.7057,161020.2656,676.4911,14.1048,292.6898,20.8787,,,
458000,,,628.9365,-77.7651,101020.5469,628.9365,13.1234,505.2368,8.7791,,,
458000,,,,,,,,,,1000,13610.5154,93.1597
458500,,,680.6279,29.0094,45624.0312,680.6279,13.8302,558.119,13.3374,,,
459000,,,642.3529,-57.516,165924.1562,642.3529,13.2215,372.5499,9.1293,,,
459000,,,,,,,,,,1000,13693.7362,93.4832
459500,,,644.0054,-50.6613,61481.1445,644.0054,14.5436,536.2661,14.1557,,,
460000,,,738.2114,138.2897,255800.9844,738.2114,13.9438,487.0064,30.6431,,,
460000,14417.7181,1000.0,,,,,,,,,,
460000,,,,,,,,,,1000,13837.4827,76.6073
460500,,,780.5378,226.7269,194553.6562,780.5378,12.4475,341.0897,7.0396,,,
461000,,,561.2179,-221.241,83877.2734,561.2179,12.2027,445.0815,11.5826,,,
461000,,,,,,,,,,1000,13611.8028,91.2748
461500,,,690.84,44.2974,157871.7656,690.84,13.5148,418.375,12.1507,,,
462000,,,580.317,-173.2657,51480.9688,580.317,11.2112,397.6289,18.2309,,,
462000,,,,,,,,,,1000,13581.3999,91.4779
462500,,,600.761,-132.9425,52406.0078,600.761,13.7515,285.7605,12.4904,,,
463000,,,756.3936,173.4038,197984.8594,756.3936,13.8887,789.1956,32.2439,,,
463000,,,,,,,,,,1000,13211.027,91.3571
463500,,,640.9094,-69.6832,78088.8281,640.9094,15.9941,888.3328,12.6709,,,
464000,,,689.8434,42.9009,159938.375,689.8434,12.6741,389.9792,15.2866,,,
464000,,,,,,,,,,1000,13733.246,91.4275
464500,,,764.0175,184.4032,252320.5156,764.0175,13.5201,439.462,12.5132,,,
465000,,,628.5036,-88.0204,136662.625,628.5036,10.4343,347.2686,18.7375,,,
465000,14433.9449,1000.0,,,,,,,,,,
465000,,,,,,,,,,1000,13392.5043,75.6413
465500,,,693.5751,41.5616,128481.9688,693.5751,11.9501,438.9529,15.9893,,,
466000,,,602.4276,-139.6716,68509.4062,602.4276,26.5928,392.2601,9.7557,,,
466000,,,,,,,,,,1000,13866.089,94.165
466500,,,655.4587,-33.8019,88722.7734,655.4587,12.1872,322.9003,11.1335,,,
467000,,,608.5385,-122.8524,92679.9297,608.5385,11.6292,415.8771,9.9149,,,
467000,,,,,,,,,,1000,13789.1959,94.9353
467500,,,638.6513,-64.6017,105621.6328,638.6513,11.7796,295.9994,12.6089,,,
468000,,,647.0067,-54.8857,186138.2188,647.0067,10.7803,528.5396,12.2573,,,
468000,,,,,,,,,,1000,13978.6989,93.9121
468500,,,672.4105,1.7189,143366.9062,672.4105,13.0217,447.2019,10.4899,,,
469000,,,620.211,-110.4121,70917.2891,620.211,18.0774,375.9996,11.3744,,,
469000,,,,,,,,,,1000,13280.054,92.8249
469500,,,683.4757,22.1469,191941.0,683.4757,11.747,254.4923,10.6793,,,
470000,,,586.7747,-193.2711,77944.2656,586.7747,11.1175,438.8342,12.6383,,,
470000,14426.6675,1000.0,,,,,,,,,,
470000,,,,,,,,,,1000,13943.66,77.316
470500,,,634.7777,-85.0216,115863.6094,634.7777,12.9022,408.394,12.9918,,,
471000,,,686.5829,26.8057,122335.6797,686.5829,11.5421,349.0029,20.2142,,,
471000,,,,,,,,,,1000,14025.5064,92.587
471500,,,702.707,48.4121,128351.5469,702.707,12.4465,430.8626,20.7458,,,
472000,,,619.4718,-120.5083,117912.1094,619.4718,15.378,491.3452,17.5593,,,
472000,,,,,,,,,,1000,2160.5829,95.8596
472500,,,605.1458,-138.6144,69483.5156,605.1458,13.7415,556.2623,16.3312,,,
473000,,,655.7527,-28.6694,74200.4922,655.7527,12.6478,625.7565,21.041,,,
473000,,,,,,,,,,1000,13302.1588,94.7153
473500,,,706.7098,61.8364,101145.8125,706.7098,11.4409,492.9771,15.6577,,,
474000,,,729.9175,96.3772,176602.6094,729.9175,12.4279,356.0412,14.8385,,,
474000,,,,,,,,,,1000,13889.3206,97.408
474500,,,645.4291,-68.9597,82622.8594,645.4291,10.5391,252.2525,15.1231,,,
475000,,,747.8781,146.8656,246640.4219,747.8781,17.1855,565.5575,9.9473,,,
475000,14478.2353,1000.0,,,,,,,,,,
475000,,,,,,,,,,1000,13642.1061,76.2505
475500,,,677.9335,14.2924,131689.1562,677.9335,16.1062,691.03,18.3137,,,
476000,,,697.6329,46.1753,92244.1328,697.6329,13.7036,440.7834,10.8878,,,
476000,,,,,,,,,,1000,13717.8567,91.2087
476500,,,718.7297,86.9495,142537.5938,718.7297,26.2668,531.3753,16.8717,,,
477000,,,634.4599,-66.1444,112486.25,634.4599,13.7213,573.2974,8.8218,,,
477000,,,,,,,,,,1000,14089.3499,93.4752
477500,,,715.5663,85.5704,130060.8594,715.5663,14.4529,511.0931,16.5313,,,
478000,,,665.883,-12.0468,117028.8906,665.883,12.9878,516.2576,24.478,,,
478000,,,,,,,,,,1000,13895.9831,91.0508
478500,,,670.614,-14.1337,92580.9531,670.614,11.9549,467.9497,10.6533,,,
479000,,,755.3403,152.822,206291.5781,755.3403,12.9397,364.8716,32.496,,,
479000,,,,,,,,,,1000,13880.1728,91.1611
479500,,,778.4688,192.385,145044.0625,778.4688,11.0341,530.8778,9.0021,,,
480000,,,640.4423,-85.5986,153473.125,640.4423,10.9557,515.1371,10.3477,,,
480000,14693.6815,1000.0,,,,,,,,,,
480000,,,,,,,,,,1000,14055.4287,75.7013
480500,,,651.5173,-65.9454,135237.3438,651.5173,11.6403,334.4353,10.7853,,,
481000,,,757.8574,156.0952,162261.7969,757.8574,11.4303,478.8959,13.9317,,,
481000,,,,,,,,,,1000,14210.3732,91.7947
481500,,,570.407,-219.3263,77925.2734,570.407,10.9092,437.9409,19.1941,,,
482000,,,650.7773,-50.3606,71705.8828,650.7773,11.6977,328.7657,17.4844,,,
482000,,,,,,,,,,1000,13939.2335,91.5499
482500,,,707.1132,60.4938,171951.9844,707.1132,11.22,535.3553,25.6642,,,
483000,,,728.8768,92.553,144578.2812,728.8768,9.1607,540.4703,15.5146,,,
483000,,,,,,,,,,1000,13455.654,91.6849
483500,,,627.1772,-131.4413,127215.8984,627.1772,17.9908,484.0163,13.8872,,,
484000,,,734.94,109.4548,215625.5156,734.94,16.7171,426.9938,26.1286,,,
484000,,,,,,,,,,1000,13910.8516,91.4775
484500,,,632.0905,-101.2307,139161.8281,632.0905,12.2562,312.6263,16.5664,,,
485000,,,669.6186,-42.2775,124881.2031,669.6186,11.9254,475.6305,12.6844,,,
485000,14588.3987,1000.0,,,,,,,,,,
485000,,,,,,,,,,1000,13980.3884,75.7854
485500,,,641.2036,-96.3688,87749.9766,641.2036,13.4993,738.306,14.1385,,,
486000,,,631.6141,-110.2925,106011.6953,631.6141,10.5289,556.472,31.1157,,,
486000,,,,,,,,,,1000,14146.3206,91.7608
486500,,,742.5153,100.196,150779.7969,742.5153,14.1328,399.3733,13.5182,,,
487000,,,835.2486,292.7731,211692.375,835.2486,12.0438,485.3185,10.6929,,,
487000,,,,,,,,,,1000,13881.0921,91.7857
487500,,,779.3299,180.5524,136479.8438,779.3299,10.7761,450.2686,15.4508,,,
488000,,,696.9801,19.5543,106708.3438,696.9801,13.3967,360.676,11.7423,,,
488000,,,,,,,,,,1000,12768.4228,91.7112
488500,,,640.0043,-99.249,79261.2422,640.0043,13.6835,676.3782,10.2886,,,
489000,,,695.222,-0.3501,175656.3125,695.222,12.3651,396.4206,13.6583,,,
489000,,,,,,,,,,1000,14184.1897,91.5209
489500,,,652.4372,-84.2548,103697.2656,652.4372,33.4112,816.8961,10.7918,,,
490000,,,662.3179,-47.5312,85704.75,662.3179,13.589,627.3708,18.4239,,,
490000,14532.557,1000.0,,,,,,,,,,
490000,,,,,,,,,,1000,3509.7145,75.6366
490500,,,704.7847,48.156,116967.2578,704.7847,11.7405,323.195,23.4172,,,
491000,,,698.8781,22.7202,145629.7969,698.8781,10.774,332.689,19.3126,,,
491000,,,,,,,,,,1000,14245.9983,93.446
491500,,,747.5678,114.8524,184832.7031,747.5678,12.0004,406.3552,29.3538,,,
492000,,,795.4281,204.4594,84710.0625,795.4281,16.9122,517.1951,8.8983,,,
492000,,,,,,,,,,1000,13884.0926,91.3906
492500,,,648.996,-74.4304,120104.0781,648.996,12.5039,580.1556,14.1686,,,
493000,,,622.0223,-134.7898,104597.4141,622.0223,16.963,446.8562,12.9877,,,
493000,,,,,,,,,,1000,13863.8473,91.2053
493500,,,671.1707,-38.5576,96190.0234,671.1707,10.0713,326.2505,13.3053,,,
494000,,,650.2584,-82.8593,111776.6484,650.2584,12.5118,462.1289,15.9937,,,
494000,,,,,,,,,,1000,14332.7326,93.3556
494500,,,813.8625,246.4309,71567.9297,813.8625,9.4093,375.3712,8.8634,,,
495000,,,796.9539,213.498,131656.4531,796.9539,11.4125,869.8157,8.6683,,,
495000,12865.5568,1000.0,,,,,,,,,,
495000,,,,,,,,,,1000,14087.8126,77.2712
