env_steps,return,length,success,train/return,train/length,train/success,zp_loss,critic_loss,FPS
0,0.0,324.0,0.0,,,,,,
10000,0.0,324.0,0.0,0.0049,333.3333,0.0333,0.001,0.0015,623.3854
20000,0.0,324.0,0.0,0.0481,303.0303,0.1212,0.0004,0.0001,752.1522
30000,0.0,324.0,0.0,0.0245,322.5806,0.0968,0.0004,0.0001,746.3024
40000,0.0,324.0,0.0,0.0246,322.5806,0.0968,0.0004,0.0001,752.0612
50000,0.0,324.0,0.0,0.0168,312.5,0.0625,0.0004,0.0002,744.3346
60000,0.0,324.0,0.0,0.0457,312.5,0.125,0.0005,0.0002,741.1933
70000,0.0,324.0,0.0,0.0795,303.0303,0.1818,0.0005,0.0002,735.4328
80000,0.0,324.0,0.0,0.0426,312.5,0.0938,0.0005,0.0002,736.7739
90000,0.0,324.0,0.0,0.1743,277.7778,0.4167,0.0005,0.0003,731.3053
100000,0.0,324.0,0.0,0.0856,303.0303,0.1818,0.0006,0.0003,730.477
110000,0.0,324.0,0.0,0.1121,294.1176,0.2647,0.0006,0.0004,730.5881
120000,0.0,324.0,0.0,0.0794,303.0303,0.2121,0.0006,0.0004,726.9651
130000,0.0,324.0,0.0,0.0516,312.5,0.1875,0.0007,0.0004,723.8447
140000,0.0,324.0,0.0,0.0908,294.1176,0.2353,0.0007,0.0004,721.5833
150000,0.0897,295.3,0.1,0.2079,270.2703,0.4865,0.0007,0.0004,715.2221
160000,0.0,324.0,0.0,0.1241,285.7143,0.2857,0.0008,0.0004,715.519
170000,0.0822,298.0,0.1,0.2001,263.1579,0.3684,0.0008,0.0004,714.448
180000,0.0939,293.8,0.1,0.2142,263.1579,0.4211,0.0008,0.0005,711.0978
190000,0.0958,293.1,0.1,0.1974,263.1579,0.3158,0.0009,0.0005,712.4706
200000,0.1886,263.3,0.2,0.1945,270.2703,0.3784,0.0009,0.0006,709.8848
210000,0.0,324.0,0.0,0.1533,277.7778,0.3333,0.0009,0.0007,711.8987
220000,0.0,324.0,0.0,0.1324,294.1176,0.2647,0.001,0.0008,712.7018
230000,0.0908,294.9,0.1,0.1845,270.2703,0.3784,0.001,0.0008,709.9553
240000,0.1758,267.9,0.2,0.1814,263.1579,0.3158,0.001,0.0008,704.1079
250000,0.0517,309.0,0.1,0.1232,294.1176,0.2941,0.0011,0.0008,699.8999
260000,0.0956,293.2,0.1,0.1361,285.7143,0.3143,0.0011,0.0008,699.9577
270000,0.1828,265.4,0.2,0.1692,277.7778,0.3333,0.0011,0.0008,695.6593
280000,0.0,324.0,0.0,0.3085,232.5581,0.5349,0.0011,0.0008,698.3039
290000,0.2744,236.0,0.3,0.2942,238.0952,0.5476,0.0011,0.0009,695.4699
300000,0.0,324.0,0.0,0.1757,270.2703,0.2973,0.0011,0.0009,699.6791
310000,0.0497,309.7,0.1,0.2143,256.4103,0.359,0.0011,0.0009,693.7171
320000,0.0,324.0,0.0,0.2865,243.9024,0.4878,0.0011,0.001,691.3936
330000,0.0939,293.8,0.1,0.3432,217.3913,0.587,0.0012,0.0011,694.1477
340000,0.2286,252.5,0.3,0.3111,232.5581,0.5349,0.0012,0.0011,686.0504
350000,0.085,297.0,0.1,0.2908,238.0952,0.5238,0.0012,0.0011,692.5346
360000,0.3728,204.2,0.4,0.2882,238.0952,0.4286,0.0012,0.0011,690.4101
370000,0.0908,294.9,0.1,0.2639,243.9024,0.4878,0.0012,0.0011,690.5681
380000,0.0778,299.6,0.1,0.2293,256.4103,0.4359,0.0012,0.0011,690.1122
390000,0.0,324.0,0.0,0.3372,222.2222,0.5778,0.0012,0.0012,687.558
400000,0.0,324.0,0.0,0.2402,256.4103,0.4872,0.0012,0.0012,687.9914
410000,0.0936,293.9,0.1,0.2968,238.0952,0.5238,0.0012,0.0012,682.9669
420000,0.1444,279.2,0.2,0.2099,263.1579,0.4474,0.0013,0.0012,676.0814
430000,0.1733,268.8,0.2,0.2588,243.9024,0.439,0.0013,0.0013,676.0621
440000,0.0,324.0,0.0,0.3276,227.2727,0.5455,0.0013,0.0012,678.8987
450000,0.0828,297.8,0.1,0.2821,243.9024,0.4634,0.0013,0.0013,679.0423
460000,0.2514,244.3,0.3,0.3446,222.2222,0.6667,0.0013,0.0014,673.7182
470000,0.1772,267.4,0.2,0.4164,196.0784,0.6078,0.0013,0.0014,676.3558
480000,0.1814,265.9,0.2,0.3743,208.3333,0.6042,0.0013,0.0015,673.844
490000,0.2378,249.2,0.3,0.4339,196.0784,0.6667,0.0013,0.0015,676.6276
500000,0.0,324.0,0.0,0.4223,192.3077,0.6538,0.0013,0.0015,674.8533
510000,0.2778,234.8,0.3,0.3625,212.766,0.5745,0.0013,0.0016,670.4774
520000,0.0939,293.8,0.1,0.4242,200.0,0.68,0.0013,0.0016,668.9395
530000,0.1883,263.4,0.2,0.5084,169.4915,0.7966,0.0014,0.0017,666.2212
540000,0.1831,265.3,0.2,0.4927,169.4915,0.7458,0.0014,0.0016,668.6513
550000,0.3569,209.9,0.4,0.4631,185.1852,0.6852,0.0014,0.0017,668.5647
560000,0.1775,267.3,0.2,0.4834,175.4386,0.7018,0.0014,0.0018,667.4213
570000,0.0928,294.2,0.1,0.5175,161.2903,0.7258,0.0014,0.0018,671.1147
580000,0.4619,175.7,0.5,0.4491,185.1852,0.6667,0.0014,0.0019,665.1655
590000,0.2467,246.0,0.3,0.544,158.7302,0.7619,0.0014,0.002,665.8689
600000,0.3422,215.2,0.4,0.5188,161.2903,0.7258,0.0014,0.002,669.5845
610000,0.4408,183.3,0.5,0.5342,158.7302,0.7619,0.0014,0.0021,664.4793
620000,0.3531,211.3,0.4,0.5194,166.6667,0.75,0.0014,0.0021,662.9946
630000,0.5331,153.7,0.6,0.6224,129.8701,0.8052,0.0015,0.0022,665.3931
640000,0.2806,233.8,0.3,0.5232,161.2903,0.7419,0.0015,0.0023,665.5256
650000,0.5061,163.4,0.6,0.5629,149.2537,0.8209,0.0015,0.0023,661.0061
660000,0.0808,298.5,0.1,0.5998,136.9863,0.8219,0.0015,0.0024,660.6516
670000,0.2786,234.5,0.3,0.5953,140.8451,0.831,0.0015,0.0024,657.9532
680000,0.3675,206.1,0.4,0.5717,142.8571,0.7429,0.0015,0.0025,654.1689
690000,0.3789,205.6,0.5,0.6321,131.5789,0.8684,0.0015,0.0025,653.0953
700000,0.3778,202.4,0.4,0.6407,121.9512,0.8415,0.0015,0.0025,656.1642
710000,0.4589,176.8,0.5,0.6125,131.5789,0.8158,0.0015,0.0026,654.1069
720000,0.2783,234.6,0.3,0.5621,147.0588,0.7206,0.0015,0.0026,653.5764
730000,0.4683,173.4,0.5,0.6403,126.5823,0.8354,0.0015,0.0027,654.9435
740000,0.2828,233.0,0.3,0.6368,123.4568,0.8642,0.0016,0.0027,654.2277
750000,0.6439,117.4,0.7,0.668,114.9425,0.8391,0.0016,0.0028,650.6486
760000,0.7467,84.0,0.8,0.7075,101.0101,0.8687,0.0016,0.0028,648.8084
770000,0.6461,116.6,0.7,0.6752,109.8901,0.8571,0.0016,0.0029,650.061
780000,0.3744,203.6,0.4,0.7041,102.0408,0.8878,0.0016,0.003,650.3396
790000,0.4478,180.8,0.5,0.6961,106.383,0.8723,0.0016,0.0031,649.2989
800000,0.4611,176.0,0.5,0.6906,105.2632,0.8632,0.0016,0.0031,647.6712
810000,0.6436,117.5,0.7,0.704,102.0408,0.8469,0.0016,0.0032,645.0253
820000,0.4769,173.9,0.6,0.7231,94.3396,0.8868,0.0016,0.0033,641.5817
830000,0.4661,174.2,0.5,0.7635,84.0336,0.9244,0.0017,0.0033,643.1091
840000,0.7408,86.1,0.8,0.7573,84.0336,0.9244,0.0017,0.0034,641.3763
850000,0.6639,110.2,0.7,0.7091,100.0,0.87,0.0017,0.0034,639.7068
860000,0.6242,124.5,0.7,0.7747,77.5194,0.9147,0.0017,0.0035,640.4533
870000,0.5239,157.0,0.6,0.7212,95.2381,0.8667,0.0017,0.0036,639.2086
880000,0.6622,110.8,0.7,0.7727,78.7402,0.9055,0.0017,0.0036,632.7524
890000,0.7606,79.0,0.8,0.752,87.7193,0.9386,0.0017,0.0036,638.4653
900000,0.7461,84.2,0.8,0.7265,94.3396,0.8962,0.0017,0.0037,634.2151
910000,0.4711,172.4,0.5,0.7652,81.9672,0.9098,0.0017,0.0037,631.2725
920000,0.7606,79.0,0.8,0.7549,83.3333,0.9,0.0018,0.0037,636.1942
930000,0.6472,116.2,0.7,0.8072,68.9655,0.9379,0.0018,0.0037,632.6997
940000,0.5469,148.7,0.6,0.7983,70.4225,0.9366,0.0018,0.0038,633.4651
950000,0.5611,143.6,0.6,0.7911,70.4225,0.9225,0.0018,0.0039,637.113
960000,0.7531,81.7,0.8,0.8161,64.9351,0.961,0.0018,0.0039,636.137
970000,0.7589,79.6,0.8,0.7583,84.0336,0.916,0.0018,0.0039,631.5508
980000,0.8425,53.1,0.9,0.8299,60.241,0.9639,0.0018,0.0039,628.6114
990000,0.9408,21.3,1.0,0.8258,60.9756,0.9573,0.0018,0.004,630.1867
1000000,0.5608,143.7,0.6,0.7851,74.6269,0.9328,0.0018,0.004,631.3432
1010000,0.8375,54.9,0.9,0.8486,54.3478,0.9728,0.0018,0.0041,631.3658
1020000,0.8386,54.5,0.9,0.8139,64.5161,0.9548,0.0018,0.004,628.4537
1030000,0.8486,50.9,0.9,0.8197,63.2911,0.9557,0.0019,0.0042,628.4495
1040000,0.7372,87.4,0.8,0.8624,48.7805,0.9805,0.0018,0.0041,626.1508
1050000,0.9478,18.8,1.0,0.8431,55.5556,0.9722,0.0019,0.0042,624.3341
1060000,0.9239,27.4,1.0,0.8505,52.9101,0.9735,0.0019,0.0042,628.0766
1070000,0.9406,21.4,1.0,0.8426,56.1798,0.9775,0.0019,0.0042,624.0519
1080000,0.8514,49.9,0.9,0.872,46.2963,0.9907,0.0019,0.0043,622.873
1090000,0.9439,20.2,1.0,0.8634,47.8469,0.9761,0.0019,0.0042,623.8099
1100000,0.5664,141.7,0.6,0.8715,45.2489,0.9774,0.0019,0.0043,624.2687
1110000,0.6814,111.1,0.9,0.8718,46.2963,0.9954,0.0019,0.0043,622.197
1120000,0.9461,19.4,1.0,0.8555,50.2513,0.9698,0.0019,0.0043,622.5087
1130000,0.7236,92.3,0.8,0.8787,42.9185,0.9785,0.0019,0.0043,621.7461
1140000,0.9453,19.7,1.0,0.8835,41.3223,0.9835,0.0019,0.0043,623.263
1150000,0.8528,49.4,0.9,0.897,37.037,0.9963,0.0019,0.0044,622.7092
1160000,0.8567,48.0,0.9,0.8885,39.8406,0.992,0.002,0.0044,622.4414
1170000,0.8522,49.6,0.9,0.903,34.6021,0.9931,0.002,0.0044,621.8962
1180000,0.9217,28.2,1.0,0.8911,39.2157,0.9961,0.002,0.0044,622.1123
1190000,0.9317,24.6,1.0,0.895,37.7358,0.9962,0.002,0.0044,618.2805
1200000,0.7531,81.7,0.8,0.8979,36.7647,0.989,0.002,0.0043,618.8886
1210000,0.5931,135.7,0.7,0.912,31.0559,0.9969,0.002,0.0044,618.1044
1220000,0.9489,18.4,1.0,0.9052,34.0136,0.9966,0.002,0.0044,618.0866
1230000,0.7436,85.1,0.8,0.9138,31.0559,0.9969,0.002,0.0045,616.3295
1240000,0.8503,50.3,0.9,0.9119,31.4465,0.9969,0.002,0.0044,617.1284
1250000,0.9447,19.9,1.0,0.9103,32.2581,1.0,0.002,0.0044,616.5706
1260000,0.9289,25.6,1.0,0.9021,34.8432,0.9861,0.002,0.0044,617.693
1270000,0.8572,47.8,0.9,0.9171,29.7619,0.997,0.002,0.0044,614.1776
1280000,0.8539,49.0,0.9,0.908,32.7869,0.9934,0.002,0.0045,612.3525
1290000,0.8528,49.4,0.9,0.9084,32.6797,0.9902,0.002,0.0044,612.2563
1300000,0.8572,47.8,0.9,0.9202,28.5714,0.9971,0.002,0.0044,612.1348
1310000,0.9425,20.7,1.0,0.9218,28.169,1.0,0.002,0.0044,612.0211
1320000,0.9458,19.5,1.0,0.9206,28.5714,0.9971,0.0021,0.0045,610.9915
1330000,0.8428,53.0,0.9,0.9142,30.7692,0.9969,0.0021,0.0045,607.2766
1340000,0.95,18.0,1.0,0.9231,27.4725,0.9973,0.0021,0.0045,606.5839
1350000,0.9381,22.3,1.0,0.9217,28.0899,0.9972,0.0021,0.0044,608.6265
1360000,0.9325,24.3,1.0,0.9175,29.8507,0.994,0.0021,0.0044,610.7787
1370000,0.8522,49.6,0.9,0.9175,29.2398,0.9971,0.0021,0.0045,608.9375
1380000,0.6883,105.0,0.8,0.9275,26.3852,1.0,0.0021,0.0044,605.2904
1390000,0.9489,18.4,1.0,0.9223,27.6243,0.9972,0.0021,0.0044,605.4589
1400000,0.8494,50.6,0.9,0.9227,27.8552,1.0,0.0021,0.0043,603.641
1410000,0.7564,80.5,0.8,0.9181,30.1205,0.994,0.0021,0.0043,601.6838
1420000,0.9239,27.4,1.0,0.92,27.7778,0.9944,0.0021,0.0043,605.2924
1430000,0.9497,18.1,1.0,0.9252,26.8817,1.0,0.0021,0.0043,605.813
1440000,0.9492,18.3,1.0,0.9322,24.4499,1.0,0.0021,0.0043,603.2908
1450000,0.9494,18.2,1.0,0.9272,26.3158,1.0,0.0021,0.0043,602.2892
1460000,0.8558,48.3,0.9,0.9276,25.9067,1.0,0.0021,0.0042,602.1044
1470000,0.8503,50.3,0.9,0.9285,25.8398,1.0,0.0021,0.0043,601.1916
1480000,0.935,23.4,1.0,0.9316,24.57,1.0,0.0021,0.0042,602.1464
1490000,0.7511,82.4,0.8,0.9273,26.178,1.0,0.0021,0.0043,599.1278
1500000,0.9442,20.1,1.0,0.932,24.4499,1.0,0.0021,0.0043,597.0937
1510000,0.9547,16.3,1.0,0.9361,23.0947,1.0,0.0021,0.0042,597.162
1520000,0.8494,50.6,0.9,0.9296,25.1889,0.9975,0.0021,0.0042,597.0706
1530000,0.9406,21.4,1.0,0.9345,23.5294,1.0,0.0021,0.0042,597.9845
1540000,0.9525,17.1,1.0,0.9292,25.4453,0.9975,0.0021,0.0042,593.6799
1550000,0.9497,18.1,1.0,0.9339,23.753,1.0,0.0021,0.0042,595.7259
1560000,0.9436,20.3,1.0,0.9313,24.7525,1.0,0.0021,0.0042,596.4346
1570000,0.9478,18.8,1.0,0.9338,23.9234,1.0,0.0021,0.0042,595.1581
1580000,0.9331,24.1,1.0,0.9359,22.9885,1.0,0.0021,0.0042,593.6683
1590000,0.9442,20.1,1.0,0.9356,23.2019,1.0,0.0021,0.0041,592.9249
1600000,0.9469,19.1,1.0,0.9327,24.2131,1.0,0.0022,0.0041,591.6883
1610000,0.9517,17.4,1.0,0.9354,23.31,1.0,0.0022,0.0041,593.4513
1620000,0.8394,54.2,0.9,0.9337,23.8663,1.0,0.0022,0.0041,595.6131
1630000,0.9422,20.8,1.0,0.9349,23.4192,1.0,0.0022,0.0041,594.6209
1640000,0.9347,23.5,1.0,0.9352,23.3645,1.0,0.0022,0.0041,591.6836
1650000,0.9503,17.9,1.0,0.9283,25.7069,0.9974,0.0022,0.004,593.6391
1660000,0.9517,17.4,1.0,0.9338,23.8095,1.0,0.0022,0.0041,592.4667
1670000,0.8578,47.6,0.9,0.9345,23.6407,1.0,0.0022,0.0041,590.1533
1680000,0.9356,23.2,1.0,0.9338,23.753,1.0,0.0022,0.004,588.1287
1690000,0.9542,16.5,1.0,0.9372,22.6244,1.0,0.0022,0.0041,592.4496
1700000,0.8503,50.3,0.9,0.9373,22.5734,1.0,0.0022,0.004,590.5047
1710000,0.9386,22.1,1.0,0.9353,23.31,1.0,0.0022,0.004,591.6907
1720000,0.9561,15.8,1.0,0.9376,22.4215,1.0,0.0022,0.004,589.7116
1730000,0.8394,54.2,0.9,0.9362,22.9885,1.0,0.0022,0.004,590.1683
1740000,0.9475,18.9,1.0,0.9374,22.5734,1.0,0.0022,0.0039,588.7822
1750000,0.9414,21.1,1.0,0.938,22.3214,1.0,0.0022,0.004,588.6897
1760000,0.9506,17.8,1.0,0.9375,22.4719,1.0,0.0022,0.0039,585.4874
1770000,0.9419,20.9,1.0,0.9373,22.5734,1.0,0.0022,0.0039,584.923
1780000,0.8414,53.5,0.9,0.9399,21.692,1.0,0.0022,0.0039,587.9074
1790000,0.8514,49.9,0.9,0.9338,23.8095,0.9976,0.0022,0.0038,584.998
1800000,0.9536,16.7,1.0,0.9379,22.2222,1.0,0.0022,0.0038,586.2222
1810000,0.9431,20.5,1.0,0.9386,22.1239,1.0,0.0022,0.0038,582.0497
1820000,0.9506,17.8,1.0,0.9365,22.8311,1.0,0.0022,0.0038,585.9483
1830000,0.9367,22.8,1.0,0.9395,21.8341,1.0,0.0022,0.0038,588.5631
1840000,0.9544,16.4,1.0,0.938,22.2222,0.9978,0.0022,0.0037,588.9363
1850000,0.9442,20.1,1.0,0.9414,21.097,1.0,0.0022,0.0038,583.9301
1860000,0.8439,52.6,0.9,0.9376,22.3714,0.9978,0.0022,0.0037,587.4651
1870000,0.9447,19.9,1.0,0.9403,21.5054,1.0,0.0022,0.0037,585.1565
1880000,0.9544,16.4,1.0,0.9402,21.5517,1.0,0.0022,0.0037,581.7742
1890000,0.9489,18.4,1.0,0.9367,22.6757,0.9977,0.0022,0.0038,583.1698
1900000,0.8403,53.9,0.9,0.9323,24.3902,1.0,0.0022,0.0037,585.1316
1910000,0.5614,143.5,0.6,0.9365,22.779,0.9977,0.0022,0.0037,580.0123
1920000,0.9394,21.8,1.0,0.9399,21.5983,1.0,0.0022,0.0037,580.3197
1930000,0.9489,18.4,1.0,0.9411,21.2314,1.0,0.0022,0.0037,579.9992
1940000,0.9511,17.6,1.0,0.9428,20.5761,1.0,0.0022,0.0037,579.6986
1950000,0.9519,17.3,1.0,0.937,22.6244,0.9977,0.0022,0.0037,581.3607
1960000,0.9519,17.3,1.0,0.9403,21.4592,1.0,0.0022,0.0036,576.1154
1970000,0.9442,20.1,1.0,0.9363,22.8833,0.9977,0.0022,0.0037,581.615
1980000,0.945,19.8,1.0,0.9422,20.79,1.0,0.0022,0.0037,582.9411
1990000,0.9556,16.0,1.0,0.9387,22.0751,1.0,0.0022,0.0037,581.0699
2000000,0.9372,22.6,1.0,0.9435,20.3666,1.0,0.0022,0.0037,578.5668
2010000,0.9514,17.5,1.0,0.9408,21.2766,1.0,0.0022,0.0036,579.4403
2020000,0.9375,22.5,1.0,0.9437,20.2429,1.0,0.0022,0.0037,581.3195
2030000,0.9542,16.5,1.0,0.9381,22.2717,1.0,0.0022,0.0036,580.465
2040000,0.9461,19.4,1.0,0.9395,21.7865,1.0,0.0022,0.0036,579.9137
2050000,0.9558,15.9,1.0,0.9397,21.692,1.0,0.0022,0.0036,577.7333
2060000,0.9533,16.8,1.0,0.9404,21.4592,1.0,0.0022,0.0036,578.5772
2070000,0.9575,15.3,1.0,0.9402,21.4592,0.9979,0.0022,0.0035,577.9176
2080000,0.9517,17.4,1.0,0.9429,20.6186,1.0,0.0022,0.0035,579.2116
2090000,0.9472,19.0,1.0,0.941,21.1864,1.0,0.0022,0.0036,575.634
2100000,0.9539,16.6,1.0,0.9434,20.4082,1.0,0.0022,0.0035,574.7853
2110000,0.9456,19.6,1.0,0.9413,21.0526,0.9979,0.0022,0.0035,571.9297
2120000,0.9528,17.0,1.0,0.9406,21.4133,1.0,0.0022,0.0035,575.3844
2130000,0.7592,79.5,0.8,0.9416,21.0084,1.0,0.0022,0.0035,571.5409
2140000,0.9478,18.8,1.0,0.94,21.5517,0.9978,0.0022,0.0035,575.9806
2150000,0.9508,17.7,1.0,0.9383,22.1239,0.9978,0.0022,0.0035,574.5257
2160000,0.9486,18.5,1.0,0.9382,22.2717,1.0,0.0022,0.0035,572.4285
2170000,0.9481,18.7,1.0,0.944,20.1207,1.0,0.0022,0.0034,572.8631
2180000,0.9525,17.1,1.0,0.9415,21.0526,0.9979,0.0022,0.0035,576.7641
2190000,0.9522,17.2,1.0,0.9421,20.79,1.0,0.0022,0.0035,577.7055
2200000,0.9497,18.1,1.0,0.9411,21.0526,0.9958,0.0022,0.0035,574.0781
2210000,0.9472,19.0,1.0,0.9418,20.8768,0.9979,0.0022,0.0034,573.7573
2220000,0.8583,47.4,0.9,0.9416,21.0084,0.9979,0.0022,0.0035,574.2244
2230000,0.9428,20.6,1.0,0.9435,20.284,1.0,0.0022,0.0034,571.4017
2240000,0.9553,16.1,1.0,0.9354,22.9885,0.9931,0.0022,0.0034,575.2848
2250000,0.9511,17.6,1.0,0.9441,20.1207,1.0,0.0022,0.0033,576.0958
2260000,0.955,16.2,1.0,0.9451,19.7628,1.0,0.0022,0.0033,574.2304
2270000,0.9506,17.8,1.0,0.9388,21.978,0.9978,0.0022,0.0034,573.6667
2280000,0.9489,18.4,1.0,0.9419,20.8333,0.9979,0.0022,0.0034,574.2295
2290000,0.9542,16.5,1.0,0.9425,20.7039,1.0,0.0022,0.0033,573.2813
2300000,0.9486,18.5,1.0,0.9437,20.284,1.0,0.0022,0.0034,571.9209
2310000,0.9497,18.1,1.0,0.9415,21.0526,1.0,0.0022,0.0034,571.5851
2320000,0.9508,17.7,1.0,0.9381,22.1239,0.9956,0.0022,0.0033,569.8729
2330000,0.95,18.0,1.0,0.9411,21.2314,1.0,0.0022,0.0033,569.8405
2340000,0.9497,18.1,1.0,0.9414,21.0526,0.9979,0.0021,0.0033,568.9633
2350000,0.9458,19.5,1.0,0.9445,19.9601,1.0,0.0021,0.0033,572.7264
2360000,0.95,18.0,1.0,0.9414,21.0084,0.9979,0.0021,0.0033,570.7048
2370000,0.9414,21.1,1.0,0.9436,20.3252,1.0,0.0021,0.0033,570.4064
2380000,0.8547,48.7,0.9,0.9446,19.9203,1.0,0.0021,0.0033,571.5403
2390000,0.9536,16.7,1.0,0.9414,21.1416,1.0,0.0021,0.0033,569.8721
2400000,0.9417,21.0,1.0,0.9417,20.8768,0.9979,0.0021,0.0033,567.3194
2410000,0.9481,18.7,1.0,0.9448,19.8807,1.0,0.0021,0.0032,568.0849
2420000,0.9531,16.9,1.0,0.9419,20.8333,0.9979,0.0021,0.0033,567.1942
2430000,0.9417,21.0,1.0,0.9448,19.8807,1.0,0.0021,0.0032,565.0546
2440000,0.9544,16.4,1.0,0.9448,19.8807,1.0,0.0021,0.0032,565.6485
2450000,0.9469,19.1,1.0,0.9427,20.5761,0.9979,0.0021,0.0032,565.3019
2460000,0.9511,17.6,1.0,0.9406,21.322,0.9979,0.0021,0.0032,566.2182
2470000,0.9544,16.4,1.0,0.9442,20.0401,1.0,0.0021,0.0032,562.1431
2480000,0.9536,16.7,1.0,0.9452,19.7628,1.0,0.0021,0.0031,564.6382
2490000,0.9583,15.0,1.0,0.9412,21.097,0.9979,0.0021,0.0032,563.7626
2500000,0.9486,18.5,1.0,0.9447,19.8807,1.0,0.0021,0.0031,565.5844
2510000,0.9506,17.8,1.0,0.9419,20.9205,1.0,0.0021,0.0031,559.7904
2520000,0.95,18.0,1.0,0.9428,20.6186,1.0,0.0021,0.0031,562.8395
2530000,0.9533,16.8,1.0,0.9418,20.9644,1.0,0.0021,0.0031,562.8799
2540000,0.8586,47.3,0.9,0.9415,20.9644,0.9979,0.0021,0.0031,560.4943
2550000,0.9497,18.1,1.0,0.9447,19.8807,1.0,0.0021,0.0031,561.1244
2560000,0.9442,20.1,1.0,0.9451,19.7628,1.0,0.0021,0.0031,561.6992
2570000,0.9553,16.1,1.0,0.9438,20.1613,0.998,0.0021,0.0031,559.9042
2580000,0.9486,18.5,1.0,0.9437,20.284,1.0,0.0021,0.0031,556.8143
2590000,0.9469,19.1,1.0,0.9438,20.2429,1.0,0.0021,0.0031,558.8341
2600000,0.9536,16.7,1.0,0.9434,20.284,0.998,0.0021,0.003,556.4569
2610000,0.9492,18.3,1.0,0.9443,20.1613,1.0,0.0021,0.0031,559.8886
2620000,0.9453,19.7,1.0,0.9426,20.4918,0.998,0.0021,0.0031,558.2513
2630000,0.9478,18.8,1.0,0.9417,20.8333,0.9958,0.0021,0.0031,558.0274
2640000,0.9522,17.2,1.0,0.9411,21.0526,0.9958,0.0021,0.003,554.0207
2650000,0.95,18.0,1.0,0.9447,19.9203,1.0,0.0021,0.003,556.6774
2660000,0.9533,16.8,1.0,0.9429,20.5339,1.0,0.0021,0.003,556.5871
2670000,0.9475,18.9,1.0,0.9465,19.2678,1.0,0.0021,0.003,556.256
2680000,0.9536,16.7,1.0,0.9439,20.1613,1.0,0.0021,0.003,554.7187
2690000,0.9486,18.5,1.0,0.9452,19.7628,1.0,0.0021,0.003,551.6299
2700000,0.9539,16.6,1.0,0.9463,19.305,1.0,0.0021,0.003,555.4514
2710000,0.9533,16.8,1.0,0.9445,20.0,1.0,0.0021,0.003,551.4705
2720000,0.9383,22.2,1.0,0.9408,21.322,1.0,0.0021,0.003,552.4585
2730000,0.9522,17.2,1.0,0.9436,20.284,1.0,0.0021,0.0029,551.3196
2740000,0.8597,46.9,0.9,0.9445,20.0,1.0,0.0021,0.003,552.7449
2750000,0.8219,60.5,0.9,0.9446,19.9203,1.0,0.0021,0.003,549.8641
2760000,0.9506,17.8,1.0,0.9394,21.7391,0.9978,0.0021,0.0029,552.756
2770000,0.9461,19.4,1.0,0.9466,19.305,1.0,0.0021,0.0029,546.628
2780000,0.9528,17.0,1.0,0.9451,19.685,1.0,0.0021,0.0029,547.4917
2790000,0.9514,17.5,1.0,0.9416,21.0084,1.0,0.0021,0.003,550.514
2800000,0.8469,51.5,0.9,0.9456,19.6078,1.0,0.0021,0.0029,550.2016
2810000,0.9494,18.2,1.0,0.9466,19.1939,1.0,0.0021,0.0029,546.5231
2820000,0.7539,81.4,0.8,0.9446,19.9601,1.0,0.0021,0.0029,548.4994
2830000,0.9422,20.8,1.0,0.9435,20.3252,1.0,0.0021,0.0029,545.8418
2840000,0.95,18.0,1.0,0.9451,19.7239,1.0,0.0021,0.0028,550.4423
2850000,0.9522,17.2,1.0,0.9424,20.79,1.0,0.0021,0.0029,545.9758
2860000,0.9517,17.4,1.0,0.9459,19.4553,1.0,0.0021,0.0029,546.0989
2870000,0.9511,17.6,1.0,0.9434,20.3252,0.998,0.0021,0.0029,543.3276
2880000,0.9389,22.0,1.0,0.9459,19.4932,1.0,0.0021,0.0029,546.441
2890000,0.9567,15.6,1.0,0.9455,19.5695,1.0,0.0021,0.0029,546.3697
2900000,0.9567,15.6,1.0,0.9445,20.0,1.0,0.0021,0.0028,544.6532
2910000,0.9519,17.3,1.0,0.9465,19.2678,1.0,0.0021,0.0029,545.3033
2920000,0.9483,18.6,1.0,0.946,19.4553,1.0,0.0021,0.0028,544.9077
2930000,0.8503,50.3,0.9,0.9458,19.5312,1.0,0.0021,0.0028,540.7404
2940000,0.8583,47.4,0.9,0.9436,20.202,0.998,0.0021,0.0028,545.9347
2950000,0.8581,47.5,0.9,0.9441,20.1207,1.0,0.0021,0.0028,545.4782
2960000,0.9478,18.8,1.0,0.9458,19.4932,1.0,0.0021,0.0028,542.4512
2970000,0.955,16.2,1.0,0.9441,20.1207,1.0,0.0021,0.0028,542.4822
2980000,0.8594,47.0,0.9,0.9456,19.6078,1.0,0.002,0.0028,544.0645
2990000,0.945,19.8,1.0,0.9449,19.802,1.0,0.002,0.0028,543.7591
3000000,0.9503,17.9,1.0,0.9451,19.7628,1.0,0.002,0.0028,541.2204
3010000,0.9525,17.1,1.0,0.9464,19.305,1.0,0.002,0.0028,539.9434
3020000,0.9494,18.2,1.0,0.9451,19.7628,1.0,0.002,0.0027,544.2718
3030000,0.8558,48.3,0.9,0.945,19.802,1.0,0.002,0.0027,543.0309
3040000,0.9525,17.1,1.0,0.9451,19.7628,1.0,0.002,0.0027,541.2187
3050000,0.9461,19.4,1.0,0.9456,19.5695,1.0,0.002,0.0027,539.7286
3060000,0.9539,16.6,1.0,0.9442,20.0803,1.0,0.002,0.0027,539.2358
3070000,0.9492,18.3,1.0,0.9459,19.4553,1.0,0.002,0.0027,539.944
3080000,0.9558,15.9,1.0,0.9441,20.1613,1.0,0.002,0.0027,539.2792
3090000,0.9486,18.5,1.0,0.9444,20.0,1.0,0.002,0.0027,538.638
3100000,0.9575,15.3,1.0,0.9469,19.1205,1.0,0.002,0.0027,538.141
3110000,0.9494,18.2,1.0,0.9458,19.4932,1.0,0.002,0.0027,537.5892
3120000,0.9514,17.5,1.0,0.9451,19.7628,1.0,0.002,0.0027,536.6121
3130000,0.9489,18.4,1.0,0.947,19.084,1.0,0.002,0.0026,533.8395
3140000,0.9511,17.6,1.0,0.9465,19.2678,1.0,0.002,0.0026,535.5373
3150000,0.9469,19.1,1.0,0.9446,19.9601,1.0,0.002,0.0027,534.7968
3160000,0.9506,17.8,1.0,0.9452,19.7239,1.0,0.002,0.0027,534.813
3170000,0.9553,16.1,1.0,0.9472,19.0114,1.0,0.002,0.0026,539.1761
3180000,0.9553,16.1,1.0,0.9467,19.1939,1.0,0.002,0.0026,532.1892
3190000,0.9536,16.7,1.0,0.9464,19.305,1.0,0.002,0.0026,534.2931
3200000,0.9472,19.0,1.0,0.9446,19.9601,1.0,0.002,0.0027,532.4921
3210000,0.9553,16.1,1.0,0.9447,19.9203,1.0,0.002,0.0026,532.2645
3220000,0.9444,20.0,1.0,0.9456,19.5695,1.0,0.002,0.0026,530.3014
3230000,0.8575,47.7,0.9,0.9469,19.084,1.0,0.002,0.0026,531.6674
3240000,0.9564,15.7,1.0,0.9458,19.5312,1.0,0.002,0.0026,530.9452
3250000,0.9536,16.7,1.0,0.9455,19.6464,1.0,0.002,0.0026,534.1695
3260000,0.8575,47.7,0.9,0.9465,19.305,1.0,0.002,0.0026,533.2455
3270000,0.9503,17.9,1.0,0.9445,19.9601,1.0,0.002,0.0026,533.0179
3280000,0.9514,17.5,1.0,0.9454,19.6464,1.0,0.002,0.0025,530.9487
3290000,0.9497,18.1,1.0,0.946,19.4175,1.0,0.002,0.0026,532.858
3300000,0.9536,16.7,1.0,0.9468,19.1571,1.0,0.002,0.0026,535.6083
3310000,0.9544,16.4,1.0,0.9461,19.4175,1.0,0.002,0.0025,535.1017
3320000,0.9567,15.6,1.0,0.9462,19.3798,1.0,0.002,0.0025,534.6253
3330000,0.9472,19.0,1.0,0.9414,21.1416,1.0,0.002,0.0026,534.9607
3340000,0.9506,17.8,1.0,0.9456,19.4932,1.0,0.002,0.0025,533.5984
3350000,0.9569,15.5,1.0,0.9458,19.5312,1.0,0.002,0.0026,532.3504
3360000,0.9483,18.6,1.0,0.9454,19.6464,1.0,0.002,0.0025,530.8936
3370000,0.8567,48.0,0.9,0.9456,19.6078,1.0,0.002,0.0025,530.605
3380000,0.9508,17.7,1.0,0.9464,19.305,1.0,0.002,0.0025,531.1219
3390000,0.9542,16.5,1.0,0.9455,19.6078,1.0,0.002,0.0025,528.6327
3400000,0.9528,17.0,1.0,0.9453,19.685,1.0,0.002,0.0025,530.15
3410000,0.9503,17.9,1.0,0.9454,19.6464,1.0,0.002,0.0025,528.4735
3420000,0.9347,23.5,1.0,0.9466,19.2308,1.0,0.002,0.0025,529.5063
3430000,0.9511,17.6,1.0,0.9459,19.4932,1.0,0.002,0.0025,527.6244
3440000,0.9578,15.2,1.0,0.9459,19.5312,1.0,0.002,0.0025,527.797
3450000,0.9536,16.7,1.0,0.9458,19.4553,1.0,0.002,0.0025,529.3055
3460000,0.9519,17.3,1.0,0.9456,19.6078,1.0,0.002,0.0024,526.919
3470000,0.9475,18.9,1.0,0.9455,19.6078,1.0,0.002,0.0024,525.1789
3480000,0.8556,48.4,0.9,0.9465,19.2308,1.0,0.002,0.0024,525.8448
3490000,0.9428,20.6,1.0,0.9453,19.7239,1.0,0.0019,0.0024,528.3479
3500000,0.9506,17.8,1.0,0.9456,19.5695,1.0,0.0019,0.0024,526.8283
3510000,0.9547,16.3,1.0,0.9447,20.0,1.0,0.0019,0.0024,524.717
3520000,0.9528,17.0,1.0,0.9434,20.2429,1.0,0.0019,0.0024,524.4421
3530000,0.95,18.0,1.0,0.9471,19.0476,1.0,0.002,0.0025,524.412
3540000,0.9394,21.8,1.0,0.9462,19.3424,1.0,0.002,0.0024,529.938
3550000,0.9544,16.4,1.0,0.945,19.802,1.0,0.002,0.0024,525.1624
3560000,0.8608,46.5,0.9,0.947,19.084,1.0,0.0019,0.0023,525.9533
3570000,0.9519,17.3,1.0,0.9456,19.6078,1.0,0.0019,0.0024,527.5094
3580000,0.9483,18.6,1.0,0.9474,18.9036,1.0,0.0019,0.0023,525.9132
3590000,0.9547,16.3,1.0,0.9461,19.4175,1.0,0.0019,0.0023,528.6379
3600000,0.9492,18.3,1.0,0.9455,19.6078,1.0,0.0019,0.0023,525.3495
3610000,0.9522,17.2,1.0,0.9464,19.305,1.0,0.0019,0.0023,524.5217
3620000,0.95,18.0,1.0,0.9448,19.8807,1.0,0.0019,0.0023,527.0222
3630000,0.9564,15.7,1.0,0.9448,19.8807,1.0,0.0019,0.0023,527.4541
3640000,0.9536,16.7,1.0,0.9438,20.2429,1.0,0.0019,0.0023,527.6929
3650000,0.9383,22.2,1.0,0.9464,19.3798,1.0,0.0019,0.0023,528.3944
3660000,0.9433,20.4,1.0,0.9462,19.2678,1.0,0.0019,0.0023,527.3393
3670000,0.9492,18.3,1.0,0.9473,18.9753,1.0,0.0019,0.0022,522.9083
3680000,0.9511,17.6,1.0,0.9459,19.4553,1.0,0.0019,0.0022,522.9614
3690000,0.9525,17.1,1.0,0.947,19.084,1.0,0.0019,0.0022,522.5455
3700000,0.9492,18.3,1.0,0.9461,19.4175,1.0,0.0019,0.0022,526.9323
3710000,0.9511,17.6,1.0,0.9455,19.6078,1.0,0.0019,0.0022,525.6796
3720000,0.9522,17.2,1.0,0.9473,19.0114,1.0,0.0019,0.0022,525.8599
3730000,0.9539,16.6,1.0,0.947,19.0476,1.0,0.0019,0.0022,526.7212
3740000,0.9517,17.4,1.0,0.9467,19.2308,1.0,0.0019,0.0022,525.4744
3750000,0.9522,17.2,1.0,0.945,19.7239,1.0,0.0019,0.0021,526.4351
3760000,0.9542,16.5,1.0,0.9462,19.3798,1.0,0.0019,0.0021,524.9676
3770000,0.9575,15.3,1.0,0.9473,18.9753,1.0,0.0019,0.0021,524.5155
3780000,0.9525,17.1,1.0,0.9474,18.9394,1.0,0.0019,0.0021,523.9355
3790000,0.9561,15.8,1.0,0.9474,18.9036,1.0,0.0019,0.0021,524.5823
3800000,0.9425,20.7,1.0,0.9481,18.7266,1.0,0.0019,0.0021,524.8037
3810000,0.9542,16.5,1.0,0.9477,18.8324,1.0,0.0019,0.002,529.2899
3820000,0.8553,48.5,0.9,0.9465,19.2678,1.0,0.0019,0.002,527.9731
3830000,0.8328,56.6,0.9,0.9451,19.7628,1.0,0.0019,0.002,529.3032
3840000,0.9536,16.7,1.0,0.9446,19.9203,1.0,0.0019,0.002,527.982
3850000,0.9469,19.1,1.0,0.946,19.4553,1.0,0.0019,0.002,527.6681
3860000,0.9522,17.2,1.0,0.947,19.084,1.0,0.0019,0.002,526.7028
3870000,0.9542,16.5,1.0,0.9475,18.9036,1.0,0.0019,0.0019,527.7421
3880000,0.9533,16.8,1.0,0.9479,18.7617,1.0,0.0019,0.0019,526.3228
3890000,0.9517,17.4,1.0,0.9465,19.2678,1.0,0.0018,0.0019,527.1476
3900000,0.9467,19.2,1.0,0.9461,19.3798,1.0,0.0018,0.0019,527.834
3910000,0.9442,20.1,1.0,0.9446,19.9203,1.0,0.0018,0.0019,525.2174
3920000,0.955,16.2,1.0,0.9455,19.6464,1.0,0.0018,0.0019,526.8812
3930000,0.9531,16.9,1.0,0.9471,19.0476,1.0,0.0018,0.0018,531.6425
3940000,0.9525,17.1,1.0,0.9467,19.1571,1.0,0.0018,0.0019,525.5302
3950000,0.9547,16.3,1.0,0.9472,19.0476,1.0,0.0018,0.0018,526.4507
3960000,0.9558,15.9,1.0,0.9459,19.4553,1.0,0.0018,0.0018,526.3055
3970000,0.9517,17.4,1.0,0.9469,19.084,1.0,0.0018,0.0018,527.9369
3980000,0.9508,17.7,1.0,0.9465,19.2678,1.0,0.0018,0.0017,526.0277
3990000,0.9522,17.2,1.0,0.9452,19.7239,1.0,0.0018,0.0017,524.9611
4000000,0.9531,16.9,1.0,0.9456,19.5695,1.0,0.0018,0.0018,526.3952
