env_steps,return,length,op-l2,alm_loss,model_grad_norm,aux_loss,critic_loss,critic_grad_norm,actor_grad_norm,train/length,train/return,FPS
0,-0.6042,1000.0,,,,,,,,,,
500,,,22.5301,22.7089,89.3589,22.5301,0.2073,0.8964,0.2493,,,
1000,,,20.4844,20.0421,133.0319,20.4844,0.3383,1.4893,0.2907,,,
1000,,,,,,,,,,1000,-298.5621,78.7404
1500,,,17.326,16.2826,111.6746,17.326,0.4445,3.5964,0.3712,,,
2000,,,15.9422,13.7809,155.202,15.9422,0.5739,7.1458,0.2246,,,
2000,,,,,,,,,,1000,-335.533,108.544
2500,,,14.8951,11.7437,136.5466,14.8951,0.7728,12.5498,0.5513,,,
3000,,,14.7773,10.5761,134.5376,14.7773,0.8443,14.7034,0.7367,,,
3000,,,,,,,,,,1000,-384.1471,109.3321
3500,,,14.7061,8.4499,124.1813,14.7061,1.2001,20.2225,0.8996,,,
4000,,,13.861,6.108,110.1735,13.861,1.2965,23.625,0.9583,,,
4000,,,,,,,,,,1000,-260.4854,108.0692
4500,,,12.9696,4.7056,101.5315,12.9696,1.6607,49.0216,0.8686,,,
5000,,,11.7045,2.1569,118.6907,11.7045,1.746,23.8341,1.3526,,,
5000,-99.9706,1000.0,,,,,,,,,,
5000,,,,,,,,,,1000,-249.0692,91.8824
5500,,,13.0885,1.9563,95.0992,13.0885,1.5135,23.8103,3.1265,,,
6000,,,12.2927,0.2835,101.2369,12.2927,1.7865,35.6581,2.2938,,,
6000,,,,,,,,,,1000,-262.368,109.4824
6500,,,11.002,-2.34,106.2592,11.002,1.6849,25.2668,1.5146,,,
7000,,,11.9904,-1.707,132.2147,11.9904,1.463,35.728,2.2871,,,
7000,,,,,,,,,,1000,-88.2296,108.0994
7500,,,10.5166,-5.3893,131.3216,10.5166,1.827,31.8011,2.5513,,,
8000,,,11.3471,-8.188,128.3399,11.3471,1.9185,31.8635,3.2268,,,
8000,,,,,,,,,,1000,152.0708,108.0476
8500,,,11.0152,-10.8686,100.6537,11.0152,2.0004,62.0873,2.1121,,,
9000,,,10.6024,-14.222,110.661,10.6024,2.6889,33.5784,1.8478,,,
9000,,,,,,,,,,1000,540.8004,110.6004
9500,,,10.1943,-18.8752,111.9106,10.1943,2.3904,36.3298,1.4056,,,
10000,,,10.1737,-22.4709,127.9347,10.1737,2.3263,42.2327,1.4327,,,
10000,1902.571,1000.0,,,,,,,,,,
10000,,,,,,,,,,1000,639.4049,94.1721
10500,,,11.2688,-26.1778,112.2896,11.2688,2.5406,42.0676,1.474,,,
11000,,,10.8105,-30.8312,131.2341,10.8105,2.6869,54.2764,2.2651,,,
11000,,,,,,,,,,1000,747.8808,109.2126
11500,,,10.4565,-36.4715,108.8268,10.4565,2.8508,68.0028,1.7208,,,
12000,,,10.2456,-37.694,90.9613,10.2456,2.6186,49.7852,2.5572,,,
12000,,,,,,,,,,1000,796.8188,108.0364
12500,,,9.7317,-43.9247,129.7083,9.7317,2.642,56.2711,2.7485,,,
13000,,,9.681,-47.9148,137.3168,9.681,2.41,74.5093,2.5165,,,
13000,,,,,,,,,,1000,937.5156,107.966
13500,,,10.7717,-49.9286,99.5207,10.7717,2.6054,80.3943,1.8293,,,
14000,,,9.1963,-55.9773,101.1673,9.1963,2.7708,94.4683,1.8065,,,
14000,,,,,,,,,,1000,1002.393,108.0139
14500,,,9.768,-60.0991,91.7818,9.768,2.9264,80.2664,1.4372,,,
15000,,,10.0761,-62.9673,120.0455,10.0761,3.0967,116.8121,2.0158,,,
15000,2825.5481,1000.0,,,,,,,,,,
15000,,,,,,,,,,1000,1180.7942,94.8259
15500,,,9.8587,-66.5761,106.4108,9.8587,2.5542,99.6336,1.9117,,,
16000,,,10.2044,-71.9298,117.8785,10.2044,3.0858,85.838,2.6046,,,
16000,,,,,,,,,,1000,1213.994,107.8768
16500,,,9.6183,-75.4832,147.7273,9.6183,3.2738,92.7509,1.5144,,,
17000,,,9.9316,-80.6454,104.0182,9.9316,3.1854,86.0896,1.5662,,,
17000,,,,,,,,,,1000,1579.7487,109.7493
17500,,,9.166,-84.0014,133.756,9.166,3.299,60.4343,2.2221,,,
18000,,,9.1434,-88.727,93.2499,9.1434,3.5003,63.4659,2.5904,,,
18000,,,,,,,,,,1000,1512.5621,110.375
18500,,,9.6821,-90.8641,117.8622,9.6821,3.3556,77.7264,2.1922,,,
19000,,,9.2453,-98.5343,103.5337,9.2453,3.6477,111.0081,3.2357,,,
19000,,,,,,,,,,1000,1747.7065,108.0808
19500,,,9.928,-99.2347,134.6888,9.928,3.4788,121.4005,3.5664,,,
20000,,,10.5105,-101.8642,137.4198,10.5105,3.4322,96.6275,2.3653,,,
20000,3786.2415,1000.0,,,,,,,,,,
20000,,,,,,,,,,1000,1916.889,94.0119
20500,,,8.8716,-109.232,100.6699,8.8716,3.4884,69.1536,3.2543,,,
21000,,,8.991,-113.7741,94.941,8.991,3.7252,121.4544,5.3078,,,
21000,,,,,,,,,,1000,2084.9249,108.1587
21500,,,10.1085,-114.697,162.7123,10.1085,3.4579,69.8749,3.3499,,,
22000,,,9.7661,-121.4544,91.9632,9.7661,3.7427,126.7964,2.3231,,,
22000,,,,,,,,,,1000,1815.0722,109.0173
22500,,,9.4501,-122.695,100.8571,9.4501,3.7317,99.8743,2.6316,,,
23000,,,9.2371,-126.5966,100.3116,9.2371,3.5552,72.8727,2.9005,,,
23000,,,,,,,,,,1000,2151.0411,108.7765
23500,,,8.688,-137.1459,163.7465,8.688,3.8785,167.4329,2.0754,,,
24000,,,9.7666,-139.5487,116.0217,9.7666,3.7149,165.1737,3.6269,,,
24000,,,,,,,,,,1000,2165.7553,108.1909
24500,,,9.4146,-142.0809,100.2373,9.4146,3.4795,108.2407,3.428,,,
25000,,,8.9462,-141.2956,150.9147,8.9462,3.8471,163.8526,3.3135,,,
25000,4593.6482,1000.0,,,,,,,,,,
25000,,,,,,,,,,1000,693.0283,95.9931
25500,,,8.2921,-150.1637,96.9195,8.2921,3.9073,96.5991,3.02,,,
26000,,,9.2499,-149.7681,125.6777,9.2499,3.908,136.459,3.5208,,,
26000,,,,,,,,,,1000,2263.3181,110.6806
26500,,,8.4877,-153.8458,84.5475,8.4877,4.09,111.4241,4.7005,,,
27000,,,8.4711,-157.875,84.0501,8.4711,4.9521,158.2779,6.6714,,,
27000,,,,,,,,,,1000,2340.3119,107.778
27500,,,7.7649,-163.0281,85.7633,7.7649,4.6019,118.8298,5.0223,,,
28000,,,7.0514,-167.4418,127.889,7.0514,4.8745,137.5077,3.8847,,,
28000,,,,,,,,,,1000,2674.7898,107.8025
28500,,,8.0495,-170.7369,102.9141,8.0495,4.1464,124.0022,6.2114,,,
29000,,,8.2191,-172.0537,92.0222,8.2191,4.9579,222.155,2.2977,,,
29000,,,,,,,,,,1000,2637.9163,107.4326
29500,,,9.088,-176.3589,126.5149,9.088,4.4446,100.4052,3.5662,,,
30000,,,8.7967,-180.0601,103.2205,8.7967,5.2033,142.7823,4.3848,,,
30000,5455.0155,1000.0,,,,,,,,,,
30000,,,,,,,,,,1000,2675.0941,93.9002
30500,,,8.6572,-185.7562,126.7013,8.6572,4.1427,284.5871,5.564,,,
31000,,,8.3637,-185.1093,162.2961,8.3637,4.2782,135.2251,4.0038,,,
31000,,,,,,,,,,1000,3072.2043,107.4282
31500,,,7.4885,-191.3926,108.0009,7.4885,4.4832,183.6193,6.157,,,
32000,,,7.4746,-194.0638,128.2834,7.4746,4.4637,192.8442,6.0417,,,
32000,,,,,,,,,,1000,2731.6254,108.2966
32500,,,8.3636,-200.8504,135.0065,8.3636,4.2713,157.5452,4.9504,,,
33000,,,7.8164,-207.639,106.4411,7.8164,5.0328,222.0358,5.3672,,,
33000,,,,,,,,,,1000,2954.7673,107.1013
33500,,,7.4488,-209.4699,118.2852,7.4488,4.3272,111.47,3.6692,,,
34000,,,7.3689,-210.1239,112.2322,7.3689,4.0765,129.3635,4.2274,,,
34000,,,,,,,,,,1000,2972.8685,107.557
34500,,,7.2449,-215.8135,110.0896,7.2449,4.581,156.0747,5.3449,,,
35000,,,8.0924,-215.8689,103.5012,8.0924,5.4713,227.1183,2.5222,,,
35000,5538.9237,1000.0,,,,,,,,,,
35000,,,,,,,,,,1000,2759.0051,93.5943
35500,,,7.3368,-223.3316,108.1989,7.3368,4.7182,197.8212,5.7927,,,
36000,,,7.0812,-230.5835,83.8529,7.0812,5.0768,213.0024,4.1617,,,
36000,,,,,,,,,,1000,3077.5566,109.3273
36500,,,8.0086,-232.6138,137.7136,8.0086,4.8773,154.4818,4.7723,,,
37000,,,7.4676,-232.4365,155.0136,7.4676,4.6733,198.1636,3.5025,,,
37000,,,,,,,,,,1000,3160.4721,107.3336
37500,,,7.3594,-236.4259,186.9428,7.3594,4.6127,142.4972,4.5423,,,
38000,,,6.7612,-243.6314,109.6475,6.7612,5.8125,205.6022,4.5718,,,
38000,,,,,,,,,,1000,3056.3859,107.424
38500,,,7.8723,-246.7084,132.9014,7.8723,5.1859,177.9904,7.015,,,
39000,,,6.5619,-249.2397,128.1288,6.5619,5.0014,116.3593,5.2232,,,
39000,,,,,,,,,,1000,3413.2572,107.3134
39500,,,6.9934,-255.8509,126.4099,6.9934,4.8752,227.2083,5.964,,,
40000,,,7.7718,-255.8687,193.7404,7.7718,4.6641,156.3001,5.2261,,,
40000,5549.7109,1000.0,,,,,,,,,,
40000,,,,,,,,,,1000,3236.2878,95.4637
40500,,,7.3017,-262.5263,106.579,7.3017,4.7285,144.3268,6.6097,,,
41000,,,7.0403,-264.8072,131.888,7.0403,4.8625,124.8233,3.0136,,,
41000,,,,,,,,,,1000,3561.4423,109.6435
41500,,,6.4323,-273.629,173.3691,6.4323,5.1555,272.1584,5.2077,,,
42000,,,6.836,-273.9637,244.636,6.836,4.5423,192.2737,6.2926,,,
42000,,,,,,,,,,1000,3721.1741,107.3166
42500,,,7.1646,-277.0746,138.6852,7.1646,4.6491,235.4363,8.718,,,
43000,,,6.2036,-277.8081,136.0322,6.2036,5.0096,163.6792,6.6375,,,
43000,,,,,,,,,,1000,3749.1114,107.987
43500,,,6.2635,-285.8037,93.8655,6.2635,4.6031,121.3686,4.3186,,,
44000,,,6.1789,-284.8341,198.7424,6.1789,4.979,229.6171,6.3117,,,
44000,,,,,,,,,,1000,3859.9585,108.0567
44500,,,6.703,-286.5144,142.8958,6.703,5.5598,257.175,4.9357,,,
45000,,,6.5964,-293.0698,168.5158,6.5964,4.5849,231.6274,9.592,,,
45000,5640.0181,1000.0,,,,,,,,,,
45000,,,,,,,,,,1000,3776.6333,93.8875
45500,,,6.5308,-300.61,148.8425,6.5308,5.1987,151.9371,10.0762,,,
46000,,,6.2986,-302.6412,140.8153,6.2986,4.9757,270.4138,8.1443,,,
46000,,,,,,,,,,1000,4040.5077,107.2406
46500,,,6.3407,-307.3243,124.8775,6.3407,5.2348,157.1638,4.3705,,,
47000,,,5.938,-302.8493,131.9015,5.938,4.858,230.2334,5.0647,,,
47000,,,,,,,,,,1000,4123.8453,107.4083
47500,,,6.393,-313.2777,91.2317,6.393,4.8119,128.8407,3.9883,,,
48000,,,6.2104,-312.3782,129.4117,6.2104,5.2485,199.2105,8.9832,,,
48000,,,,,,,,,,1000,4127.764,107.3213
48500,,,6.8957,-318.9788,140.9801,6.8957,5.3536,255.4419,5.3761,,,
49000,,,6.3069,-319.3705,112.5779,6.3069,4.797,230.6308,5.1816,,,
49000,,,,,,,,,,1000,4056.6031,107.355
49500,,,6.2654,-320.4336,117.2498,6.2654,5.6997,172.222,5.1631,,,
50000,,,5.8071,-327.7178,109.6902,5.8071,5.1233,154.8272,5.3593,,,
50000,5986.1875,1000.0,,,,,,,,,,
50000,,,,,,,,,,1000,4302.7769,93.5254
50500,,,5.905,-330.6364,128.7176,5.905,6.2804,223.3135,9.204,,,
51000,,,5.8412,-335.5834,112.4028,5.8412,4.7751,282.6592,7.7038,,,
51000,,,,,,,,,,1000,4484.9915,107.1705
51500,,,5.9982,-336.0961,133.5467,5.9982,6.8902,323.6246,6.5369,,,
52000,,,5.9271,-338.7643,167.9088,5.9271,5.3957,281.2123,8.7221,,,
52000,,,,,,,,,,1000,4422.948,107.2692
52500,,,6.694,-346.7365,243.4938,6.694,5.2937,249.6726,7.3805,,,
53000,,,5.9334,-349.2734,296.8774,5.9334,6.6681,322.0954,9.8232,,,
53000,,,,,,,,,,1000,4356.1958,107.1511
53500,,,5.6079,-349.9321,207.393,5.6079,5.2468,261.7008,6.1755,,,
54000,,,6.1378,-355.3898,142.8034,6.1378,6.2874,403.2849,6.9041,,,
54000,,,,,,,,,,1000,4570.5044,107.1202
54500,,,5.0829,-356.3895,122.184,5.0829,5.3522,290.9382,9.3645,,,
55000,,,5.6952,-362.8934,116.0954,5.6952,6.2682,273.4865,11.9099,,,
55000,6184.6058,1000.0,,,,,,,,,,
55000,,,,,,,,,,1000,4739.2786,95.301
55500,,,6.2664,-369.0379,148.3964,6.2664,5.4311,263.0675,4.9076,,,
56000,,,6.1617,-365.4436,233.6052,6.1617,4.4884,349.0308,11.7347,,,
56000,,,,,,,,,,1000,4370.2049,107.5704
56500,,,6.2973,-366.3854,316.1038,6.2973,5.427,455.6449,9.7248,,,
57000,,,5.2447,-375.9273,145.7492,5.2447,5.8724,426.7574,5.3707,,,
57000,,,,,,,,,,1000,4673.5868,107.3479
57500,,,5.2582,-373.7589,117.763,5.2582,5.7655,286.6408,7.8125,,,
58000,,,6.0902,-375.3285,162.6861,6.0902,6.1154,297.9069,8.9848,,,
58000,,,,,,,,,,1000,4947.6628,107.2903
58500,,,5.5548,-377.394,228.7986,5.5548,5.5966,271.8919,8.3409,,,
59000,,,5.3317,-391.505,102.3034,5.3317,4.6011,151.8678,5.6357,,,
59000,,,,,,,,,,1000,4693.8945,107.0461
59500,,,5.2002,-389.1938,123.7692,5.2002,5.8468,332.9698,5.9341,,,
60000,,,4.7681,-392.2622,120.2538,4.7681,4.7394,244.8356,6.2788,,,
60000,6522.2186,1000.0,,,,,,,,,,
60000,,,,,,,,,,1000,4838.9532,94.2124
60500,,,4.9812,-394.298,115.859,4.9812,7.0029,401.3738,5.4253,,,
61000,,,5.1658,-396.8245,145.4321,5.1658,5.3331,208.6426,7.1098,,,
61000,,,,,,,,,,1000,4570.137,108.2391
61500,,,5.2352,-398.1246,120.3164,5.2352,5.2633,198.3162,6.1348,,,
62000,,,5.1787,-396.4878,153.092,5.1787,5.1162,291.5804,7.1938,,,
62000,,,,,,,,,,1000,4738.6697,107.0028
62500,,,5.6321,-406.997,141.0777,5.6321,6.1826,351.9691,12.9433,,,
63000,,,4.807,-400.5353,127.0065,4.807,5.3374,132.6291,6.6989,,,
63000,,,,,,,,,,1000,4913.1538,107.7123
63500,,,5.0029,-409.1601,104.2869,5.0029,6.956,160.1633,10.2003,,,
64000,,,4.5035,-412.3698,109.0691,4.5035,5.8739,301.9658,12.0292,,,
64000,,,,,,,,,,1000,5095.6759,109.5265
64500,,,5.3682,-415.4901,182.2681,5.3682,5.9981,382.2286,6.333,,,
65000,,,5.1439,-418.0161,185.8466,5.1439,5.728,242.9727,6.9683,,,
65000,6556.0079,1000.0,,,,,,,,,,
65000,,,,,,,,,,1000,5046.8359,94.4383
65500,,,5.2036,-414.3831,225.7461,5.2036,5.6989,260.7795,6.1966,,,
66000,,,5.1976,-425.931,168.6971,5.1976,5.067,208.2606,8.9888,,,
66000,,,,,,,,,,1000,5255.5863,106.7682
66500,,,4.9306,-426.6585,147.6779,4.9306,6.3228,214.1447,4.5633,,,
67000,,,5.3041,-421.4151,193.8643,5.3041,5.2363,230.7238,10.5354,,,
67000,,,,,,,,,,1000,5241.4933,106.6854
67500,,,4.7337,-426.3228,167.5595,4.7337,4.8336,230.3682,7.9357,,,
68000,,,5.2207,-429.8698,176.8616,5.2207,5.4167,248.5335,5.4335,,,
68000,,,,,,,,,,1000,5523.43,109.3073
68500,,,5.1246,-433.3707,157.3999,5.1246,5.2741,290.2707,8.12,,,
69000,,,4.6162,-431.3483,182.076,4.6162,4.9944,278.7591,6.7494,,,
69000,,,,,,,,,,1000,5335.806,106.8652
69500,,,4.888,-428.7057,159.6856,4.888,5.3207,217.1633,7.1304,,,
70000,,,4.3875,-434.6369,126.6285,4.3875,5.4578,223.2621,10.6272,,,
70000,6217.9742,1000.0,,,,,,,,,,
70000,,,,,,,,,,1000,5423.2473,95.0632
70500,,,5.1205,-440.3731,162.5464,5.1205,5.0313,281.5479,4.2891,,,
71000,,,4.1826,-440.5638,136.4261,4.1826,5.1938,207.4273,10.3139,,,
71000,,,,,,,,,,1000,5539.372,108.9796
71500,,,4.3246,-443.9577,187.4169,4.3246,5.4638,256.8338,5.4598,,,
72000,,,4.4286,-451.8154,101.7613,4.4286,5.8492,197.8802,7.1676,,,
72000,,,,,,,,,,1000,5666.1051,106.8529
72500,,,4.2272,-448.4582,125.4544,4.2272,5.5,235.5714,6.5051,,,
73000,,,4.7579,-447.3386,133.9567,4.7579,5.7547,250.5527,7.7113,,,
73000,,,,,,,,,,1000,5584.1732,107.5839
73500,,,4.7588,-453.9112,169.6201,4.7588,4.9032,305.152,5.1153,,,
74000,,,4.4268,-456.6203,161.8128,4.4268,4.9627,388.9916,7.9281,,,
74000,,,,,,,,,,1000,5823.4597,107.845
74500,,,5.0867,-454.8899,189.9115,5.0867,6.0409,403.99,5.3071,,,
75000,,,4.345,-455.5033,111.6925,4.345,4.8529,190.314,6.9581,,,
75000,6676.7456,1000.0,,,,,,,,,,
75000,,,,,,,,,,1000,5747.2788,95.559
75500,,,4.133,-463.5899,103.8249,4.133,5.1554,321.1959,8.3994,,,
76000,,,4.4891,-469.6834,151.4085,4.4891,4.8906,227.1759,10.8687,,,
76000,,,,,,,,,,1000,5756.7666,106.851
76500,,,4.3174,-465.9678,143.1849,4.3174,5.625,235.7672,13.9634,,,
77000,,,4.0005,-472.1282,160.4775,4.0005,5.3376,387.6456,5.5664,,,
77000,,,,,,,,,,1000,5936.3638,106.7201
77500,,,4.847,-461.8658,213.6675,4.847,4.7107,160.9975,6.8028,,,
78000,,,3.9555,-466.2272,93.0931,3.9555,5.2517,334.4316,11.8591,,,
78000,,,,,,,,,,1000,6105.4799,106.5431
78500,,,4.1129,-467.9683,175.7128,4.1129,5.5726,251.2277,12.6047,,,
79000,,,4.2214,-479.8079,149.1502,4.2214,5.3122,329.8021,7.0183,,,
79000,,,,,,,,,,1000,6019.201,106.697
79500,,,3.8492,-477.9776,86.8336,3.8492,5.6656,276.3242,10.3007,,,
80000,,,3.8811,-478.4779,168.2829,3.8811,4.5583,278.703,7.229,,,
80000,6809.2422,1000.0,,,,,,,,,,
80000,,,,,,,,,,1000,6119.2865,95.9768
80500,,,4.632,-481.2633,165.4384,4.632,6.4425,740.5961,8.2835,,,
81000,,,4.7581,-484.868,168.0128,4.7581,4.887,191.953,12.0841,,,
81000,,,,,,,,,,1000,6337.5113,110.7429
81500,,,3.7663,-487.4337,151.4932,3.7663,4.6657,249.3708,7.5715,,,
82000,,,4.2385,-489.7748,153.5921,4.2385,5.0845,217.6608,6.1679,,,
82000,,,,,,,,,,1000,6150.0306,110.8593
82500,,,4.2566,-492.4597,143.7126,4.2566,4.3517,250.5027,6.6295,,,
83000,,,3.9277,-487.2654,144.9193,3.9277,5.6183,214.1093,11.3144,,,
83000,,,,,,,,,,1000,6441.0769,107.1607
83500,,,3.8428,-490.7039,144.6455,3.8428,5.7905,174.6201,11.1314,,,
84000,,,4.0399,-497.5452,167.5817,4.0399,4.9189,248.1232,9.2366,,,
84000,,,,,,,,,,1000,6609.3186,106.7835
84500,,,4.2049,-500.6051,139.812,4.2049,4.401,317.5425,14.752,,,
85000,,,4.0108,-494.6188,160.2105,4.0108,5.8692,251.5926,9.7773,,,
85000,7364.5811,1000.0,,,,,,,,,,
85000,,,,,,,,,,1000,6439.9966,93.2435
85500,,,3.7873,-507.1394,131.5799,3.7873,5.023,384.9042,6.3947,,,
86000,,,3.9478,-498.3668,123.7316,3.9478,5.3562,375.4584,13.0842,,,
86000,,,,,,,,,,1000,6393.9419,106.64
86500,,,4.1794,-494.4163,150.663,4.1794,5.6259,327.0777,4.8601,,,
87000,,,4.2683,-510.336,129.4119,4.2683,5.0577,281.5422,9.6275,,,
87000,,,,,,,,,,1000,6476.6119,106.7282
87500,,,3.7572,-503.7071,142.3585,3.7572,4.9366,359.7113,6.6334,,,
88000,,,3.6807,-513.1711,86.1024,3.6807,4.6706,277.4108,10.9801,,,
88000,,,,,,,,,,1000,6759.9584,106.6077
88500,,,3.5162,-511.7679,94.898,3.5162,4.5262,351.1971,7.1328,,,
89000,,,3.9511,-517.8652,131.8617,3.9511,4.6911,263.4908,8.548,,,
89000,,,,,,,,,,1000,6881.3898,106.7245
89500,,,3.782,-514.6816,115.7592,3.782,6.3341,364.0328,8.1961,,,
90000,,,3.526,-522.0759,171.8756,3.526,5.5375,427.2473,8.7571,,,
90000,7508.7692,1000.0,,,,,,,,,,
90000,,,,,,,,,,1000,7023.5502,93.1936
90500,,,4.369,-519.6299,233.3835,4.369,5.6436,255.4461,11.3146,,,
91000,,,4.3378,-531.1232,213.7027,4.3378,5.6017,231.4659,7.3972,,,
91000,,,,,,,,,,1000,6896.6412,106.5897
91500,,,3.711,-527.6258,169.7008,3.711,6.4586,336.2516,8.042,,,
92000,,,4.1582,-528.7388,180.7182,4.1582,4.9042,376.3315,4.9304,,,
92000,,,,,,,,,,1000,6850.341,106.5595
92500,,,3.8944,-527.4461,188.8335,3.8944,5.8843,311.6244,13.461,,,
93000,,,3.2868,-532.8521,106.0401,3.2868,5.0009,176.2747,14.0024,,,
93000,,,,,,,,,,1000,7032.253,106.6601
93500,,,4.0168,-535.6316,214.5703,4.0168,4.2646,273.3975,8.2486,,,
94000,,,4.1384,-537.6594,260.3396,4.1384,6.3502,233.2308,5.9865,,,
94000,,,,,,,,,,1000,7028.1426,106.7867
94500,,,3.6362,-540.3501,159.0583,3.6362,4.9783,371.7532,12.8588,,,
95000,,,3.9918,-540.3721,243.2049,3.9918,4.3484,168.3058,9.9459,,,
95000,7624.7531,1000.0,,,,,,,,,,
95000,,,,,,,,,,1000,7226.6259,93.6258
95500,,,3.6778,-548.6031,200.0813,3.6778,5.8405,269.7017,10.4255,,,
96000,,,3.9229,-546.6346,244.1279,3.9229,5.1199,225.4892,8.7346,,,
96000,,,,,,,,,,1000,7207.5973,109.6984
96500,,,3.8137,-550.4821,238.329,3.8137,4.448,259.1137,8.8474,,,
97000,,,3.6043,-551.4035,122.3673,3.6043,4.7698,297.8205,11.693,,,
97000,,,,,,,,,,1000,7308.3555,107.8293
97500,,,3.7233,-557.0687,258.1931,3.7233,3.9163,265.2287,9.1808,,,
98000,,,3.8254,-556.3387,139.968,3.8254,4.8815,337.0593,18.2526,,,
98000,,,,,,,,,,1000,7312.9543,106.7444
98500,,,3.6158,-559.2994,118.1273,3.6158,5.3787,422.5556,13.0376,,,
99000,,,3.5626,-569.1866,117.0236,3.5626,6.0599,183.8069,7.528,,,
99000,,,,,,,,,,1000,7519.0318,106.8052
99500,,,3.3367,-569.3708,145.3924,3.3367,4.6214,177.4724,7.7123,,,
100000,,,3.3669,-569.2327,149.6199,3.3669,4.4687,283.3467,8.8733,,,
100000,7809.2733,1000.0,,,,,,,,,,
100000,,,,,,,,,,1000,7595.0109,93.1413
100500,,,3.3518,-567.1373,97.3854,3.3518,4.8614,197.3358,7.2773,,,
101000,,,3.2146,-574.8893,158.6535,3.2146,5.5422,182.2333,9.8371,,,
101000,,,,,,,,,,1000,7492.1419,104.1924
101500,,,3.5163,-580.4499,161.515,3.5163,7.2234,204.3039,6.7708,,,
102000,,,3.4717,-585.1802,114.1407,3.4717,6.0848,355.2598,10.4152,,,
102000,,,,,,,,,,1000,7513.0424,106.6275
102500,,,3.2344,-593.5681,149.2942,3.2344,5.0097,517.5899,14.8057,,,
103000,,,3.8438,-597.1258,163.8769,3.8438,4.3183,221.4837,8.7974,,,
103000,,,,,,,,,,1000,7669.1609,106.4466
103500,,,3.3547,-596.3148,114.9945,3.3547,4.6872,410.6205,14.0431,,,
104000,,,3.0419,-595.7789,119.326,3.0419,6.1872,449.5193,11.0367,,,
104000,,,,,,,,,,1000,7611.8837,106.632
104500,,,3.426,-601.7554,158.5451,3.426,5.9994,606.2326,18.0418,,,
105000,,,3.044,-610.9839,170.9935,3.044,4.31,298.109,12.388,,,
105000,7938.4293,1000.0,,,,,,,,,,
105000,,,,,,,,,,1000,7592.8135,90.8998
105500,,,3.1731,-612.1393,141.8884,3.1731,4.1424,262.4918,13.5342,,,
106000,,,3.6175,-614.928,281.9285,3.6175,5.4019,315.8107,8.467,,,
106000,,,,,,,,,,1000,7772.7961,106.6809
106500,,,2.8901,-621.3969,101.1528,2.8901,5.3934,312.7508,13.033,,,
107000,,,3.5727,-619.2878,136.8625,3.5727,4.6352,280.9359,11.8202,,,
107000,,,,,,,,,,1000,7714.6446,106.5591
107500,,,3.1461,-619.8303,191.4844,3.1461,5.185,388.5678,6.239,,,
108000,,,3.0637,-624.1161,109.6921,3.0637,5.8667,391.7514,9.0713,,,
108000,,,,,,,,,,1000,7775.3378,106.5098
108500,,,2.7325,-635.3134,164.1686,2.7325,5.6725,606.5273,13.6703,,,
109000,,,3.2908,-636.8005,185.8552,3.2908,5.3403,284.2982,14.0344,,,
109000,,,,,,,,,,1000,7816.0045,107.9212
109500,,,3.3337,-635.6573,232.6058,3.3337,4.9496,278.6673,12.9041,,,
110000,,,3.1253,-638.8588,178.1493,3.1253,5.9975,235.7077,16.1265,,,
110000,7990.1569,1000.0,,,,,,,,,,
110000,,,,,,,,,,1000,8109.0694,93.2649
110500,,,3.6028,-638.1187,189.0625,3.6028,5.5536,501.3382,10.4927,,,
111000,,,2.602,-640.4221,159.9313,2.602,5.7334,433.429,9.9617,,,
111000,,,,,,,,,,1000,7789.5428,106.5236
111500,,,3.6031,-645.4932,154.6456,3.6031,5.2441,494.3199,15.6228,,,
112000,,,3.3103,-645.7473,199.9577,3.3103,5.6341,420.9751,12.0959,,,
112000,,,,,,,,,,1000,7913.9254,106.6564
112500,,,3.3813,-653.4597,232.0735,3.3813,4.912,230.5792,6.9438,,,
113000,,,3.2046,-649.8527,170.1946,3.2046,6.2328,411.6392,18.0768,,,
113000,,,,,,,,,,1000,7899.5955,106.7184
113500,,,3.2986,-652.0544,228.7737,3.2986,4.5989,318.5561,5.9471,,,
114000,,,2.8608,-655.2496,172.5049,2.8608,5.4909,370.3448,7.2833,,,
114000,,,,,,,,,,1000,7950.2602,106.9425
114500,,,3.0379,-659.3189,200.8083,3.0379,4.7165,427.7719,8.9254,,,
115000,,,3.3081,-664.4917,156.5342,3.3081,5.865,556.8986,7.7339,,,
115000,8222.9952,1000.0,,,,,,,,,,
115000,,,,,,,,,,1000,7874.0884,92.5989
115500,,,3.0837,-663.8959,180.2176,3.0837,5.2202,390.5819,7.3311,,,
116000,,,3.2327,-666.5162,199.4693,3.2327,4.682,444.3715,9.6271,,,
116000,,,,,,,,,,1000,7817.3115,108.0504
116500,,,2.9162,-668.0142,179.6724,2.9162,5.3932,345.5966,8.9757,,,
117000,,,2.8046,-667.0997,163.3733,2.8046,5.9828,447.3181,10.8064,,,
117000,,,,,,,,,,1000,7819.4385,107.4481
117500,,,2.5365,-675.3365,171.2666,2.5365,5.212,504.6053,8.567,,,
118000,,,2.8599,-677.5859,128.543,2.8599,6.0204,401.7061,10.0495,,,
118000,,,,,,,,,,1000,7936.5754,106.8184
118500,,,2.5948,-678.2659,126.5859,2.5948,6.5916,529.1547,11.8671,,,
119000,,,2.6615,-676.8621,136.4474,2.6615,4.2693,471.6562,13.8376,,,
119000,,,,,,,,,,1000,8024.5915,110.5931
119500,,,2.6635,-681.4205,159.1381,2.6635,5.2386,502.9938,5.8043,,,
120000,,,2.994,-685.1822,143.138,2.994,4.6325,263.1473,9.6962,,,
120000,8428.6465,1000.0,,,,,,,,,,
120000,,,,,,,,,,1000,7886.065,92.6192
120500,,,2.8487,-687.4706,192.4998,2.8487,5.7988,343.5835,8.0903,,,
121000,,,3.0736,-689.6818,202.0191,3.0736,5.8588,349.2964,9.1019,,,
121000,,,,,,,,,,1000,8048.0026,106.9089
121500,,,2.8775,-688.0757,135.8009,2.8775,5.1483,381.1354,10.0361,,,
122000,,,2.7621,-694.9594,179.2189,2.7621,4.4156,261.7872,6.3583,,,
122000,,,,,,,,,,1000,8045.4362,108.1086
122500,,,2.7875,-696.2319,148.469,2.7875,5.8059,588.8781,6.4953,,,
123000,,,2.9043,-694.9217,238.7783,2.9043,5.2003,605.7479,11.868,,,
123000,,,,,,,,,,1000,8210.4949,108.7641
123500,,,3.0668,-696.0207,223.6469,3.0668,6.7888,448.5124,8.3131,,,
124000,,,2.5804,-703.5826,204.9233,2.5804,5.2895,509.0277,11.4756,,,
124000,,,,,,,,,,1000,7965.5948,106.8698
124500,,,2.6013,-701.5421,104.109,2.6013,6.0828,438.3225,15.9043,,,
125000,,,2.8099,-708.4818,201.9505,2.8099,6.3819,569.2542,11.5338,,,
125000,8570.2315,1000.0,,,,,,,,,,
125000,,,,,,,,,,1000,8270.0165,92.9053
125500,,,2.9987,-708.4781,270.6084,2.9987,8.0111,1003.9575,7.866,,,
126000,,,2.7579,-712.3013,149.8289,2.7579,5.5955,496.5937,13.5804,,,
126000,,,,,,,,,,1000,8304.5621,109.5333
126500,,,2.4658,-714.5823,224.9403,2.4658,4.8807,258.2609,7.7711,,,
127000,,,2.7539,-716.5901,256.0602,2.7539,6.4699,482.1866,7.2639,,,
127000,,,,,,,,,,1000,8283.294,110.5163
127500,,,2.3912,-715.1216,166.9606,2.3912,8.4244,904.715,12.112,,,
128000,,,2.5596,-720.5236,239.1281,2.5596,5.9657,661.2564,6.604,,,
128000,,,,,,,,,,1000,8359.4884,110.8696
128500,,,2.6429,-719.1134,247.2513,2.6429,6.4075,648.7654,8.8599,,,
129000,,,2.6731,-725.9237,258.688,2.6731,6.9686,809.7699,6.2114,,,
129000,,,,,,,,,,1000,8238.9139,106.9232
129500,,,2.4846,-724.1762,152.0084,2.4846,5.5268,252.5516,6.1742,,,
130000,,,2.7419,-729.2035,280.0912,2.7419,6.7965,798.8253,8.1296,,,
130000,8572.0626,1000.0,,,,,,,,,,
130000,,,,,,,,,,1000,8480.501,93.319
130500,,,2.3654,-729.9291,268.9665,2.3654,5.7632,455.3937,7.8034,,,
131000,,,2.4423,-731.4265,207.2117,2.4423,5.366,446.5379,8.1535,,,
131000,,,,,,,,,,1000,8485.0959,109.2671
131500,,,2.1925,-732.7494,206.2474,2.1925,5.1632,281.8237,17.5759,,,
132000,,,2.6031,-735.0051,169.2999,2.6031,6.4857,395.5318,14.131,,,
132000,,,,,,,,,,1000,8517.1368,110.8693
132500,,,2.5738,-739.0051,207.2604,2.5738,6.1177,479.0729,6.1353,,,
133000,,,2.4629,-739.0867,137.149,2.4629,5.6898,358.8485,6.1934,,,
133000,,,,,,,,,,1000,8585.974,107.023
133500,,,2.2104,-741.0585,134.5082,2.2104,6.1669,634.3009,6.5458,,,
134000,,,2.0297,-745.1951,160.1254,2.0297,7.19,991.0326,10.3733,,,
134000,,,,,,,,,,1000,8443.5677,108.5116
134500,,,2.4493,-745.1671,206.4669,2.4493,7.9376,833.7632,12.8861,,,
135000,,,2.6485,-748.5458,231.0085,2.6485,5.5779,384.3815,12.5613,,,
135000,8559.6383,1000.0,,,,,,,,,,
135000,,,,,,,,,,1000,8515.2867,92.8906
135500,,,2.1234,-750.484,267.4886,2.1234,5.2853,319.7712,8.2034,,,
136000,,,2.0697,-750.601,146.7396,2.0697,6.173,325.875,10.006,,,
136000,,,,,,,,,,1000,8620.9252,108.2801
136500,,,2.1982,-752.48,167.4808,2.1982,6.372,393.5795,8.2517,,,
137000,,,2.2188,-755.3,216.0291,2.2188,6.992,655.1466,10.769,,,
137000,,,,,,,,,,1000,8652.5688,110.6225
137500,,,2.1025,-756.1868,207.818,2.1025,6.9076,758.6011,8.2996,,,
138000,,,2.3928,-760.2524,209.2342,2.3928,6.4641,698.7497,5.5535,,,
138000,,,,,,,,,,1000,8833.4758,110.6786
138500,,,2.0174,-760.0941,116.3191,2.0174,6.8583,642.1268,12.937,,,
139000,,,2.651,-763.8311,272.0855,2.651,7.5106,408.249,9.2305,,,
139000,,,,,,,,,,1000,8939.4169,110.3765
139500,,,2.2219,-763.199,141.883,2.2219,5.126,382.1515,10.6962,,,
140000,,,2.0453,-766.5112,199.1423,2.0453,5.7943,415.6667,7.1037,,,
140000,9129.4531,1000.0,,,,,,,,,,
140000,,,,,,,,,,1000,8647.5603,94.7468
140500,,,1.994,-769.3229,237.2472,1.994,5.8617,391.7633,8.8606,,,
141000,,,2.293,-770.2899,172.4558,2.293,8.9852,714.8655,8.5379,,,
141000,,,,,,,,,,1000,8634.7806,108.6856
141500,,,2.0057,-773.6794,134.4398,2.0057,5.8374,834.3155,4.3704,,,
142000,,,2.0758,-772.803,147.9464,2.0758,7.0864,471.9547,9.6338,,,
142000,,,,,,,,,,1000,8550.1179,106.2973
142500,,,2.4448,-773.8601,308.0362,2.4448,6.3277,580.1685,10.9985,,,
143000,,,1.9621,-778.1534,139.8364,1.9621,7.2485,601.6957,13.0698,,,
143000,,,,,,,,,,1000,8800.5382,106.5899
143500,,,2.3481,-777.015,244.1451,2.3481,6.566,428.8416,7.5626,,,
144000,,,2.2709,-781.0782,345.4211,2.2709,7.4653,517.2416,8.3147,,,
144000,,,,,,,,,,1000,8946.4655,106.6359
144500,,,2.4495,-782.997,218.096,2.4495,6.4504,611.319,9.9275,,,
145000,,,1.8657,-785.4379,151.1718,1.8657,5.7999,416.411,8.7441,,,
145000,9270.3517,1000.0,,,,,,,,,,
145000,,,,,,,,,,1000,8688.8279,92.5618
145500,,,1.8054,-786.0714,164.0692,1.8054,7.5769,889.666,11.9544,,,
146000,,,2.0313,-787.5269,171.2182,2.0313,6.7993,609.4871,11.7444,,,
146000,,,,,,,,,,1000,8819.8571,106.6945
146500,,,2.1355,-787.4015,85.6212,2.1355,6.2625,509.7939,10.4876,,,
147000,,,2.0106,-791.6963,179.232,2.0106,6.5368,952.9918,10.5753,,,
147000,,,,,,,,,,1000,8762.5968,106.7768
147500,,,2.2093,-792.5745,278.9044,2.2093,5.9641,257.3557,6.6048,,,
148000,,,2.0471,-796.2419,169.5125,2.0471,8.3179,986.0145,11.6027,,,
148000,,,,,,,,,,1000,8877.2171,106.7604
148500,,,2.1013,-799.6326,189.6941,2.1013,7.6911,601.8634,11.0119,,,
149000,,,1.9888,-800.2743,226.8885,1.9888,7.926,904.3161,13.3611,,,
149000,,,,,,,,,,1000,9011.0899,106.6774
149500,,,2.2679,-800.2499,175.5178,2.2679,8.744,762.5357,7.4257,,,
150000,,,2.4603,-805.0583,332.9064,2.4603,10.0235,1158.2158,9.5213,,,
150000,9448.4413,1000.0,,,,,,,,,,
150000,,,,,,,,,,1000,8859.9062,92.5991
150500,,,2.0072,-806.202,198.3271,2.0072,7.1857,881.89,13.6108,,,
151000,,,1.9511,-808.1981,171.2958,1.9511,7.7887,552.1833,5.8034,,,
151000,,,,,,,,,,1000,8998.9957,106.6118
151500,,,2.8679,-808.088,407.6262,2.8679,8.0751,445.0637,10.7836,,,
152000,,,1.9756,-806.9943,143.0708,1.9756,7.5403,432.944,7.8448,,,
152000,,,,,,,,,,1000,9155.5643,108.6214
152500,,,1.7423,-812.5062,137.0273,1.7423,8.3558,499.2882,7.0554,,,
153000,,,1.8777,-814.3206,129.4874,1.8777,8.0419,465.6011,6.8516,,,
153000,,,,,,,,,,1000,8948.057,106.8069
153500,,,1.8265,-816.5736,197.6409,1.8265,7.4462,754.0842,9.0399,,,
154000,,,1.8243,-818.2727,169.0821,1.8243,7.0268,727.5931,7.1388,,,
154000,,,,,,,,,,1000,9287.5833,106.8527
154500,,,1.6944,-820.8839,196.7573,1.6944,8.444,1053.725,8.4498,,,
155000,,,2.2315,-820.0035,281.2464,2.2315,7.2562,702.6887,7.3276,,,
155000,9490.8395,1000.0,,,,,,,,,,
155000,,,,,,,,,,1000,9530.0017,92.7124
155500,,,2.0017,-822.0358,270.3908,2.0017,7.8742,841.7073,7.1915,,,
156000,,,1.896,-823.7755,161.8706,1.896,6.5332,358.8304,11.1829,,,
156000,,,,,,,,,,1000,9262.9895,106.7688
156500,,,2.0427,-825.1818,160.0975,2.0427,9.4469,1329.1233,9.3402,,,
157000,,,2.0196,-827.9089,268.7781,2.0196,8.7574,919.1939,6.4833,,,
157000,,,,,,,,,,1000,9148.1932,106.6899
157500,,,1.8449,-830.8334,163.4646,1.8449,10.938,1273.9811,12.0463,,,
158000,,,1.8557,-828.859,225.2221,1.8557,8.6684,1306.7611,7.9935,,,
158000,,,,,,,,,,1000,9175.227,106.5201
158500,,,1.9762,-831.7382,156.7327,1.9762,8.3823,812.3951,8.735,,,
159000,,,2.3917,-832.6455,194.8594,2.3917,8.4782,634.0148,7.4067,,,
159000,,,,,,,,,,1000,8868.43,109.1997
159500,,,2.2304,-833.2366,240.4491,2.2304,8.0605,938.3384,14.0972,,,
160000,,,2.2661,-836.6783,481.5164,2.2661,8.6085,668.5986,14.6961,,,
160000,9363.9122,1000.0,,,,,,,,,,
160000,,,,,,,,,,1000,9542.6256,94.5336
160500,,,2.1099,-840.8218,289.338,2.1099,9.8982,1272.5477,10.5823,,,
161000,,,1.7329,-840.8698,111.8057,1.7329,9.0462,1247.3663,10.377,,,
161000,,,,,,,,,,1000,9252.5152,108.2352
161500,,,1.9409,-842.2563,172.035,1.9409,8.2142,709.118,6.1284,,,
162000,,,2.2062,-847.57,369.3135,2.2062,8.507,798.288,6.8953,,,
162000,,,,,,,,,,1000,9370.6754,106.6642
162500,,,1.9833,-846.3156,181.9836,1.9833,8.9501,822.9452,10.4261,,,
163000,,,1.9573,-849.6647,129.6825,1.9573,8.2755,1091.8169,6.5509,,,
163000,,,,,,,,,,1000,8802.8213,106.7105
163500,,,1.882,-852.2511,185.4052,1.882,8.446,1114.8116,9.8606,,,
164000,,,1.6169,-853.7558,118.9246,1.6169,10.3195,979.1234,10.4864,,,
164000,,,,,,,,,,1000,9227.652,106.9317
164500,,,1.5199,-851.9187,109.1966,1.5199,12.302,1275.2583,8.2593,,,
165000,,,2.0603,-857.4412,189.6731,2.0603,9.0838,632.0068,10.0105,,,
165000,9597.8136,1000.0,,,,,,,,,,
165000,,,,,,,,,,1000,8659.8358,92.6318
165500,,,2.0688,-854.9236,186.0614,2.0688,7.7025,541.3585,15.5487,,,
166000,,,1.6652,-858.0607,127.832,1.6652,13.6031,1644.2678,7.8488,,,
166000,,,,,,,,,,1000,9499.6884,106.7446
166500,,,1.9418,-862.3798,182.3957,1.9418,8.9887,625.0347,10.718,,,
167000,,,1.7277,-858.6371,179.2755,1.7277,11.8423,1345.6718,8.5258,,,
167000,,,,,,,,,,1000,9603.4438,108.5776
167500,,,1.7172,-864.4873,175.2052,1.7172,9.205,500.3765,13.2795,,,
168000,,,2.0148,-864.6288,150.5966,2.0148,15.8259,1652.2446,8.881,,,
168000,,,,,,,,,,1000,8892.0154,106.7125
168500,,,2.1658,-871.1053,228.8152,2.1658,14.0277,1214.5754,8.9943,,,
169000,,,1.6792,-867.7195,168.256,1.6792,8.6438,598.1035,10.2493,,,
169000,,,,,,,,,,1000,9689.5724,106.4476
169500,,,1.7976,-869.3358,187.1607,1.7976,8.5233,709.4269,14.8274,,,
170000,,,2.1955,-872.8734,407.4198,2.1955,8.587,678.3536,22.4196,,,
170000,10000.6287,1000.0,,,,,,,,,,
170000,,,,,,,,,,1000,9251.3281,92.6146
170500,,,1.7379,-874.6263,235.9758,1.7379,11.6497,1139.4224,11.0541,,,
171000,,,1.8466,-873.5875,166.4419,1.8466,8.8474,546.4369,17.4667,,,
171000,,,,,,,,,,1000,9526.8481,108.9212
171500,,,2.1749,-874.804,251.4165,2.1749,9.524,1113.1613,14.8744,,,
172000,,,1.7237,-877.5799,166.1483,1.7237,10.0222,1559.4641,10.3193,,,
172000,,,,,,,,,,1000,9658.05,106.5953
172500,,,1.9567,-878.9972,250.3513,1.9567,8.0895,439.0914,15.4836,,,
173000,,,1.7626,-883.1133,141.2348,1.7626,14.1317,1343.1223,8.0659,,,
173000,,,,,,,,,,1000,9615.1076,106.4905
173500,,,1.8088,-883.3928,232.4843,1.8088,9.7728,599.9616,13.377,,,
174000,,,1.8741,-886.1462,160.4763,1.8741,14.8578,962.5698,12.9344,,,
174000,,,,,,,,,,1000,9360.8318,106.854
174500,,,1.7652,-887.2506,205.4288,1.7652,8.763,1228.9307,6.5265,,,
175000,,,2.2488,-887.8052,373.4447,2.2488,12.3125,1703.1356,7.0136,,,
175000,10138.0608,1000.0,,,,,,,,,,
175000,,,,,,,,,,1000,9587.776,92.8459
175500,,,1.8276,-892.8547,174.9793,1.8276,9.5802,928.6356,11.1876,,,
176000,,,1.8239,-891.9241,142.6765,1.8239,13.3166,909.9459,8.6604,,,
176000,,,,,,,,,,1000,9280.5591,106.8889
176500,,,1.8989,-894.3899,165.0895,1.8989,10.79,1078.8312,13.9881,,,
177000,,,1.8906,-894.6919,164.731,1.8906,10.2838,515.4609,11.867,,,
177000,,,,,,,,,,1000,9791.4901,106.8042
177500,,,1.6625,-895.5328,147.7446,1.6625,10.9951,736.8466,15.5115,,,
178000,,,1.8414,-897.4333,116.0045,1.8414,11.0015,1119.1737,16.3554,,,
178000,,,,,,,,,,1000,9796.2691,107.9847
178500,,,1.7382,-902.5339,117.4714,1.7382,10.5126,1422.2147,8.3733,,,
179000,,,2.125,-902.0756,216.4369,2.125,9.1498,566.1577,15.9331,,,
179000,,,,,,,,,,1000,9885.1594,106.7049
179500,,,1.6665,-902.2518,147.1587,1.6665,12.3901,882.8132,20.8844,,,
180000,,,1.65,-906.1144,137.5782,1.65,15.4901,1470.5071,13.3931,,,
180000,10215.6499,1000.0,,,,,,,,,,
180000,,,,,,,,,,1000,9694.0193,92.679
180500,,,1.7349,-907.2288,160.2648,1.7349,12.7196,1101.6901,8.338,,,
181000,,,1.976,-910.2708,188.9806,1.976,9.8213,1082.6887,11.7657,,,
181000,,,,,,,,,,1000,9633.9431,106.7999
181500,,,1.8152,-910.566,184.1666,1.8152,8.8448,961.1277,11.8977,,,
182000,,,2.1268,-910.6833,227.3742,2.1268,13.1408,1660.0581,12.3893,,,
182000,,,,,,,,,,1000,9842.3797,106.7463
182500,,,1.6347,-911.0574,148.7173,1.6347,13.9137,1126.5905,9.2551,,,
183000,,,1.6684,-915.465,189.2849,1.6684,10.915,1154.7383,11.9612,,,
183000,,,,,,,,,,1000,9810.5479,106.8316
183500,,,1.5929,-915.9069,147.4,1.5929,12.1905,1112.5846,9.6258,,,
184000,,,1.6994,-914.5878,158.3838,1.6994,9.2677,783.6201,9.9254,,,
184000,,,,,,,,,,1000,9914.9064,107.6214
184500,,,2.0055,-918.8382,141.9647,2.0055,13.0456,1050.5331,12.1039,,,
185000,,,1.9576,-921.0038,274.9592,1.9576,9.7146,908.0436,11.3968,,,
185000,10372.5904,1000.0,,,,,,,,,,
185000,,,,,,,,,,1000,9869.2678,93.323
185500,,,1.5587,-919.572,146.2714,1.5587,9.8235,802.0123,16.3317,,,
186000,,,1.7249,-923.6298,178.2848,1.7249,10.0331,562.7556,7.5205,,,
186000,,,,,,,,,,1000,10054.8654,110.7257
186500,,,1.8797,-923.0616,168.2567,1.8797,11.4039,1084.5663,14.4305,,,
187000,,,1.6307,-927.1642,143.9657,1.6307,13.6272,1572.5874,7.8889,,,
187000,,,,,,,,,,1000,9702.5725,110.6249
187500,,,1.6174,-929.7968,188.3297,1.6174,12.7676,1299.1273,26.6605,,,
188000,,,1.7649,-927.4805,208.8387,1.7649,8.9849,651.2211,12.9051,,,
188000,,,,,,,,,,1000,9289.5701,110.7193
188500,,,1.5424,-929.7664,109.7523,1.5424,11.7553,1454.1792,9.5036,,,
189000,,,1.8932,-930.9185,162.0287,1.8932,8.8773,505.1312,15.046,,,
189000,,,,,,,,,,1000,9580.4157,110.6676
189500,,,1.7839,-931.2554,168.7242,1.7839,11.5451,1027.92,8.8448,,,
190000,,,1.5386,-933.9418,117.7057,1.5386,13.3508,1077.4901,10.6319,,,
190000,10315.4725,1000.0,,,,,,,,,,
190000,,,,,,,,,,1000,10051.0858,95.3808
190500,,,1.7313,-933.3122,278.2823,1.7313,13.1015,695.8431,7.7457,,,
191000,,,2.0106,-939.165,289.6138,2.0106,10.2918,1235.7839,10.12,,,
191000,,,,,,,,,,1000,9851.0467,110.7045
191500,,,1.7046,-938.9795,172.4313,1.7046,11.2444,821.1844,10.5796,,,
192000,,,1.8677,-940.4199,151.9908,1.8677,14.4917,1599.54,8.7705,,,
192000,,,,,,,,,,1000,9814.3902,108.9555
192500,,,1.8785,-940.3967,270.9081,1.8785,12.1941,764.5151,13.4151,,,
193000,,,1.5772,-941.7521,130.2644,1.5772,11.3929,1097.142,12.0211,,,
193000,,,,,,,,,,1000,10011.16,106.792
193500,,,1.7073,-940.121,201.2765,1.7073,12.1224,657.4459,13.5542,,,
194000,,,1.6593,-943.1268,166.5144,1.6593,11.196,1092.4476,8.51,,,
194000,,,,,,,,,,1000,-275.1758,108.5036
194500,,,1.5581,-943.9789,148.2954,1.5581,11.4067,1390.9436,20.4502,,,
195000,,,1.6331,-943.9808,141.5224,1.6331,12.8132,992.9701,14.4849,,,
195000,10459.1711,1000.0,,,,,,,,,,
195000,,,,,,,,,,1000,9422.0805,92.8326
195500,,,1.7776,-945.9131,253.6445,1.7776,11.7431,1004.609,20.0467,,,
196000,,,2.2805,-944.8113,433.1529,2.2805,11.0503,921.9758,10.5125,,,
196000,,,,,,,,,,1000,9663.9607,107.2433
196500,,,1.6476,-946.0434,206.6469,1.6476,10.2104,569.4854,12.2056,,,
197000,,,1.7828,-945.6929,167.0128,1.7828,13.5098,1051.4506,11.8554,,,
197000,,,,,,,,,,1000,-263.4351,107.5652
197500,,,2.0179,-945.7468,227.3842,2.0179,13.5152,680.81,11.4586,,,
198000,,,1.6442,-946.1048,138.5117,1.6442,13.0862,1193.0256,9.7578,,,
198000,,,,,,,,,,1000,10170.3596,106.7181
198500,,,1.8633,-946.8029,166.4602,1.8633,13.0713,761.2287,13.3787,,,
199000,,,1.7327,-952.5616,189.0535,1.7327,11.3154,566.1982,9.1319,,,
199000,,,,,,,,,,1000,10241.476,108.2027
199500,,,1.7412,-949.1848,204.1384,1.7412,12.3192,986.5794,11.702,,,
200000,,,2.1843,-953.5442,231.0862,2.1843,14.1815,1551.1538,11.4685,,,
200000,10498.1221,1000.0,,,,,,,,,,
200000,,,,,,,,,,1000,10132.4949,94.9535
200500,,,1.617,-951.4272,114.7545,1.617,15.9045,1687.9137,12.9194,,,
201000,,,1.404,-953.0075,170.0305,1.404,9.9058,1027.976,11.6657,,,
201000,,,,,,,,,,1000,9854.0402,108.0564
201500,,,1.8549,-955.7363,172.7037,1.8549,15.0408,1127.7069,10.9928,,,
202000,,,1.6319,-958.2422,135.6237,1.6319,12.1152,635.6154,15.7845,,,
202000,,,,,,,,,,1000,10125.2899,106.713
202500,,,1.9982,-961.7631,215.606,1.9982,12.7825,1456.9617,11.5588,,,
203000,,,2.0154,-960.281,301.7043,2.0154,14.1071,1560.395,18.9748,,,
203000,,,,,,,,,,1000,9987.2312,106.8922
203500,,,2.0806,-963.1339,302.57,2.0806,12.2981,970.4603,14.3154,,,
204000,,,1.716,-963.1783,191.1809,1.716,13.5104,940.9333,14.3459,,,
204000,,,,,,,,,,1000,10042.7446,106.914
204500,,,1.939,-959.9066,305.1224,1.939,10.1966,1109.9028,14.3397,,,
205000,,,1.6679,-966.8369,215.3984,1.6679,12.7162,1374.5708,17.8997,,,
205000,10457.3974,1000.0,,,,,,,,,,
205000,,,,,,,,,,1000,10201.9439,92.9253
205500,,,1.8158,-965.282,211.984,1.8158,12.7987,608.7977,11.0081,,,
206000,,,1.5666,-969.0688,146.4258,1.5666,11.4719,622.864,20.8865,,,
206000,,,,,,,,,,1000,10337.0686,107.7034
206500,,,1.768,-963.8057,149.3278,1.768,12.2171,1116.8539,22.7144,,,
207000,,,1.7071,-972.447,186.819,1.7071,10.5274,762.3539,14.1338,,,
207000,,,,,,,,,,1000,10098.8485,107.4011
207500,,,1.6261,-967.6203,159.2501,1.6261,10.2161,401.6079,10.8203,,,
208000,,,1.8603,-972.7263,209.513,1.8603,12.2353,915.8968,7.4799,,,
208000,,,,,,,,,,1000,10272.1728,106.7987
208500,,,1.7449,-975.3591,184.3951,1.7449,14.5941,1037.5746,7.2783,,,
209000,,,1.6619,-976.244,160.6336,1.6619,9.9813,599.7923,21.6496,,,
209000,,,,,,,,,,1000,9921.2473,106.8355
209500,,,1.6254,-977.5176,136.1024,1.6254,10.3358,624.9655,11.2756,,,
210000,,,1.5815,-973.2275,140.7717,1.5815,10.7402,1310.5493,15.9042,,,
210000,10792.0675,1000.0,,,,,,,,,,
210000,,,,,,,,,,1000,10479.0665,94.3921
210500,,,1.939,-977.7141,238.7447,1.939,12.1373,918.0743,13.4204,,,
211000,,,1.7869,-977.8066,156.5343,1.7869,12.9359,1557.0962,15.4365,,,
211000,,,,,,,,,,1000,10195.305,107.5769
211500,,,2.071,-981.2709,160.8222,2.071,12.0295,707.7853,17.7022,,,
212000,,,1.8784,-981.7852,185.7604,1.8784,11.8902,1112.8811,12.4518,,,
212000,,,,,,,,,,1000,10163.8741,106.8064
212500,,,1.9757,-979.1125,164.767,1.9757,11.4119,582.9986,18.1047,,,
213000,,,1.6634,-982.6025,127.3721,1.6634,13.2601,1398.4464,13.5771,,,
213000,,,,,,,,,,1000,10227.7078,106.7806
213500,,,1.6933,-986.8464,135.6202,1.6933,10.2188,334.1938,19.0879,,,
214000,,,1.634,-983.0566,188.6743,1.634,11.2448,707.5855,15.4152,,,
214000,,,,,,,,,,1000,10295.3256,106.7454
214500,,,1.488,-986.853,144.6974,1.488,12.6013,1384.7115,10.4368,,,
215000,,,1.8,-988.4274,144.0285,1.8,12.7189,1253.9641,22.8538,,,
215000,9722.0688,1000.0,,,,,,,,,,
215000,,,,,,,,,,1000,10244.2909,92.8667
215500,,,1.9248,-990.3805,174.9093,1.9248,14.3164,901.2018,19.9348,,,
216000,,,1.6831,-987.9516,191.1813,1.6831,11.6483,903.6851,18.6003,,,
216000,,,,,,,,,,1000,10365.0961,108.2201
216500,,,1.6612,-995.0916,121.5602,1.6612,9.1728,467.1943,18.8343,,,
217000,,,1.6712,-997.6953,128.5024,1.6712,12.5944,623.3456,13.1706,,,
217000,,,,,,,,,,1000,10513.7839,106.9927
217500,,,1.9395,-992.9498,181.2976,1.9395,12.4042,959.8597,16.6675,,,
218000,,,1.6466,-994.3768,282.0443,1.6466,13.2065,707.8557,12.8453,,,
218000,,,,,,,,,,1000,10407.8014,106.8163
218500,,,1.8049,-992.36,203.804,1.8049,13.1394,1078.3279,17.2143,,,
219000,,,1.751,-996.4087,112.1179,1.751,12.3878,1390.2542,12.261,,,
219000,,,,,,,,,,1000,10546.6107,108.2573
219500,,,1.9463,-998.6237,213.688,1.9463,12.7152,1004.1653,10.2886,,,
220000,,,2.3749,-1000.6002,467.4807,2.3749,11.959,347.3529,9.4841,,,
220000,11045.321,1000.0,,,,,,,,,,
220000,,,,,,,,,,1000,10603.8284,92.4965
220500,,,1.8297,-1003.2643,187.2488,1.8297,11.0567,777.223,22.4111,,,
221000,,,1.5228,-1004.5404,131.4233,1.5228,14.3012,649.514,22.7544,,,
221000,,,,,,,,,,1000,10456.4396,110.144
221500,,,1.6758,-1004.3199,109.4441,1.6758,14.0334,1138.771,11.0464,,,
222000,,,1.5276,-1005.1146,126.0264,1.5276,16.7451,1659.7823,14.9107,,,
222000,,,,,,,,,,1000,10631.7945,108.8515
222500,,,1.6355,-1005.3907,201.0747,1.6355,12.4121,765.5162,15.8434,,,
223000,,,1.429,-1008.5917,170.9181,1.429,13.0114,876.4504,17.6987,,,
223000,,,,,,,,,,1000,10687.1933,109.239
223500,,,1.903,-1006.0434,125.3601,1.903,10.6316,1029.9276,15.279,,,
224000,,,1.9557,-1007.0521,201.3395,1.9557,12.4627,750.4182,13.8267,,,
224000,,,,,,,,,,1000,10499.1744,106.7348
224500,,,1.6669,-1011.6413,153.6012,1.6669,11.9033,537.7791,16.9734,,,
225000,,,1.5087,-1011.4128,188.048,1.5087,10.7638,687.2853,9.7255,,,
225000,11007.5825,1000.0,,,,,,,,,,
225000,,,,,,,,,,1000,10617.7754,92.712
225500,,,1.697,-1009.9785,154.7039,1.697,11.1117,737.5525,15.3366,,,
226000,,,1.6249,-1014.2238,143.5197,1.6249,12.1567,534.7843,18.6765,,,
226000,,,,,,,,,,1000,10207.0154,106.8248
226500,,,2.12,-1018.6478,219.6299,2.12,10.7586,862.0295,10.947,,,
227000,,,1.471,-1014.0331,160.3139,1.471,11.6078,566.0352,13.6453,,,
227000,,,,,,,,,,1000,9965.8727,106.634
227500,,,1.6398,-1017.2243,158.7795,1.6398,10.6168,767.8964,17.2661,,,
228000,,,1.7135,-1017.6949,152.6299,1.7135,11.0831,681.1852,12.9654,,,
228000,,,,,,,,,,1000,10638.2661,106.7489
228500,,,1.4878,-1011.2087,137.8502,1.4878,10.2678,638.0601,28.2905,,,
229000,,,1.745,-1011.6996,171.711,1.745,11.3435,676.4382,11.4931,,,
229000,,,,,,,,,,1000,-135.176,106.5801
229500,,,1.999,-1014.4199,240.7212,1.999,12.9638,945.9998,8.9611,,,
230000,,,1.4599,-1018.5609,141.9588,1.4599,11.4081,572.9206,11.7529,,,
230000,10983.9501,1000.0,,,,,,,,,,
230000,,,,,,,,,,1000,10229.3248,92.8183
230500,,,1.7917,-1014.9473,230.9145,1.7917,13.5821,1013.4462,12.9993,,,
231000,,,1.6013,-1015.5924,129.8821,1.6013,11.5956,663.682,15.8627,,,
231000,,,,,,,,,,1000,10767.2866,106.647
231500,,,1.8163,-1015.0165,143.7484,1.8163,10.8384,747.7863,17.2687,,,
232000,,,1.5623,-1019.6635,185.0475,1.5623,10.7233,419.1046,12.1749,,,
232000,,,,,,,,,,1000,10837.2814,109.6182
232500,,,1.634,-1018.0748,140.9397,1.634,15.3415,1012.7601,14.6928,,,
233000,,,1.4858,-1020.3713,161.4867,1.4858,14.54,1504.0754,9.266,,,
233000,,,,,,,,,,1000,10656.0605,109.8398
233500,,,1.9374,-1020.062,268.5436,1.9374,11.7311,1324.0636,11.6479,,,
234000,,,1.6318,-1013.686,157.0974,1.6318,11.1829,675.3769,29.8128,,,
234000,,,,,,,,,,1000,10501.3635,106.7777
234500,,,1.8639,-1020.502,144.5682,1.8639,10.0052,489.2552,18.5796,,,
235000,,,1.4257,-1017.1052,162.9857,1.4257,11.2608,681.5878,8.5365,,,
235000,10942.8999,1000.0,,,,,,,,,,
235000,,,,,,,,,,1000,10540.981,92.7773
235500,,,1.733,-1023.3746,155.683,1.733,14.7143,605.8994,10.8245,,,
236000,,,1.6964,-1018.3634,206.3278,1.6964,12.5979,1095.9897,16.6476,,,
236000,,,,,,,,,,1000,10694.1465,106.6665
236500,,,1.9746,-1033.2909,212.1341,1.9746,11.2413,899.4647,11.6735,,,
237000,,,1.5877,-1031.3993,134.6655,1.5877,12.5509,871.0398,14.0425,,,
237000,,,,,,,,,,1000,10551.7615,106.6571
237500,,,1.8782,-1032.6691,274.7744,1.8782,10.3817,381.3914,24.4845,,,
238000,,,1.785,-1031.6333,202.5908,1.785,11.144,795.1003,15.7317,,,
238000,,,,,,,,,,1000,10859.7733,106.7352
238500,,,1.5003,-1030.1686,148.6893,1.5003,9.5583,611.6739,13.6813,,,
239000,,,1.5947,-1029.8258,149.8703,1.5947,11.3009,1094.2363,9.9554,,,
239000,,,,,,,,,,1000,10459.4013,106.6484
239500,,,1.554,-1032.802,173.6887,1.554,11.5208,1018.4439,15.69,,,
240000,,,1.5066,-1032.5011,198.4459,1.5066,10.725,926.011,22.567,,,
240000,11255.8888,1000.0,,,,,,,,,,
240000,,,,,,,,,,1000,10627.9773,92.9494
240500,,,2.1301,-1037.7549,353.4477,2.1301,11.2391,753.3012,15.4532,,,
241000,,,1.5267,-1030.8395,128.2129,1.5267,10.5452,635.9578,18.3652,,,
241000,,,,,,,,,,1000,10704.679,110.0026
241500,,,1.8781,-1033.1962,311.3706,1.8781,9.9353,805.5626,12.3778,,,
242000,,,1.9825,-1037.8276,228.343,1.9825,12.1294,686.6082,7.6513,,,
242000,,,,,,,,,,1000,10455.2911,107.7567
242500,,,1.8022,-1036.7625,213.1487,1.8022,9.5226,510.7276,12.1509,,,
243000,,,1.5262,-1037.3741,119.9514,1.5262,8.4109,493.8273,16.7713,,,
243000,,,,,,,,,,1000,10579.0224,106.759
243500,,,1.9248,-1036.682,221.4483,1.9248,10.0982,876.2324,11.3743,,,
244000,,,1.7863,-1039.4496,203.562,1.7863,8.5518,474.7855,16.1513,,,
244000,,,,,,,,,,1000,10328.7075,109.2692
244500,,,1.8234,-1038.9304,226.6682,1.8234,11.892,857.9435,11.1642,,,
245000,,,1.5998,-1040.8704,247.7781,1.5998,10.2621,621.2983,16.9591,,,
245000,11161.3099,1000.0,,,,,,,,,,
245000,,,,,,,,,,1000,10678.7968,93.6177
245500,,,1.7527,-1046.0527,224.8169,1.7527,11.0413,788.3594,20.0595,,,
246000,,,1.5583,-1036.4507,161.7721,1.5583,10.4263,1378.0151,12.7338,,,
246000,,,,,,,,,,1000,2337.4456,110.149
246500,,,1.8697,-1047.3198,275.966,1.8697,11.0639,1305.7063,13.2935,,,
247000,,,1.4342,-1038.1718,138.6511,1.4342,11.7556,1121.1356,12.0247,,,
247000,,,,,,,,,,1000,10705.3251,107.2538
247500,,,1.7427,-1045.104,261.1844,1.7427,8.9127,557.1897,27.2917,,,
248000,,,1.5333,-1041.2284,156.7128,1.5333,8.9125,697.4159,19.3184,,,
248000,,,,,,,,,,1000,10462.7198,107.1217
248500,,,1.458,-1041.553,118.0876,1.458,9.4188,656.9175,12.7358,,,
249000,,,1.803,-1037.8444,202.5347,1.803,9.8488,775.494,10.8883,,,
249000,,,,,,,,,,1000,10217.3991,110.7195
249500,,,1.7228,-1044.6285,182.2341,1.7228,10.4366,782.1639,12.7144,,,
250000,,,1.7761,-1047.4916,211.1069,1.7761,11.572,394.5398,14.9304,,,
250000,11164.6307,1000.0,,,,,,,,,,
250000,,,,,,,,,,1000,10702.9453,93.6976
250500,,,1.8744,-1044.8983,178.0213,1.8744,10.5161,1090.3516,11.6863,,,
251000,,,1.7433,-1044.0455,183.8638,1.7433,9.4147,674.2265,9.8612,,,
251000,,,,,,,,,,1000,10405.6581,109.7176
251500,,,1.6437,-1048.3749,283.4885,1.6437,10.4886,371.3759,18.6975,,,
252000,,,1.6439,-1044.4985,142.7367,1.6439,10.4154,946.3188,9.3475,,,
252000,,,,,,,,,,1000,10891.3343,110.7507
252500,,,1.4757,-1051.5543,152.7036,1.4757,9.3984,505.681,16.0479,,,
253000,,,1.6599,-1050.1522,137.4512,1.6599,11.3609,687.7831,15.6086,,,
253000,,,,,,,,,,1000,10892.2069,106.6551
253500,,,1.4413,-1044.0343,154.2841,1.4413,10.2554,904.9401,15.8161,,,
254000,,,1.5567,-1049.2028,169.3599,1.5567,11.0673,956.6572,9.4774,,,
254000,,,,,,,,,,1000,10638.2614,106.9572
254500,,,1.6611,-1052.8545,177.6672,1.6611,8.5692,1104.7543,16.1796,,,
255000,,,1.981,-1060.5441,229.3504,1.981,12.5092,1132.4574,18.3788,,,
255000,11279.639,1000.0,,,,,,,,,,
255000,,,,,,,,,,1000,10930.8791,92.0011
255500,,,1.6729,-1049.5806,170.2164,1.6729,10.0496,748.55,18.5196,,,
256000,,,1.7092,-1050.813,178.133,1.7092,12.106,1172.1605,17.5004,,,
256000,,,,,,,,,,1000,10420.0798,107.3891
256500,,,2.0084,-1057.4115,247.6947,2.0084,11.5517,923.4758,14.8335,,,
257000,,,1.411,-1052.1312,132.9531,1.411,11.0866,1294.9122,14.8749,,,
257000,,,,,,,,,,1000,10551.4205,106.9805
257500,,,1.7298,-1049.7936,128.7343,1.7298,17.0883,990.662,15.3819,,,
258000,,,1.8097,-1058.205,230.2424,1.8097,12.4038,1082.2117,11.4053,,,
258000,,,,,,,,,,1000,11142.8506,107.5462
258500,,,1.8845,-1052.8845,149.2124,1.8845,10.4555,916.542,17.6433,,,
259000,,,1.5712,-1059.0013,215.5937,1.5712,9.5817,639.0433,7.9931,,,
259000,,,,,,,,,,1000,11103.2941,110.6075
259500,,,1.5705,-1055.85,149.0515,1.5705,10.1708,1028.5645,9.8238,,,
260000,,,1.5903,-1058.8018,146.5226,1.5903,10.3966,676.1989,11.1492,,,
260000,11463.8849,1000.0,,,,,,,,,,
260000,,,,,,,,,,1000,10812.8187,93.1166
260500,,,1.874,-1062.9423,179.5965,1.874,10.1713,1258.9877,12.8834,,,
261000,,,1.4348,-1057.5269,156.6579,1.4348,9.5598,718.9185,12.3994,,,
261000,,,,,,,,,,1000,11026.6942,108.1308
261500,,,1.9337,-1068.8242,211.2308,1.9337,9.0066,890.5956,26.4054,,,
262000,,,1.757,-1057.1252,180.7682,1.757,9.2016,483.1718,9.5271,,,
262000,,,,,,,,,,1000,11021.0637,106.7317
262500,,,1.6749,-1066.5476,144.6693,1.6749,11.8519,577.4355,10.2722,,,
263000,,,1.5628,-1065.2593,131.1215,1.5628,11.7369,838.2249,13.7196,,,
263000,,,,,,,,,,1000,10765.8623,106.477
263500,,,1.4521,-1064.7679,138.2973,1.4521,9.5248,713.5026,19.1527,,,
264000,,,1.5278,-1072.5105,108.0121,1.5278,7.6867,787.9525,18.6021,,,
264000,,,,,,,,,,1000,10760.9817,106.3375
264500,,,1.7038,-1065.8303,168.5134,1.7038,9.1165,949.0515,24.7289,,,
265000,,,2.0114,-1067.9948,245.0508,2.0114,10.2366,781.7141,12.9459,,,
265000,11465.8414,1000.0,,,,,,,,,,
265000,,,,,,,,,,1000,10389.7555,95.2358
265500,,,1.6314,-1067.8232,186.1559,1.6314,10.2222,948.6495,13.9372,,,
266000,,,1.5705,-1069.3679,160.4251,1.5705,8.6027,821.8589,22.3647,,,
266000,,,,,,,,,,1000,11212.0138,110.8246
266500,,,1.6158,-1069.6791,208.344,1.6158,10.0096,550.4526,8.573,,,
267000,,,1.4555,-1069.6948,156.935,1.4555,9.4492,724.559,11.7791,,,
267000,,,,,,,,,,1000,10859.4471,109.3876
267500,,,1.5325,-1070.4238,196.5491,1.5325,9.8927,413.6813,16.0632,,,
268000,,,1.7738,-1071.8837,119.7454,1.7738,8.6501,409.2433,10.0749,,,
268000,,,,,,,,,,1000,10848.7308,106.5659
268500,,,1.6653,-1069.9343,194.4597,1.6653,9.1414,1116.5271,28.272,,,
269000,,,1.4778,-1078.1423,106.2619,1.4778,8.3311,1180.1044,10.6069,,,
269000,,,,,,,,,,1000,10982.4747,106.9402
269500,,,2.0634,-1071.662,360.0552,2.0634,11.005,825.0446,9.4263,,,
270000,,,1.7422,-1074.8313,275.3811,1.7422,7.346,764.0781,13.2419,,,
270000,11319.8108,1000.0,,,,,,,,,,
270000,,,,,,,,,,1000,10481.926,92.8046
270500,,,1.5566,-1079.3489,161.9015,1.5566,9.6634,694.1574,16.7742,,,
271000,,,1.3868,-1065.5537,102.9365,1.3868,11.1653,556.7214,20.5913,,,
271000,,,,,,,,,,1000,10874.1185,106.5778
271500,,,1.851,-1072.2568,221.871,1.851,8.015,971.1036,21.6161,,,
272000,,,1.4638,-1073.8546,185.9982,1.4638,7.538,415.4587,15.9769,,,
272000,,,,,,,,,,1000,11132.9917,109.8278
272500,,,1.6773,-1069.1677,167.5426,1.6773,9.1071,958.6405,11.0648,,,
273000,,,1.9811,-1077.651,261.9931,1.9811,9.2407,1275.6462,16.3406,,,
273000,,,,,,,,,,1000,10707.2168,106.6677
273500,,,1.3406,-1079.4963,124.7701,1.3406,8.3825,1066.7821,20.9385,,,
274000,,,1.3508,-1074.8243,167.2478,1.3508,7.9742,721.741,13.3963,,,
274000,,,,,,,,,,1000,11007.9398,106.7569
274500,,,1.8528,-1072.5267,269.8042,1.8528,9.7604,590.9531,10.4018,,,
275000,,,1.7206,-1074.1587,161.907,1.7206,9.9095,815.231,10.031,,,
275000,11447.3793,1000.0,,,,,,,,,,
275000,,,,,,,,,,1000,11140.7275,92.6722
275500,,,1.5429,-1077.7585,292.6234,1.5429,8.1073,687.5308,14.3922,,,
276000,,,1.5138,-1080.2522,236.8848,1.5138,7.923,618.2158,12.3092,,,
276000,,,,,,,,,,1000,11124.2246,107.761
276500,,,1.4847,-1076.4105,165.3841,1.4847,7.4799,441.9605,10.8198,,,
277000,,,1.3793,-1082.3795,144.154,1.3793,7.8463,391.4026,11.0228,,,
277000,,,,,,,,,,1000,10856.5889,109.7922
277500,,,1.4558,-1081.8607,151.1985,1.4558,8.0924,752.3528,26.359,,,
278000,,,1.4711,-1084.1819,119.2023,1.4711,7.8374,315.2585,16.248,,,
278000,,,,,,,,,,1000,10836.6789,106.6429
278500,,,1.3884,-1082.0658,176.3618,1.3884,8.8214,1207.8933,15.3137,,,
279000,,,1.5825,-1083.3982,231.3331,1.5825,7.3654,630.2093,14.5627,,,
279000,,,,,,,,,,1000,10980.9369,107.37
279500,,,1.4105,-1087.0745,163.1261,1.4105,8.5803,770.9667,19.748,,,
280000,,,1.4662,-1082.9478,194.4779,1.4662,8.6571,820.2034,15.171,,,
280000,11440.4294,1000.0,,,,,,,,,,
280000,,,,,,,,,,1000,10865.2763,94.1042
280500,,,1.2458,-1078.167,170.9802,1.2458,8.0991,902.7355,12.9138,,,
281000,,,1.3094,-1086.5101,168.0739,1.3094,19.394,750.886,34.2422,,,
281000,,,,,,,,,,1000,10903.2004,109.9742
281500,,,1.6395,-1086.7268,267.7795,1.6395,9.1779,1424.6748,12.9411,,,
282000,,,1.5042,-1083.7023,128.1972,1.5042,9.4848,951.4964,13.0647,,,
282000,,,,,,,,,,1000,10985.4486,106.6329
282500,,,1.9972,-1088.5256,340.3772,1.9972,7.1069,358.0827,22.0172,,,
283000,,,1.5612,-1090.1923,241.1544,1.5612,10.0184,673.4119,10.5998,,,
283000,,,,,,,,,,1000,10961.0151,107.2482
283500,,,1.7642,-1091.324,189.5638,1.7642,6.7665,556.4476,8.9418,,,
284000,,,1.5594,-1093.1064,155.3997,1.5594,9.8676,992.5198,15.4374,,,
284000,,,,,,,,,,1000,10958.3944,109.9272
284500,,,1.6827,-1092.9213,216.8826,1.6827,7.5635,382.3492,12.4036,,,
285000,,,1.3375,-1087.7621,118.3526,1.3375,7.0727,679.3491,21.5531,,,
285000,11575.0004,1000.0,,,,,,,,,,
285000,,,,,,,,,,1000,11069.0854,93.6627
285500,,,1.366,-1090.0906,131.6389,1.366,6.5167,624.3951,9.5786,,,
286000,,,1.4978,-1087.689,167.1124,1.4978,9.0508,599.7109,30.841,,,
286000,,,,,,,,,,1000,10971.1895,110.838
286500,,,1.6791,-1093.9066,146.1125,1.6791,6.8759,531.038,19.1038,,,
287000,,,1.3978,-1087.2753,172.9293,1.3978,9.0208,520.8686,12.6547,,,
287000,,,,,,,,,,1000,10604.8597,110.9362
287500,,,1.4555,-1098.2831,162.1789,1.4555,7.9492,740.4095,24.0171,,,
288000,,,1.4309,-1097.1204,128.146,1.4309,8.5389,868.3948,23.321,,,
288000,,,,,,,,,,1000,11082.455,111.0423
288500,,,1.4535,-1097.0183,173.532,1.4535,7.8657,579.7827,10.2204,,,
289000,,,1.7027,-1094.3824,163.1708,1.7027,7.1545,669.2476,19.3406,,,
289000,,,,,,,,,,1000,10937.4841,110.9862
289500,,,1.5224,-1089.0303,138.433,1.5224,7.3972,501.5685,12.4379,,,
290000,,,1.5487,-1092.5908,199.9559,1.5487,8.9289,1087.2673,11.2441,,,
290000,11648.9575,1000.0,,,,,,,,,,
290000,,,,,,,,,,1000,11214.1875,94.5535
290500,,,1.5661,-1093.1324,165.3561,1.5661,8.824,848.1599,14.6221,,,
291000,,,1.268,-1092.9907,181.5326,1.268,8.2304,434.6255,13.9373,,,
291000,,,,,,,,,,1000,10922.019,106.8591
291500,,,1.5276,-1099.2734,140.2586,1.5276,9.5088,1189.7428,14.2955,,,
292000,,,1.3247,-1097.0483,193.7481,1.3247,6.5358,394.3978,14.589,,,
292000,,,,,,,,,,1000,11189.2518,106.6575
292500,,,1.3409,-1095.3374,164.6109,1.3409,7.3717,783.531,11.004,,,
293000,,,1.3064,-1096.068,134.9932,1.3064,6.9234,494.6912,11.5967,,,
293000,,,,,,,,,,1000,11126.6567,106.9597
293500,,,1.4341,-1099.496,122.5689,1.4341,7.6861,655.8369,12.0176,,,
294000,,,1.4457,-1104.7577,169.8449,1.4457,13.0307,974.9146,18.4794,,,
294000,,,,,,,,,,1000,11000.7591,106.9117
294500,,,1.6701,-1101.9319,269.9241,1.6701,9.1631,995.3525,14.9758,,,
295000,,,1.5957,-1108.0365,147.0494,1.5957,9.0291,649.5693,27.497,,,
295000,11683.8166,1000.0,,,,,,,,,,
295000,,,,,,,,,,1000,11108.6223,93.7689
295500,,,1.4333,-1107.2056,186.0591,1.4333,8.4736,686.3723,13.248,,,
296000,,,1.3802,-1105.7281,159.4595,1.3802,7.213,629.2532,18.2882,,,
296000,,,,,,,,,,1000,10827.2911,109.1158
296500,,,1.3803,-1110.9677,142.0489,1.3803,9.2143,836.3804,11.1415,,,
297000,,,1.332,-1109.8835,122.8571,1.332,7.7181,557.3789,26.7269,,,
297000,,,,,,,,,,1000,11120.2857,107.4158
297500,,,1.3675,-1110.413,167.8863,1.3675,7.5541,954.2444,24.1468,,,
298000,,,1.4662,-1112.3556,228.4134,1.4662,8.3037,686.9653,12.2237,,,
298000,,,,,,,,,,1000,10967.0145,107.8164
298500,,,1.3499,-1113.3778,114.8909,1.3499,7.5384,393.9696,17.1038,,,
299000,,,1.3607,-1115.7506,162.3461,1.3607,9.3184,621.9544,19.0517,,,
299000,,,,,,,,,,1000,11003.1886,107.8453
299500,,,1.5541,-1115.6278,118.9891,1.5541,6.3563,503.9227,35.685,,,
300000,,,1.2487,-1110.1041,167.9708,1.2487,8.3745,589.7007,11.3656,,,
300000,11678.7396,1000.0,,,,,,,,,,
300000,,,,,,,,,,1000,11015.2749,94.1945
300500,,,1.4248,-1115.5784,167.4505,1.4248,8.7169,374.1419,12.0865,,,
301000,,,1.3512,-1114.2942,162.4214,1.3512,7.3934,560.7577,14.3198,,,
301000,,,,,,,,,,1000,11167.2886,106.9751
301500,,,1.289,-1117.1327,130.5837,1.289,8.8933,1311.0745,8.1692,,,
302000,,,1.519,-1115.4666,226.1069,1.519,8.4664,217.582,8.8187,,,
302000,,,,,,,,,,1000,11194.4861,110.0528
302500,,,1.1588,-1118.6615,132.9246,1.1588,7.6343,861.5805,31.7063,,,
303000,,,1.5751,-1118.0023,298.187,1.5751,8.093,707.278,21.8195,,,
303000,,,,,,,,,,1000,11399.0105,109.9093
303500,,,1.4515,-1121.285,201.7291,1.4515,7.5649,440.6588,35.8516,,,
304000,,,1.1892,-1119.9978,136.592,1.1892,6.5235,497.9742,16.8227,,,
304000,,,,,,,,,,1000,10953.3886,110.799
304500,,,1.2064,-1111.975,201.4676,1.2064,8.2877,687.9813,12.6944,,,
305000,,,1.2807,-1117.7017,139.3765,1.2807,7.8351,643.8248,19.4618,,,
305000,11707.1868,1000.0,,,,,,,,,,
305000,,,,,,,,,,1000,11252.2835,95.466
305500,,,1.3437,-1118.8267,182.2062,1.3437,6.917,566.5942,19.9577,,,
306000,,,1.2148,-1118.1023,98.1668,1.2148,7.8985,512.6146,16.5655,,,
306000,,,,,,,,,,1000,11269.9748,107.6085
306500,,,1.5541,-1117.9807,239.907,1.5541,6.6745,476.0614,28.054,,,
307000,,,1.411,-1121.7698,179.0389,1.411,8.2538,986.0759,15.3774,,,
307000,,,,,,,,,,1000,11271.6003,108.4002
307500,,,1.2588,-1120.4081,200.5008,1.2588,7.0746,1032.4908,16.8735,,,
308000,,,1.4549,-1119.2448,194.5336,1.4549,7.4633,556.2864,21.9295,,,
308000,,,,,,,,,,1000,11242.6866,106.5891
308500,,,1.5257,-1119.3071,180.1165,1.5257,7.4823,393.2754,20.6263,,,
309000,,,1.5747,-1123.5021,201.9649,1.5747,7.5815,530.5338,16.7063,,,
309000,,,,,,,,,,1000,11407.1963,107.0693
309500,,,1.2211,-1119.6041,156.5321,1.2211,8.0776,825.4546,8.1094,,,
310000,,,1.2348,-1118.36,133.448,1.2348,8.066,744.5573,20.4066,,,
310000,11777.1856,1000.0,,,,,,,,,,
310000,,,,,,,,,,1000,11221.3606,92.6585
310500,,,1.2065,-1121.4346,158.3825,1.2065,7.4831,604.2261,8.6392,,,
311000,,,1.2591,-1124.6283,156.1736,1.2591,8.8744,783.1251,10.7631,,,
311000,,,,,,,,,,1000,10840.8875,107.0739
311500,,,1.443,-1121.038,197.5057,1.443,8.0556,523.7949,11.0033,,,
312000,,,1.5581,-1124.0835,260.5486,1.5581,5.2942,533.9673,30.7216,,,
312000,,,,,,,,,,1000,11467.2287,107.2113
312500,,,1.4648,-1128.9756,220.9195,1.4648,14.296,1090.3402,7.8813,,,
313000,,,1.2093,-1125.2371,158.8655,1.2093,10.6277,854.5832,15.3944,,,
313000,,,,,,,,,,1000,11270.1894,109.3361
313500,,,1.2697,-1123.3855,150.2918,1.2697,7.6724,880.4583,13.3219,,,
314000,,,1.3185,-1127.3519,141.1975,1.3185,7.9304,1012.016,19.5288,,,
314000,,,,,,,,,,1000,11557.7545,107.1459
314500,,,1.3018,-1122.3552,165.0274,1.3018,7.2738,944.83,37.2045,,,
315000,,,1.5696,-1128.4924,189.8763,1.5696,7.8697,827.9506,11.9776,,,
315000,11786.0951,1000.0,,,,,,,,,,
315000,,,,,,,,,,1000,11393.4212,92.5617
315500,,,1.3244,-1123.5635,292.1063,1.3244,8.2273,554.1522,19.4946,,,
316000,,,1.1431,-1123.9246,158.8744,1.1431,6.6987,483.2392,8.4203,,,
316000,,,,,,,,,,1000,11204.0193,107.7108
316500,,,1.4437,-1122.5597,242.2681,1.4437,7.7194,869.8717,34.1576,,,
317000,,,1.1351,-1121.0746,121.7933,1.1351,9.0168,338.7879,17.4427,,,
317000,,,,,,,,,,1000,11281.0858,110.1362
317500,,,1.5543,-1127.2897,170.9424,1.5543,7.9099,425.4998,11.1099,,,
318000,,,1.2788,-1131.0828,142.6771,1.2788,7.7412,1004.3014,27.6836,,,
318000,,,,,,,,,,1000,11079.4847,109.1499
318500,,,1.3223,-1130.1244,203.8119,1.3223,9.6433,625.4087,16.2064,,,
319000,,,1.2896,-1133.6686,187.1127,1.2896,8.3689,805.0192,19.657,,,
319000,,,,,,,,,,1000,11500.4617,106.6663
319500,,,1.5978,-1130.9562,251.1652,1.5978,8.995,916.46,24.1063,,,
320000,,,1.2495,-1136.6201,115.3679,1.2495,7.6985,466.0916,12.8506,,,
320000,11515.737,1000.0,,,,,,,,,,
320000,,,,,,,,,,1000,11330.7969,92.6051
320500,,,1.2366,-1130.1013,131.2978,1.2366,7.6634,829.1207,9.9092,,,
321000,,,1.3298,-1127.6554,155.6069,1.3298,8.8856,1003.1937,8.9986,,,
321000,,,,,,,,,,1000,11421.2648,106.6552
321500,,,1.3729,-1133.4976,219.7397,1.3729,8.0625,828.9565,29.9382,,,
322000,,,1.6244,-1135.7635,380.4042,1.6244,8.8574,1031.2897,22.8222,,,
322000,,,,,,,,,,1000,11646.9616,106.6462
322500,,,1.1494,-1129.2528,212.2735,1.1494,7.8557,869.0478,38.2287,,,
323000,,,1.4984,-1135.9912,197.6134,1.4984,7.244,781.0244,18.3649,,,
323000,,,,,,,,,,1000,11321.3429,106.8915
323500,,,1.2085,-1134.8147,155.3276,1.2085,11.9393,1267.4156,19.4683,,,
324000,,,1.3127,-1133.7501,120.2469,1.3127,8.8418,644.465,15.6349,,,
324000,,,,,,,,,,1000,10795.7347,107.4027
324500,,,1.8069,-1136.3152,213.23,1.8069,7.309,510.4509,7.5759,,,
325000,,,1.141,-1133.4083,110.4846,1.141,6.3852,375.6127,11.0729,,,
325000,11586.1318,1000.0,,,,,,,,,,
325000,,,,,,,,,,1000,11001.5036,93.4286
325500,,,1.4126,-1134.6583,229.8679,1.4126,8.2646,599.3853,20.2142,,,
326000,,,1.454,-1129.8268,197.7671,1.454,8.9758,403.8539,13.3184,,,
326000,,,,,,,,,,1000,11317.9139,106.8109
326500,,,1.1917,-1135.8439,162.252,1.1917,10.3793,951.7271,30.9659,,,
327000,,,1.1952,-1136.9636,221.9094,1.1952,8.6563,694.6628,15.2945,,,
327000,,,,,,,,,,1000,11705.0839,106.7268
327500,,,1.3775,-1140.954,127.8282,1.3775,7.0043,592.5355,17.9256,,,
328000,,,1.2955,-1136.1107,129.1634,1.2955,8.3018,892.5734,19.8764,,,
328000,,,,,,,,,,1000,11439.5279,106.5029
328500,,,1.0471,-1139.8162,148.1325,1.0471,11.0202,689.1287,28.5455,,,
329000,,,1.1418,-1142.8622,141.9117,1.1418,8.8753,572.8814,18.6108,,,
329000,,,,,,,,,,1000,10966.7392,107.0417
329500,,,1.2626,-1142.0519,158.5007,1.2626,8.1665,483.677,21.998,,,
330000,,,1.3317,-1143.5563,222.6025,1.3317,8.4671,456.6638,23.6877,,,
330000,12117.0172,1000.0,,,,,,,,,,
330000,,,,,,,,,,1000,11536.025,92.6831
330500,,,1.5459,-1144.7992,213.6315,1.5459,8.7852,966.3366,30.8493,,,
331000,,,1.3856,-1144.9252,265.8679,1.3856,7.3791,668.3792,38.518,,,
331000,,,,,,,,,,1000,11091.8502,106.8056
331500,,,1.3664,-1143.4542,200.3864,1.3664,9.0886,704.6857,15.4962,,,
332000,,,1.0587,-1145.0619,168.6329,1.0587,8.6614,644.0829,29.1645,,,
332000,,,,,,,,,,1000,11514.8907,106.6591
332500,,,1.3203,-1143.3259,189.2059,1.3203,6.6716,630.5948,16.007,,,
333000,,,1.2315,-1146.8651,173.8266,1.2315,9.2011,939.7509,18.9166,,,
333000,,,,,,,,,,1000,11551.5346,106.693
333500,,,1.2679,-1148.395,176.9387,1.2679,11.6942,1326.4338,28.2922,,,
334000,,,1.2568,-1145.8574,125.0561,1.2568,11.634,982.8662,20.0374,,,
334000,,,,,,,,,,1000,11592.3111,106.453
334500,,,1.1991,-1152.2065,179.6288,1.1991,10.3082,821.1252,13.529,,,
335000,,,1.1117,-1151.9039,101.3599,1.1117,10.6894,771.8989,19.7024,,,
335000,10296.1401,1000.0,,,,,,,,,,
335000,,,,,,,,,,1000,11311.823,92.4918
335500,,,1.3092,-1149.6219,134.128,1.3092,8.0636,405.7416,13.7885,,,
336000,,,1.2735,-1148.7712,141.5714,1.2735,7.6196,545.5538,41.1549,,,
336000,,,,,,,,,,1000,11636.5855,108.2028
336500,,,1.1712,-1153.6621,187.2005,1.1712,6.9,509.9606,11.8416,,,
337000,,,1.1565,-1158.9949,128.9636,1.1565,10.5424,622.3466,40.7784,,,
337000,,,,,,,,,,1000,11157.9142,106.8343
337500,,,1.3928,-1148.2017,120.896,1.3928,9.9901,529.9205,24.2596,,,
338000,,,1.2633,-1159.3407,163.736,1.2633,11.3571,672.9587,18.5411,,,
338000,,,,,,,,,,1000,11659.5357,106.7133
338500,,,1.4467,-1151.3154,141.5656,1.4467,10.9595,924.79,17.8052,,,
339000,,,1.1426,-1152.4294,160.0782,1.1426,11.5058,494.5842,12.6919,,,
339000,,,,,,,,,,1000,11762.5724,106.6316
339500,,,1.4243,-1149.6279,109.7645,1.4243,10.1189,737.5159,24.4514,,,
340000,,,1.2813,-1154.4257,112.2102,1.2813,9.962,472.4095,27.6343,,,
340000,12503.2128,1000.0,,,,,,,,,,
340000,,,,,,,,,,1000,11673.623,92.6583
340500,,,1.4889,-1156.4987,169.1106,1.4889,10.4775,440.8878,35.6365,,,
341000,,,1.2269,-1160.3256,123.0388,1.2269,10.02,410.0948,14.0583,,,
341000,,,,,,,,,,1000,11517.1527,106.6421
341500,,,1.2884,-1157.2278,167.8237,1.2884,8.6577,575.7307,41.9863,,,
342000,,,1.3062,-1157.7384,189.8715,1.3062,10.0606,799.0131,31.4638,,,
342000,,,,,,,,,,1000,11878.4078,106.9413
342500,,,1.3232,-1155.7007,197.138,1.3232,9.9767,728.7219,26.4678,,,
343000,,,1.5036,-1157.5277,220.7883,1.5036,8.7353,819.6517,50.8813,,,
343000,,,,,,,,,,1000,11445.3172,106.9254
343500,,,1.2109,-1160.6127,167.8194,1.2109,10.8684,1045.5874,14.6585,,,
344000,,,1.2094,-1160.5659,173.9166,1.2094,9.3157,526.0769,17.0225,,,
344000,,,,,,,,,,1000,11554.3219,107.4214
344500,,,1.1968,-1158.8652,174.8427,1.1968,9.458,731.5341,21.616,,,
345000,,,1.1281,-1165.6753,119.0621,1.1281,12.191,769.6008,24.0705,,,
345000,12663.7425,1000.0,,,,,,,,,,
345000,,,,,,,,,,1000,11438.5771,92.7039
345500,,,1.2197,-1166.4677,169.5229,1.2197,10.2512,728.1223,27.7393,,,
346000,,,1.3422,-1165.8708,237.3159,1.3422,10.924,968.1865,18.1799,,,
346000,,,,,,,,,,1000,11611.3692,106.6123
346500,,,1.1359,-1171.162,161.2262,1.1359,9.2188,806.7455,33.0077,,,
347000,,,1.4374,-1165.8558,210.5026,1.4374,13.2645,783.4328,28.4138,,,
347000,,,,,,,,,,1000,11873.3254,106.5696
347500,,,1.1582,-1168.8726,191.2792,1.1582,9.0963,599.435,15.439,,,
348000,,,1.1605,-1173.2783,157.9167,1.1605,9.7795,883.023,26.7984,,,
348000,,,,,,,,,,1000,12013.8942,106.5544
348500,,,1.0489,-1171.8792,166.8106,1.0489,7.5637,416.7785,47.0824,,,
349000,,,1.7249,-1166.5774,273.818,1.7249,8.6768,453.9264,17.8292,,,
349000,,,,,,,,,,1000,11949.6523,106.4907
349500,,,1.2193,-1173.6217,135.0967,1.2193,11.3978,668.5204,13.4879,,,
350000,,,1.4035,-1171.5959,275.7681,1.4035,9.1079,746.4642,43.5046,,,
350000,12072.2618,1000.0,,,,,,,,,,
350000,,,,,,,,,,1000,12161.8078,93.5431
350500,,,1.3827,-1174.0726,201.8138,1.3827,11.869,1262.7078,12.2423,,,
351000,,,1.315,-1176.9342,234.6037,1.315,7.4028,496.0019,32.2406,,,
351000,,,,,,,,,,1000,12064.0761,106.6838
351500,,,1.3301,-1173.9209,164.0083,1.3301,8.8539,783.5516,28.4918,,,
352000,,,1.1931,-1179.6368,206.8565,1.1931,8.2236,803.9481,74.3791,,,
352000,,,,,,,,,,1000,12011.2462,106.6968
352500,,,1.3834,-1178.5385,173.4088,1.3834,11.2812,843.3646,49.6544,,,
353000,,,1.5115,-1173.3496,176.6157,1.5115,10.0917,944.7444,12.0361,,,
353000,,,,,,,,,,1000,12037.225,107.2145
353500,,,1.1502,-1177.5062,155.6089,1.1502,13.0279,719.9807,41.114,,,
354000,,,1.3356,-1179.7803,176.0357,1.3356,10.7837,775.5321,18.8339,,,
354000,,,,,,,,,,1000,11924.9691,108.3213
354500,,,1.246,-1183.6064,173.7487,1.246,8.7324,1004.0293,33.7323,,,
355000,,,1.1835,-1184.1779,152.1986,1.1835,14.3711,929.144,19.8945,,,
355000,12154.3929,1000.0,,,,,,,,,,
355000,,,,,,,,,,1000,11946.8472,92.6204
355500,,,1.3604,-1186.2478,169.6887,1.3604,8.9697,564.8498,65.4905,,,
356000,,,1.0916,-1184.8911,148.1102,1.0916,10.6581,945.2025,10.82,,,
356000,,,,,,,,,,1000,11973.0411,106.5467
356500,,,1.2296,-1183.3706,160.0101,1.2296,12.2185,666.4189,21.0377,,,
357000,,,1.1794,-1179.5481,170.283,1.1794,10.5217,547.3256,18.8232,,,
357000,,,,,,,,,,1000,3905.0523,106.4412
357500,,,1.1217,-1178.7271,179.6518,1.1217,10.1422,676.9347,39.5849,,,
358000,,,1.2342,-1187.0212,160.1829,1.2342,13.1572,897.2459,17.5561,,,
358000,,,,,,,,,,1000,12006.3137,107.7695
358500,,,1.3626,-1186.0602,203.3151,1.3626,9.331,833.0243,25.8299,,,
359000,,,1.416,-1181.6537,248.713,1.416,9.1298,561.3571,29.4023,,,
359000,,,,,,,,,,1000,11493.1368,108.8358
359500,,,1.4743,-1188.2708,201.8348,1.4743,10.1386,713.6121,15.1311,,,
360000,,,1.4525,-1181.9757,196.5125,1.4525,10.5718,561.8048,69.9023,,,
360000,12458.8863,1000.0,,,,,,,,,,
360000,,,,,,,,,,1000,12119.1473,92.8649
360500,,,1.4011,-1187.1515,271.1379,1.4011,11.3089,709.6547,17.9649,,,
361000,,,1.3753,-1185.7461,186.9907,1.3753,10.7224,605.0677,19.3197,,,
361000,,,,,,,,,,1000,6138.5137,106.8005
361500,,,1.3612,-1188.2666,163.4571,1.3612,11.1418,801.9175,24.6206,,,
362000,,,1.0382,-1176.6859,157.0983,1.0382,12.7002,886.0466,37.3418,,,
362000,,,,,,,,,,1000,11899.9499,106.9107
362500,,,1.2382,-1181.2969,191.2266,1.2382,9.7167,912.2851,13.7034,,,
363000,,,1.2315,-1185.7904,194.7215,1.2315,10.7523,527.863,38.1776,,,
363000,,,,,,,,,,1000,12118.0926,106.7869
363500,,,1.2145,-1180.6017,160.2155,1.2145,13.6659,559.9941,40.6151,,,
364000,,,1.31,-1188.3536,192.8548,1.31,13.2622,1226.2708,55.2439,,,
364000,,,,,,,,,,1000,12124.7439,106.7981
364500,,,1.0523,-1187.5084,171.6016,1.0523,13.8475,1247.0054,15.764,,,
365000,,,1.2768,-1187.313,214.5507,1.2768,11.7409,495.3827,22.0019,,,
365000,12006.3755,1000.0,,,,,,,,,,
365000,,,,,,,,,,1000,12210.8551,92.9094
365500,,,1.1052,-1185.8188,117.0759,1.1052,13.5753,654.0775,30.3742,,,
366000,,,1.1414,-1193.1003,142.2557,1.1414,11.4126,989.1378,18.8729,,,
366000,,,,,,,,,,1000,12124.3499,109.4893
366500,,,1.4087,-1181.2766,175.1035,1.4087,12.3043,788.6923,67.2057,,,
367000,,,1.018,-1190.7126,135.3982,1.018,12.7709,1319.3632,27.4473,,,
367000,,,,,,,,,,1000,12427.2218,108.7929
367500,,,1.3939,-1186.6143,134.2284,1.3939,11.8315,810.4932,42.7669,,,
368000,,,1.3946,-1190.9059,209.5553,1.3946,10.6998,535.8307,28.431,,,
368000,,,,,,,,,,1000,11949.1805,110.0625
368500,,,1.1884,-1189.348,116.6879,1.1884,9.9853,598.1869,19.8399,,,
369000,,,1.3062,-1190.1964,173.127,1.3062,14.3508,1157.8766,18.0441,,,
369000,,,,,,,,,,1000,12231.5984,106.653
369500,,,1.3114,-1201.0223,157.471,1.3114,11.3833,436.1587,42.3975,,,
370000,,,1.1485,-1205.1855,127.6836,1.1485,9.3795,327.2095,33.2462,,,
370000,11851.1956,1000.0,,,,,,,,,,
370000,,,,,,,,,,1000,11966.4085,92.8599
370500,,,1.1402,-1199.075,156.3513,1.1402,10.7504,593.9146,31.2145,,,
371000,,,1.4014,-1197.9001,224.22,1.4014,10.6742,507.4918,36.0101,,,
371000,,,,,,,,,,1000,12123.1408,106.3747
371500,,,1.3023,-1198.9717,150.9939,1.3023,10.7797,365.4081,20.6878,,,
372000,,,1.2662,-1197.0211,161.9688,1.2662,9.8471,874.6815,29.839,,,
372000,,,,,,,,,,1000,11864.8329,106.5906
372500,,,1.2388,-1191.168,200.769,1.2388,9.8893,750.1473,24.0771,,,
373000,,,1.1398,-1192.5563,127.5362,1.1398,11.2804,534.8903,63.0089,,,
373000,,,,,,,,,,1000,1917.09,107.4629
373500,,,1.3008,-1194.95,174.4474,1.3008,13.2739,695.9761,28.02,,,
374000,,,1.1863,-1191.5117,140.7128,1.1863,23.1647,762.2953,36.4738,,,
374000,,,,,,,,,,1000,11855.5002,106.7478
374500,,,1.2086,-1195.2925,159.2337,1.2086,11.3096,758.8527,32.0585,,,
375000,,,1.3189,-1188.762,167.0464,1.3189,10.3207,703.2767,30.1265,,,
375000,12218.8098,1000.0,,,,,,,,,,
375000,,,,,,,,,,1000,11861.0184,93.9954
375500,,,1.3557,-1203.4231,142.2279,1.3557,12.3081,559.1783,38.641,,,
376000,,,1.2047,-1199.4713,124.9462,1.2047,13.5285,809.3309,35.9429,,,
376000,,,,,,,,,,1000,9940.678,106.5188
376500,,,1.0477,-1201.8156,114.9062,1.0477,14.3728,1071.3417,33.2119,,,
377000,,,1.2568,-1204.0938,175.0065,1.2568,12.4642,576.1531,11.6774,,,
377000,,,,,,,,,,1000,12131.6302,107.8461
377500,,,1.2349,-1188.6962,130.001,1.2349,14.3133,657.7487,36.8539,,,
378000,,,1.0579,-1197.9359,144.8585,1.0579,14.1701,772.6825,20.27,,,
378000,,,,,,,,,,1000,11813.1764,106.8211
378500,,,1.4123,-1190.3789,220.6198,1.4123,14.8591,636.097,21.3379,,,
379000,,,1.1078,-1197.7261,156.0717,1.1078,11.6188,533.2798,16.3544,,,
379000,,,,,,,,,,1000,12153.1519,107.8694
379500,,,1.4992,-1200.0546,220.1794,1.4992,11.2677,644.0894,52.1297,,,
380000,,,1.3036,-1201.0896,163.8371,1.3036,14.0017,905.8088,30.1463,,,
380000,10678.7603,1000.0,,,,,,,,,,
380000,,,,,,,,,,1000,11976.5002,94.7286
380500,,,1.2173,-1197.681,158.8016,1.2173,11.796,907.8008,18.7524,,,
381000,,,1.4078,-1205.3643,147.0867,1.4078,16.6892,539.686,46.4253,,,
381000,,,,,,,,,,1000,12728.8177,107.2877
381500,,,1.3508,-1202.0791,170.9803,1.3508,16.2999,856.7717,46.2237,,,
382000,,,1.1437,-1197.5432,149.003,1.1437,15.5725,460.8427,60.5466,,,
382000,,,,,,,,,,1000,12674.5122,106.8164
382500,,,1.4176,-1207.2256,166.8206,1.4176,13.3309,661.693,30.4535,,,
383000,,,1.2203,-1210.0571,160.0582,1.2203,16.003,1174.5317,26.5856,,,
383000,,,,,,,,,,1000,12520.6852,106.8466
383500,,,1.1473,-1204.9568,153.2164,1.1473,14.2378,1202.3571,40.905,,,
384000,,,1.2945,-1203.1339,115.5295,1.2945,11.7214,535.924,37.8001,,,
384000,,,,,,,,,,1000,12068.9941,106.8273
384500,,,1.0188,-1204.7461,172.812,1.0188,13.484,1059.9037,33.0394,,,
385000,,,1.0779,-1212.7322,124.9224,1.0779,15.7896,966.6368,15.3147,,,
385000,12560.7761,1000.0,,,,,,,,,,
385000,,,,,,,,,,1000,12204.2327,92.7211
385500,,,1.4831,-1202.1007,192.4783,1.4831,12.4667,875.7838,25.3939,,,
386000,,,1.2312,-1217.1276,171.6965,1.2312,13.0671,860.9092,18.0139,,,
386000,,,,,,,,,,1000,12165.6159,106.7163
386500,,,1.3066,-1202.6403,201.3874,1.3066,16.3503,1143.4203,19.6728,,,
387000,,,1.4906,-1217.1307,276.491,1.4906,12.8116,931.8486,28.4241,,,
387000,,,,,,,,,,1000,12374.7586,106.9619
387500,,,1.6038,-1217.5354,262.6424,1.6038,13.4087,936.8752,52.324,,,
388000,,,1.0979,-1212.0793,144.8463,1.0979,14.7487,471.7551,53.4167,,,
388000,,,,,,,,,,1000,11531.2006,107.9873
388500,,,1.2677,-1208.4868,118.0011,1.2677,12.3263,1163.4557,71.7113,,,
389000,,,1.5084,-1213.1908,160.8738,1.5084,12.9374,978.0637,61.4514,,,
389000,,,,,,,,,,1000,12442.1875,109.3436
389500,,,1.1649,-1211.5336,157.4155,1.1649,19.8291,673.0938,41.3511,,,
390000,,,1.7272,-1215.1449,233.8006,1.7272,13.8513,647.574,27.2638,,,
390000,12458.9167,1000.0,,,,,,,,,,
390000,,,,,,,,,,1000,12063.4013,93.5992
390500,,,1.2559,-1213.2236,156.9985,1.2559,15.3363,621.8692,27.7909,,,
391000,,,1.4161,-1217.339,158.3021,1.4161,15.2369,885.3358,49.3762,,,
391000,,,,,,,,,,1000,11859.8662,107.5397
391500,,,1.3331,-1218.2177,149.3151,1.3331,15.9057,608.0731,49.707,,,
392000,,,1.2179,-1208.2985,167.142,1.2179,15.8481,1306.4395,44.9462,,,
392000,,,,,,,,,,1000,12532.3309,107.5837
392500,,,1.3162,-1218.1461,132.3104,1.3162,12.7819,858.0396,34.0219,,,
393000,,,1.517,-1210.3638,267.4557,1.517,18.3434,899.6618,50.4983,,,
393000,,,,,,,,,,1000,8538.9944,109.3281
393500,,,1.2348,-1224.8824,149.5384,1.2348,18.7693,1013.3959,52.5121,,,
394000,,,1.3222,-1213.7264,91.4099,1.3222,17.756,830.2188,25.2161,,,
394000,,,,,,,,,,1000,12733.5829,108.6038
394500,,,1.2228,-1215.2631,130.9781,1.2228,17.1439,565.7735,44.1686,,,
395000,,,1.2332,-1216.8088,189.4855,1.2332,14.9425,1187.0947,32.104,,,
395000,12190.2198,1000.0,,,,,,,,,,
395000,,,,,,,,,,1000,12301.8147,92.6036
395500,,,1.4481,-1215.2905,149.0644,1.4481,18.4606,488.4057,22.4007,,,
396000,,,1.0957,-1214.2826,156.9657,1.0957,14.6492,1022.8535,55.1347,,,
396000,,,,,,,,,,1000,12656.5565,107.3689
396500,,,1.1748,-1225.5396,157.578,1.1748,15.0119,913.8521,18.7685,,,
397000,,,1.2757,-1223.7854,184.3142,1.2757,17.7122,615.0798,60.1848,,,
397000,,,,,,,,,,1000,12468.0592,110.5547
397500,,,1.376,-1230.8735,199.5228,1.376,20.7583,514.8856,38.4639,,,
398000,,,1.1236,-1225.288,222.1979,1.1236,14.0017,677.4642,69.677,,,
398000,,,,,,,,,,1000,12550.5564,106.7189
398500,,,1.739,-1221.3193,136.1283,1.739,14.2743,740.85,48.9685,,,
399000,,,1.1315,-1203.2642,135.4299,1.1315,16.3082,727.5271,34.5607,,,
399000,,,,,,,,,,1000,3652.8756,106.5856
399500,,,1.4525,-1213.4152,153.466,1.4525,14.3886,591.1944,48.1169,,,
400000,,,1.0919,-1217.4489,142.6864,1.0919,17.4105,919.6287,58.4669,,,
400000,13741.6221,1000.0,,,,,,,,,,
400000,,,,,,,,,,1000,11632.0639,92.6176
400500,,,1.6241,-1213.0552,160.1602,1.6241,15.9993,684.7859,63.1261,,,
401000,,,1.4615,-1216.0585,176.3853,1.4615,18.0781,657.6443,31.0605,,,
401000,,,,,,,,,,1000,12712.0563,106.5316
401500,,,1.3797,-1223.8492,206.5856,1.3797,14.1724,454.8322,70.8152,,,
402000,,,1.3769,-1218.6217,157.7381,1.3769,17.3356,988.5057,99.9556,,,
402000,,,,,,,,,,1000,2984.6422,106.4818
402500,,,1.2553,-1228.684,123.0097,1.2553,18.1302,1113.0178,31.4278,,,
403000,,,2.0085,-1224.4808,224.974,2.0085,20.4517,1036.2072,61.7017,,,
403000,,,,,,,,,,1000,11728.5779,106.6222
403500,,,1.2057,-1208.9463,153.5362,1.2057,18.6452,986.8335,55.0057,,,
404000,,,1.0402,-1220.6317,90.5044,1.0402,20.4581,650.2996,29.1837,,,
404000,,,,,,,,,,1000,11688.649,106.6989
404500,,,1.0561,-1224.1262,107.8421,1.0561,22.0971,1148.1935,42.4812,,,
405000,,,1.3688,-1212.3479,172.3174,1.3688,12.7393,796.8448,44.15,,,
405000,13521.7078,1000.0,,,,,,,,,,
405000,,,,,,,,,,1000,13059.6504,92.6723
405500,,,1.4496,-1224.9948,132.4068,1.4496,25.0779,1254.6455,61.1522,,,
406000,,,1.3513,-1207.5679,207.5573,1.3513,18.6612,737.0898,59.2797,,,
406000,,,,,,,,,,1000,12638.6531,106.6023
406500,,,1.2415,-1214.7601,196.2903,1.2415,15.9839,659.8442,24.603,,,
407000,,,1.1855,-1227.2986,175.234,1.1855,17.1477,909.5833,56.4839,,,
407000,,,,,,,,,,1000,-428.9281,109.1289
407500,,,1.3864,-1209.5416,192.1368,1.3864,17.4552,697.9553,21.0283,,,
408000,,,1.7588,-1203.5823,228.4935,1.7588,13.6601,751.5132,54.8262,,,
408000,,,,,,,,,,1000,-332.0676,106.4757
408500,,,1.3175,-1205.3434,139.6236,1.3175,18.5748,990.4363,104.0491,,,
409000,,,1.4353,-1215.0725,146.0662,1.4353,14.8651,869.045,21.2143,,,
409000,,,,,,,,,,1000,13086.1746,106.4253
409500,,,1.0519,-1215.8724,157.4658,1.0519,13.1221,922.4959,47.6337,,,
410000,,,1.167,-1216.7552,160.1473,1.167,16.0814,856.2948,40.1967,,,
410000,12011.3581,1000.0,,,,,,,,,,
410000,,,,,,,,,,1000,12658.0762,92.7672
410500,,,1.1569,-1206.4657,145.1702,1.1569,18.059,970.8068,44.2725,,,
411000,,,1.2018,-1221.8157,207.6786,1.2018,17.1004,1150.4851,76.6913,,,
411000,,,,,,,,,,1000,12357.2244,106.7887
411500,,,1.1421,-1217.7064,141.2797,1.1421,15.0777,879.3181,16.4938,,,
412000,,,1.1404,-1225.2705,149.7784,1.1404,15.3585,813.3947,48.2016,,,
412000,,,,,,,,,,1000,12916.9641,106.6905
412500,,,1.4082,-1225.6565,181.6972,1.4082,17.557,631.6033,79.4118,,,
413000,,,1.1347,-1223.8799,143.3169,1.1347,16.8604,794.4042,27.2926,,,
413000,,,,,,,,,,1000,10120.7562,107.9137
413500,,,1.3675,-1221.5878,195.0759,1.3675,14.8377,668.5844,39.5716,,,
414000,,,1.1806,-1205.3868,159.9573,1.1806,17.7214,790.1114,28.3124,,,
414000,,,,,,,,,,1000,13027.206,107.51
414500,,,1.5903,-1212.201,139.9065,1.5903,18.4185,747.1238,44.9843,,,
415000,,,1.0713,-1227.2948,151.9655,1.0713,16.1713,675.1746,46.3144,,,
415000,10144.2323,1000.0,,,,,,,,,,
415000,,,,,,,,,,1000,12577.7647,92.3081
415500,,,1.3551,-1226.5817,184.2632,1.3551,14.4957,756.9172,41.3624,,,
416000,,,1.2715,-1233.8037,129.9589,1.2715,15.8672,1015.7664,40.4635,,,
416000,,,,,,,,,,1000,11550.287,108.4202
416500,,,1.3241,-1220.1146,159.2928,1.3241,18.8318,1321.1219,35.974,,,
417000,,,1.6294,-1216.5308,304.7173,1.6294,21.9664,1415.5718,53.3293,,,
417000,,,,,,,,,,1000,12102.5448,107.8793
417500,,,1.4695,-1223.0209,181.3273,1.4695,16.1534,1186.6807,50.5475,,,
418000,,,1.3613,-1222.0776,158.424,1.3613,17.7434,1038.3885,93.3915,,,
418000,,,,,,,,,,1000,12882.7923,106.6143
418500,,,1.0877,-1226.416,145.6223,1.0877,17.8382,1133.549,29.734,,,
419000,,,1.3649,-1233.1952,160.9573,1.3649,14.7484,1038.2467,32.7439,,,
419000,,,,,,,,,,1000,12846.3571,106.5493
419500,,,1.3702,-1240.9269,134.8098,1.3702,23.5006,808.9233,69.6351,,,
420000,,,1.3831,-1232.2184,190.5601,1.3831,15.1677,1098.1417,50.8366,,,
420000,13713.7021,1000.0,,,,,,,,,,
420000,,,,,,,,,,1000,-150.7034,92.4315
420500,,,1.3228,-1223.5281,176.1413,1.3228,13.3585,748.1359,34.5126,,,
421000,,,1.5705,-1220.5665,109.114,1.5705,21.3722,683.8553,51.7834,,,
421000,,,,,,,,,,1000,12026.3783,106.5392
421500,,,1.51,-1224.6709,157.9225,1.51,16.7625,925.7084,48.0631,,,
422000,,,1.2667,-1225.1127,182.0341,1.2667,18.4739,1880.4999,38.5419,,,
422000,,,,,,,,,,1000,12910.8015,106.7563
422500,,,1.35,-1222.7367,172.4495,1.35,17.2993,1317.4777,40.7791,,,
423000,,,1.2901,-1223.0708,137.2264,1.2901,19.4671,891.7797,46.3175,,,
423000,,,,,,,,,,1000,12984.9479,106.7647
423500,,,1.2274,-1221.0286,179.9346,1.2274,15.083,845.9237,47.9296,,,
424000,,,1.449,-1218.5435,137.7298,1.449,15.0702,1136.0665,54.1598,,,
424000,,,,,,,,,,1000,13236.4565,106.6029
424500,,,1.2535,-1241.4955,152.9712,1.2535,17.3539,766.2551,49.5961,,,
425000,,,1.2699,-1228.8776,128.4734,1.2699,15.4927,642.6599,74.0805,,,
425000,13631.889,1000.0,,,,,,,,,,
425000,,,,,,,,,,1000,12855.7113,92.7463
425500,,,1.3,-1237.6421,127.1083,1.3,17.4642,1703.1515,48.4879,,,
426000,,,1.3516,-1227.3933,207.033,1.3516,15.1033,1009.7403,61.7525,,,
426000,,,,,,,,,,1000,13003.5509,106.7844
426500,,,1.3996,-1231.6272,197.9106,1.3996,16.7312,774.5601,92.4883,,,
427000,,,1.2154,-1234.2043,94.7173,1.2154,14.8512,860.5541,51.4919,,,
427000,,,,,,,,,,1000,13101.4643,108.1474
427500,,,1.3931,-1231.2291,187.3297,1.3931,17.8696,1183.8177,34.1065,,,
428000,,,1.1875,-1229.9041,162.5372,1.1875,14.1168,646.8606,53.1975,,,
428000,,,,,,,,,,1000,12996.2409,106.5953
428500,,,1.1342,-1238.0383,130.0891,1.1342,17.4785,871.5311,80.9616,,,
429000,,,1.3791,-1227.9459,134.4766,1.3791,13.9414,705.903,46.9712,,,
429000,,,,,,,,,,1000,12916.8217,107.2888
429500,,,1.3022,-1240.0511,121.3275,1.3022,16.4052,1057.965,47.604,,,
430000,,,1.3265,-1236.3619,162.5094,1.3265,14.2055,722.8057,79.7478,,,
430000,12611.1322,1000.0,,,,,,,,,,
430000,,,,,,,,,,1000,12187.0091,92.4849
430500,,,1.1544,-1242.0719,142.1052,1.1544,21.1611,1102.4424,55.0713,,,
431000,,,1.321,-1235.54,182.608,1.321,16.3263,580.2485,40.4691,,,
431000,,,,,,,,,,1000,12854.6818,106.6444
431500,,,1.2503,-1244.5543,159.7801,1.2503,13.7744,774.4311,24.892,,,
432000,,,1.1002,-1224.9796,112.5821,1.1002,22.2534,748.7144,97.8307,,,
432000,,,,,,,,,,1000,12436.2841,108.0718
432500,,,1.091,-1249.6083,149.4101,1.091,18.8194,728.4296,35.5229,,,
433000,,,1.0847,-1246.3127,148.7762,1.0847,13.113,726.6902,45.9922,,,
433000,,,,,,,,,,1000,12760.3604,108.3211
433500,,,1.1576,-1239.7426,119.3648,1.1576,13.9855,799.0004,56.4548,,,
434000,,,2.3913,-1241.251,128.7162,2.3913,14.6116,1243.8237,41.6183,,,
434000,,,,,,,,,,1000,13039.1917,106.7349
434500,,,1.7823,-1235.7432,167.9463,1.7823,17.5495,1292.093,58.7625,,,
435000,,,1.5937,-1234.0651,175.3232,1.5937,13.5584,553.4868,38.6221,,,
435000,14416.5165,1000.0,,,,,,,,,,
435000,,,,,,,,,,1000,12593.0273,95.7143
435500,,,1.3308,-1251.1907,186.3157,1.3308,15.2493,549.0677,63.4032,,,
436000,,,1.145,-1246.9855,120.928,1.145,17.0579,1390.6621,48.5068,,,
436000,,,,,,,,,,1000,12032.0301,110.5873
436500,,,1.3321,-1251.1083,101.8447,1.3321,14.7618,1098.4131,59.9006,,,
437000,,,1.2924,-1257.7651,190.8503,1.2924,14.4245,957.7922,35.6924,,,
437000,,,,,,,,,,1000,12722.8894,110.7979
437500,,,1.8163,-1244.0677,152.7307,1.8163,16.7062,1205.1162,35.2405,,,
438000,,,0.9818,-1257.3314,123.5659,0.9818,14.1999,1159.85,35.1328,,,
438000,,,,,,,,,,1000,12715.3839,108.7397
438500,,,1.3967,-1258.0209,144.9218,1.3967,19.7666,935.7084,37.2695,,,
439000,,,1.3992,-1259.4364,257.3733,1.3992,13.7296,1134.5084,116.3228,,,
439000,,,,,,,,,,1000,13100.0965,107.7427
439500,,,1.3073,-1247.2421,138.3895,1.3073,17.6646,612.0617,48.7345,,,
440000,,,1.0372,-1260.5577,131.5512,1.0372,17.9114,1175.3947,33.0743,,,
440000,12593.3981,1000.0,,,,,,,,,,
440000,,,,,,,,,,1000,7531.9862,95.5866
440500,,,1.1828,-1258.3423,156.9401,1.1828,16.1918,760.2781,90.8991,,,
441000,,,1.1567,-1241.4758,123.4126,1.1567,17.0019,1444.5929,28.4551,,,
441000,,,,,,,,,,1000,13226.0709,110.7095
441500,,,1.3293,-1264.1283,164.3873,1.3293,12.2076,665.5278,33.0399,,,
442000,,,1.1609,-1261.6312,101.5608,1.1609,17.231,1438.7985,42.1436,,,
442000,,,,,,,,,,1000,10779.7605,109.6688
442500,,,1.2862,-1245.6313,139.549,1.2862,18.3649,1086.1578,70.2512,,,
443000,,,1.2681,-1261.8413,148.6443,1.2681,15.6738,979.3499,47.0019,,,
443000,,,,,,,,,,1000,13131.9489,106.5823
443500,,,1.2718,-1264.6561,170.1476,1.2718,18.8359,1321.8812,37.2218,,,
444000,,,1.2471,-1252.9714,184.7899,1.2471,22.0971,767.9431,41.1868,,,
444000,,,,,,,,,,1000,12994.74,106.7737
444500,,,1.3649,-1245.8807,153.7742,1.3649,15.1832,452.7082,95.7968,,,
445000,,,1.1091,-1256.561,131.9483,1.1091,19.3566,1509.4801,31.9126,,,
445000,14018.8009,1000.0,,,,,,,,,,
445000,,,,,,,,,,1000,1593.0815,93.2945
445500,,,1.4034,-1246.5082,179.9783,1.4034,14.3449,657.2217,19.4567,,,
446000,,,1.2687,-1243.6261,170.5349,1.2687,14.0573,645.8687,65.1046,,,
446000,,,,,,,,,,1000,13239.1055,110.692
446500,,,1.7241,-1255.3606,243.1281,1.7241,17.708,1086.8739,70.6059,,,
447000,,,1.4964,-1254.3873,237.2876,1.4964,20.1008,934.1415,76.8365,,,
447000,,,,,,,,,,1000,12985.0531,107.2871
447500,,,1.4592,-1236.4552,150.3851,1.4592,16.589,827.5633,34.9674,,,
448000,,,1.2121,-1261.1626,171.5757,1.2121,24.6291,1090.8739,30.2186,,,
448000,,,,,,,,,,1000,12493.9087,106.5332
448500,,,1.5547,-1261.7648,215.2838,1.5547,15.8822,787.6664,36.5975,,,
449000,,,1.0925,-1248.7169,106.879,1.0925,15.0861,997.0951,40.059,,,
449000,,,,,,,,,,1000,13282.9268,107.9868
449500,,,1.5479,-1263.0704,189.4403,1.5479,14.6921,713.5396,106.4699,,,
450000,,,1.4781,-1247.358,125.0485,1.4781,18.9469,1431.8669,89.8554,,,
450000,13467.3886,1000.0,,,,,,,,,,
450000,,,,,,,,,,1000,12702.3853,94.4468
450500,,,1.4098,-1239.9337,139.7936,1.4098,18.7887,532.3457,22.8358,,,
451000,,,1.2776,-1255.0854,148.5942,1.2776,19.9853,1840.698,52.1583,,,
451000,,,,,,,,,,1000,13145.7765,109.4478
451500,,,1.0897,-1258.4109,137.2178,1.0897,15.0584,819.9005,29.457,,,
452000,,,1.1615,-1258.6915,166.3952,1.1615,23.4766,1023.2047,47.1117,,,
452000,,,,,,,,,,1000,13508.3348,110.0934
452500,,,1.3139,-1266.52,107.2561,1.3139,17.2896,1348.8895,54.0159,,,
453000,,,1.2737,-1251.8696,137.8752,1.2737,18.8515,1230.6285,51.2952,,,
453000,,,,,,,,,,1000,12395.3183,110.419
453500,,,1.331,-1267.1742,177.8663,1.331,18.5818,992.7584,22.8032,,,
454000,,,1.1896,-1239.2922,123.3518,1.1896,18.4029,664.6812,42.8002,,,
454000,,,,,,,,,,1000,13198.2114,109.6498
454500,,,1.2004,-1251.2668,175.3693,1.2004,17.6429,625.7794,25.4207,,,
455000,,,1.4902,-1237.5836,137.8701,1.4902,15.1944,797.9836,22.3327,,,
455000,14121.3221,1000.0,,,,,,,,,,
455000,,,,,,,,,,1000,7722.5974,95.1159
455500,,,1.6585,-1235.7032,212.5264,1.6585,18.3548,1047.0403,70.402,,,
456000,,,1.3693,-1261.2062,290.7357,1.3693,18.785,918.2127,40.3342,,,
456000,,,,,,,,,,1000,13300.6587,108.4126
456500,,,1.411,-1267.3688,107.0283,1.411,17.8658,1249.3425,36.6172,,,
457000,,,1.2247,-1240.326,142.3051,1.2247,30.5846,1751.1681,20.7596,,,
457000,,,,,,,,,,1000,3159.9519,107.683
457500,,,1.1605,-1265.3009,140.4399,1.1605,14.5769,563.5543,52.187,,,
458000,,,1.4586,-1249.4125,144.9905,1.4586,20.988,2091.1665,46.1861,,,
458000,,,,,,,,,,1000,12717.8093,107.1998
458500,,,1.3644,-1260.2809,151.3605,1.3644,18.904,1325.0833,30.2356,,,
459000,,,1.2799,-1257.8876,159.6736,1.2799,17.8454,977.84,88.0567,,,
459000,,,,,,,,,,1000,12687.923,109.4401
459500,,,1.6665,-1261.7024,158.1324,1.6665,15.1145,779.8234,96.8079,,,
460000,,,1.2482,-1254.2223,137.7212,1.2482,20.3308,822.5703,17.5898,,,
460000,12085.6865,1000.0,,,,,,,,,,
460000,,,,,,,,,,1000,10985.3448,92.7463
460500,,,1.3747,-1254.9917,161.3333,1.3747,20.0515,741.3826,54.1177,,,
461000,,,1.3195,-1264.6528,118.7532,1.3195,28.1699,1105.1724,71.5909,,,
461000,,,,,,,,,,1000,12171.4551,106.6402
461500,,,1.1424,-1252.3929,79.1328,1.1424,23.9556,1072.6665,43.663,,,
462000,,,1.2275,-1264.3875,190.6063,1.2275,20.5674,1412.252,35.4701,,,
462000,,,,,,,,,,1000,12628.878,107.7128
462500,,,1.6307,-1247.3466,147.7273,1.6307,16.0456,923.4822,24.2447,,,
463000,,,1.5023,-1273.5682,201.701,1.5023,17.6268,810.6606,45.6574,,,
463000,,,,,,,,,,1000,13170.5542,109.9597
463500,,,1.5667,-1260.3512,186.5114,1.5667,21.1925,1529.6084,35.9414,,,
464000,,,1.304,-1256.7245,137.3927,1.304,22.1544,699.9119,40.4845,,,
464000,,,,,,,,,,1000,12196.349,106.6006
464500,,,1.2882,-1251.0223,135.1861,1.2882,19.6408,836.879,27.1043,,,
465000,,,1.5408,-1262.015,129.0433,1.5408,20.5371,1135.9857,67.8345,,,
465000,14508.2559,1000.0,,,,,,,,,,
465000,,,,,,,,,,1000,13276.7019,93.4749
465500,,,1.459,-1266.7041,137.741,1.459,21.8594,1150.8723,30.3364,,,
466000,,,1.6531,-1260.3391,156.5267,1.6531,15.6824,859.8931,45.3583,,,
466000,,,,,,,,,,1000,10380.1958,106.6266
466500,,,1.406,-1255.4792,148.9847,1.406,19.8181,1089.9027,55.188,,,
467000,,,1.3614,-1257.4537,187.8758,1.3614,24.1863,804.6799,31.0237,,,
467000,,,,,,,,,,1000,13564.3064,106.8667
467500,,,1.3727,-1244.7987,141.1589,1.3727,20.6256,1160.0482,30.3557,,,
468000,,,2.0083,-1239.2327,134.4087,2.0083,50.4774,1322.6169,27.7636,,,
468000,,,,,,,,,,1000,12691.7073,106.881
468500,,,1.3656,-1258.6279,133.6815,1.3656,19.4761,1304.8407,80.4685,,,
469000,,,1.5633,-1269.4259,130.9766,1.5633,19.9358,1188.0532,89.7537,,,
469000,,,,,,,,,,1000,12996.0113,108.7128
469500,,,1.6932,-1273.642,161.1183,1.6932,23.3574,1684.8834,19.6697,,,
470000,,,1.2235,-1251.8282,116.802,1.2235,17.7967,856.9388,50.9974,,,
470000,13896.1017,1000.0,,,,,,,,,,
470000,,,,,,,,,,1000,13511.0389,95.5423
470500,,,1.2644,-1250.8884,166.8383,1.2644,23.5197,1880.3342,71.1954,,,
471000,,,1.2661,-1263.5457,176.776,1.2661,19.0485,1185.6644,90.5816,,,
471000,,,,,,,,,,1000,13390.0582,106.5762
471500,,,1.1602,-1263.1826,122.4235,1.1602,18.2819,1583.4633,47.2663,,,
472000,,,1.182,-1267.1046,199.5421,1.182,16.8176,514.2223,89.6759,,,
472000,,,,,,,,,,1000,12895.6057,107.787
472500,,,1.4493,-1277.2377,172.6524,1.4493,18.2887,1312.8076,40.0783,,,
473000,,,1.4103,-1279.9161,113.2618,1.4103,19.0586,589.4031,20.5869,,,
473000,,,,,,,,,,1000,13465.5608,106.7632
473500,,,1.4968,-1285.0725,167.9884,1.4968,17.2105,1024.1794,51.7165,,,
474000,,,1.1436,-1289.9143,129.7996,1.1436,16.2436,686.5143,42.1881,,,
474000,,,,,,,,,,1000,13229.9329,106.9416
474500,,,1.2289,-1278.2587,110.427,1.2289,13.4093,1129.9872,29.5176,,,
475000,,,1.5832,-1266.837,124.1246,1.5832,17.6489,805.8347,73.7284,,,
475000,14440.4236,1000.0,,,,,,,,,,
475000,,,,,,,,,,1000,13263.3019,94.0742
475500,,,1.592,-1286.4126,114.9232,1.592,17.9955,626.4417,39.0198,,,
476000,,,1.1263,-1273.568,138.8873,1.1263,18.0217,1016.588,54.3341,,,
476000,,,,,,,,,,1000,13094.7612,106.5436
476500,,,1.6297,-1279.6698,115.207,1.6297,16.6409,914.3949,65.0543,,,
477000,,,1.2439,-1277.3694,114.2118,1.2439,20.0149,1017.8055,33.1456,,,
477000,,,,,,,,,,1000,12743.4966,107.2361
477500,,,1.4369,-1264.3794,224.1747,1.4369,17.0536,1829.9758,50.8174,,,
478000,,,1.1102,-1288.8839,121.9161,1.1102,17.3033,1339.2006,49.5127,,,
478000,,,,,,,,,,1000,13423.358,106.6821
478500,,,1.2252,-1291.1433,125.9447,1.2252,19.6264,946.163,83.4365,,,
479000,,,1.2588,-1282.5103,127.1037,1.2588,15.6854,926.322,35.7938,,,
479000,,,,,,,,,,1000,13125.073,109.5997
479500,,,1.2806,-1277.9495,172.4915,1.2806,17.8132,1302.1764,44.0563,,,
480000,,,1.3552,-1296.552,209.2507,1.3552,21.5801,1115.5171,56.5165,,,
480000,14761.1042,1000.0,,,,,,,,,,
480000,,,,,,,,,,1000,13508.0893,93.1959
480500,,,1.205,-1280.428,155.5617,1.205,21.5617,1540.6185,50.8757,,,
481000,,,1.2064,-1299.7074,130.2054,1.2064,17.0491,1301.9172,62.7777,,,
481000,,,,,,,,,,1000,12822.2317,106.4896
481500,,,1.3215,-1284.0839,126.0687,1.3215,21.0573,954.0954,54.4327,,,
482000,,,1.3336,-1290.5529,125.8057,1.3336,18.4067,681.636,52.1536,,,
482000,,,,,,,,,,1000,11639.6461,109.301
482500,,,1.3861,-1283.0153,133.9634,1.3861,21.6012,1170.6194,45.7207,,,
483000,,,1.4877,-1281.8574,150.2042,1.4877,16.067,500.7136,121.6021,,,
483000,,,,,,,,,,1000,13561.1088,106.5305
483500,,,1.4453,-1282.3833,166.2204,1.4453,17.3982,848.8906,24.1362,,,
484000,,,1.3269,-1289.7952,145.2841,1.3269,16.6922,788.0759,37.0745,,,
484000,,,,,,,,,,1000,14049.6689,106.5638
484500,,,1.205,-1297.2795,143.9749,1.205,16.4378,1372.7819,38.1881,,,
485000,,,1.3765,-1280.2955,154.7546,1.3765,15.2098,1134.4059,42.0622,,,
485000,14681.5419,1000.0,,,,,,,,,,
485000,,,,,,,,,,1000,6438.9924,92.4419
485500,,,1.2024,-1268.8232,107.033,1.2024,54.6124,1750.6339,34.2135,,,
486000,,,1.3448,-1285.2594,118.5205,1.3448,19.3178,735.2866,52.9081,,,
486000,,,,,,,,,,1000,13233.0785,106.7127
486500,,,1.083,-1289.6589,130.3044,1.083,18.102,976.4562,37.6827,,,
487000,,,1.1343,-1275.043,121.1927,1.1343,17.2265,1229.1782,27.3182,,,
487000,,,,,,,,,,1000,13243.5531,106.6399
487500,,,1.199,-1285.7871,104.2474,1.199,20.1696,1475.6189,44.6697,,,
488000,,,1.391,-1290.2396,144.0851,1.391,16.3067,1047.272,39.3039,,,
488000,,,,,,,,,,1000,13471.5291,106.5808
488500,,,1.1009,-1277.3258,109.4322,1.1009,16.2444,740.1601,33.6434,,,
489000,,,1.3012,-1281.1692,112.6871,1.3012,19.4963,1913.7024,49.2833,,,
489000,,,,,,,,,,1000,13317.4622,106.4477
489500,,,1.2369,-1271.0072,106.0527,1.2369,28.6086,2027.0936,78.3294,,,
490000,,,1.5912,-1299.4897,141.1737,1.5912,20.2983,1340.4497,26.2351,,,
490000,15055.99,1000.0,,,,,,,,,,
490000,,,,,,,,,,1000,13730.2108,92.8239
490500,,,1.2761,-1278.8944,184.2759,1.2761,19.9468,817.9366,54.2792,,,
491000,,,1.455,-1288.1321,126.6136,1.455,26.9938,1641.1573,77.4485,,,
491000,,,,,,,,,,1000,13013.5602,106.542
491500,,,1.3486,-1279.8367,118.0487,1.3486,24.1829,1285.3933,47.1496,,,
492000,,,1.3994,-1281.4525,143.16,1.3994,18.0549,730.7269,52.565,,,
492000,,,,,,,,,,1000,13591.0212,107.3243
492500,,,1.5161,-1267.0834,122.8661,1.5161,15.8464,876.355,35.2803,,,
493000,,,1.299,-1282.7772,135.6098,1.299,19.486,992.0172,32.5006,,,
493000,,,,,,,,,,1000,13702.3536,106.5536
493500,,,1.5219,-1285.7057,133.0427,1.5219,16.7087,1243.0411,19.0411,,,
494000,,,1.0439,-1283.7451,131.9664,1.0439,14.8442,743.4366,77.6401,,,
494000,,,,,,,,,,1000,13398.0755,106.5891
494500,,,1.2611,-1294.817,130.9639,1.2611,18.076,2250.7935,73.9405,,,
495000,,,1.2763,-1294.1796,234.2512,1.2763,15.9597,780.803,37.4153,,,
495000,14671.0312,1000.0,,,,,,,,,,
495000,,,,,,,,,,1000,13459.1095,94.7965
