env_steps,return,length,l2,alm_loss,model_grad_norm,aux_loss,critic_loss,critic_grad_norm,actor_grad_norm,train/length,train/return,FPS
0,-0.611,1000.0,,,,,,,,,,
500,,,0.0884,-0.1673,1.1132,0.0884,0.152,0.8246,0.2499,,,
1000,,,0.0869,-1.0119,0.9261,0.0869,0.2915,1.8989,0.3304,,,
1000,,,,,,,,,,1000,-305.7232,72.8156
1500,,,0.0876,-1.88,1.1257,0.0876,0.4654,3.2812,0.3878,,,
2000,,,0.0871,-3.434,1.9685,0.0871,0.6044,6.5643,0.856,,,
2000,,,,,,,,,,1000,-393.9924,104.1352
2500,,,0.0875,-4.8129,3.5499,0.0875,0.8463,9.0932,0.6953,,,
3000,,,0.0795,-6.8491,4.6735,0.0795,0.9008,12.8151,0.5874,,,
3000,,,,,,,,,,1000,-221.3993,104.2479
3500,,,0.0773,-8.657,5.306,0.0773,0.8289,10.5507,0.8819,,,
4000,,,0.0744,-10.5834,6.081,0.0744,0.8435,11.5216,0.9648,,,
4000,,,,,,,,,,1000,-206.805,103.8655
4500,,,0.0684,-11.4383,4.3351,0.0684,0.7924,12.9056,0.6844,,,
5000,,,0.0666,-11.9078,5.3041,0.0666,0.7505,14.2511,0.9426,,,
5000,115.1116,1000.0,,,,,,,,,,
5000,,,,,,,,,,1000,-160.1368,87.9397
5500,,,0.0707,-14.6953,4.6438,0.0707,1.0022,10.1292,1.037,,,
6000,,,0.069,-16.5513,4.9387,0.069,0.8465,11.642,1.3832,,,
6000,,,,,,,,,,1000,122.8506,104.2002
6500,,,0.0694,-18.4682,4.6288,0.0694,1.0755,17.4714,1.1275,,,
7000,,,0.0698,-20.5115,3.8463,0.0698,1.1585,17.0407,0.9275,,,
7000,,,,,,,,,,1000,301.3203,106.8792
7500,,,0.0637,-21.5667,5.3416,0.0637,1.1715,21.256,1.9115,,,
8000,,,0.0627,-24.8244,5.1196,0.0627,1.1453,21.1531,1.1791,,,
8000,,,,,,,,,,1000,-45.6332,105.2662
8500,,,0.064,-25.9963,4.3871,0.064,1.2175,19.1973,1.7246,,,
9000,,,0.0607,-28.8535,5.6513,0.0607,1.4346,24.1447,1.3751,,,
9000,,,,,,,,,,1000,373.5496,106.3704
9500,,,0.0653,-32.138,4.5761,0.0653,1.4314,28.4809,0.9893,,,
10000,,,0.0606,-33.1099,4.6424,0.0606,1.3847,36.403,1.3558,,,
10000,1487.4885,1000.0,,,,,,,,,,
10000,,,,,,,,,,1000,233.8435,91.4749
10500,,,0.0607,-35.2583,4.7502,0.0607,1.5067,22.4023,1.2843,,,
11000,,,0.0615,-39.1161,5.1761,0.0615,1.5257,19.7527,1.2575,,,
11000,,,,,,,,,,1000,629.8422,99.9992
11500,,,0.0633,-41.6502,5.846,0.0633,1.7362,42.6852,1.0097,,,
12000,,,0.0625,-43.1823,5.1691,0.0625,1.5361,34.1329,1.4844,,,
12000,,,,,,,,,,1000,90.5455,103.3224
12500,,,0.0611,-45.3598,5.1994,0.0611,1.4489,45.4052,1.6279,,,
13000,,,0.0595,-45.6199,5.6532,0.0595,1.5913,43.7649,1.7675,,,
13000,,,,,,,,,,1000,182.6167,103.9715
13500,,,0.0599,-49.9871,4.8291,0.0599,1.4531,35.2923,1.6445,,,
14000,,,0.0609,-51.8346,5.4971,0.0609,1.6262,31.5528,1.9614,,,
14000,,,,,,,,,,1000,725.8103,102.5563
14500,,,0.0591,-53.1744,5.1118,0.0591,1.4755,24.8619,1.0423,,,
15000,,,0.0577,-56.2222,4.9493,0.0577,1.5129,24.0518,1.2105,,,
15000,1550.3814,1000.0,,,,,,,,,,
15000,,,,,,,,,,1000,563.9884,92.3181
15500,,,0.0597,-59.9449,5.3124,0.0597,1.6986,46.3868,1.4532,,,
16000,,,0.0562,-61.3605,5.2099,0.0562,1.6033,50.8109,1.3776,,,
16000,,,,,,,,,,1000,553.0393,106.6058
16500,,,0.0579,-63.7253,4.3059,0.0579,1.6444,22.6704,1.7036,,,
17000,,,0.0551,-63.6145,5.1883,0.0551,1.5638,45.183,1.4167,,,
17000,,,,,,,,,,1000,269.6073,105.4168
17500,,,0.0563,-66.9572,4.6368,0.0563,1.5349,34.2825,1.7885,,,
18000,,,0.0552,-68.687,4.2141,0.0552,1.5793,33.3115,1.1766,,,
18000,,,,,,,,,,1000,708.2678,102.8151
18500,,,0.0544,-69.885,4.81,0.0544,1.5929,51.3867,1.3114,,,
19000,,,0.0551,-72.8569,5.0748,0.0551,1.5403,37.9965,2.15,,,
19000,,,,,,,,,,1000,1041.647,104.1226
19500,,,0.0545,-74.9337,4.2154,0.0545,1.6289,49.9379,1.7009,,,
20000,,,0.0558,-77.7564,4.8534,0.0558,1.6184,32.8981,1.6273,,,
20000,2010.1564,1000.0,,,,,,,,,,
20000,,,,,,,,,,1000,829.7797,89.6486
20500,,,0.056,-80.1739,4.6446,0.056,1.7045,50.0643,1.7232,,,
21000,,,0.0526,-81.3649,3.6707,0.0526,1.5587,43.7234,1.3209,,,
21000,,,,,,,,,,1000,595.7362,105.2665
21500,,,0.0518,-82.3091,4.2508,0.0518,1.6675,43.1014,1.4365,,,
22000,,,0.0524,-84.6278,4.7928,0.0524,2.1488,64.0973,1.164,,,
22000,,,,,,,,,,1000,1255.6269,103.1127
22500,,,0.0502,-87.3936,4.3809,0.0502,1.6857,30.7907,1.6746,,,
23000,,,0.0534,-88.3119,4.3917,0.0534,1.687,55.6755,2.0312,,,
23000,,,,,,,,,,1000,1086.8508,102.7739
23500,,,0.0498,-90.8638,4.4542,0.0498,1.7715,28.4311,2.1415,,,
24000,,,0.0537,-95.9902,5.5615,0.0537,1.9052,54.2676,2.2624,,,
24000,,,,,,,,,,1000,1258.158,105.3823
24500,,,0.0517,-94.3435,4.2649,0.0517,1.6374,48.6404,1.8155,,,
25000,,,0.0499,-97.3702,5.2795,0.0499,1.8466,51.568,2.2148,,,
25000,2570.3336,1000.0,,,,,,,,,,
25000,,,,,,,,,,1000,471.7209,92.5573
25500,,,0.0511,-100.396,5.5069,0.0511,2.1052,83.588,2.4685,,,
26000,,,0.0518,-101.7629,3.8627,0.0518,1.9611,41.9628,2.2836,,,
26000,,,,,,,,,,1000,1342.4155,105.8071
26500,,,0.0521,-102.8049,4.8694,0.0521,2.1485,61.5786,1.62,,,
27000,,,0.0505,-107.0503,4.3186,0.0505,1.9199,35.6853,1.706,,,
27000,,,,,,,,,,1000,1418.4123,105.2217
27500,,,0.0514,-108.4612,4.1319,0.0514,1.9547,45.9076,1.3293,,,
28000,,,0.0521,-108.2466,4.8646,0.0521,2.4062,89.8502,2.1299,,,
28000,,,,,,,,,,1000,1456.6085,105.0014
28500,,,0.0486,-110.934,4.6978,0.0486,1.9444,69.0042,2.352,,,
29000,,,0.0492,-111.717,4.5603,0.0492,2.0671,76.5525,2.4224,,,
29000,,,,,,,,,,1000,714.3808,104.9392
29500,,,0.051,-115.4867,4.2653,0.051,2.1422,73.4284,2.309,,,
30000,,,0.0505,-117.9737,4.3848,0.0505,2.3084,58.1568,1.9866,,,
30000,2898.4519,1000.0,,,,,,,,,,
30000,,,,,,,,,,1000,1626.6121,90.9849
30500,,,0.0502,-118.9823,4.4312,0.0502,2.343,61.6908,2.2681,,,
31000,,,0.0497,-120.3489,4.2448,0.0497,1.927,54.4102,2.96,,,
31000,,,,,,,,,,1000,1398.0891,104.6124
31500,,,0.0485,-124.1881,4.1102,0.0485,2.1482,49.0249,2.0417,,,
32000,,,0.0485,-127.0554,3.7759,0.0485,2.3238,53.9789,2.1604,,,
32000,,,,,,,,,,1000,1690.2472,103.0933
32500,,,0.0478,-128.8409,4.1928,0.0478,2.5747,48.306,1.8848,,,
33000,,,0.0484,-127.5641,3.5173,0.0484,2.2823,94.0766,1.5803,,,
33000,,,,,,,,,,1000,1515.5139,105.3944
33500,,,0.0478,-130.1465,4.025,0.0478,2.4566,115.2568,2.9557,,,
34000,,,0.0465,-130.3724,5.2421,0.0465,3.0553,75.8464,2.5936,,,
34000,,,,,,,,,,1000,1127.5806,102.7747
34500,,,0.0477,-133.0817,4.1909,0.0477,2.4398,96.5456,2.4766,,,
35000,,,0.0468,-133.6972,3.7165,0.0468,2.5255,66.5367,2.0798,,,
35000,2932.4572,1000.0,,,,,,,,,,
35000,,,,,,,,,,1000,1778.7154,89.3162
35500,,,0.0505,-138.328,4.8128,0.0505,2.0817,69.1203,1.6064,,,
36000,,,0.0477,-141.3907,4.1991,0.0477,2.256,38.2559,2.0005,,,
36000,,,,,,,,,,1000,1920.7207,101.9954
36500,,,0.0482,-142.8798,4.7466,0.0482,2.2327,62.7424,2.514,,,
37000,,,0.0471,-142.418,4.4131,0.0471,2.2557,48.7703,2.0707,,,
37000,,,,,,,,,,1000,1962.3476,102.6163
37500,,,0.0495,-142.6494,5.0205,0.0495,3.0185,98.0872,3.8073,,,
38000,,,0.0488,-146.8166,4.5174,0.0488,2.8209,96.6623,2.0842,,,
38000,,,,,,,,,,1000,854.6379,103.0713
38500,,,0.0462,-146.4274,4.395,0.0462,2.748,130.0382,3.2424,,,
39000,,,0.0481,-149.9454,4.9866,0.0481,2.6558,78.399,2.1167,,,
39000,,,,,,,,,,1000,2186.7649,105.7154
39500,,,0.048,-149.9862,3.9735,0.048,3.7995,67.9047,2.4044,,,
40000,,,0.0472,-152.8382,4.1479,0.0472,2.607,106.7756,2.8438,,,
40000,3485.4952,1000.0,,,,,,,,,,
40000,,,,,,,,,,1000,2175.0287,91.8261
40500,,,0.0483,-155.7758,3.7962,0.0483,2.8297,106.5029,3.1912,,,
41000,,,0.0473,-160.1935,3.8311,0.0473,2.7357,87.3633,2.8049,,,
41000,,,,,,,,,,1000,2232.9423,104.9757
41500,,,0.0471,-163.4957,4.4724,0.0471,2.96,85.7636,2.5844,,,
42000,,,0.047,-164.129,4.8687,0.047,3.4269,95.7903,3.1586,,,
42000,,,,,,,,,,1000,2232.976,105.9581
42500,,,0.0471,-161.617,4.0443,0.0471,2.6747,105.0806,2.6951,,,
43000,,,0.0482,-166.2426,5.3695,0.0482,2.6725,130.699,2.8748,,,
43000,,,,,,,,,,1000,2236.6296,104.559
43500,,,0.0468,-169.1589,4.0017,0.0468,2.3797,88.1479,2.9147,,,
44000,,,0.0441,-172.0342,4.8035,0.0441,2.8019,96.1033,3.3962,,,
44000,,,,,,,,,,1000,2509.462,105.0219
44500,,,0.0457,-171.9069,5.1886,0.0457,2.8182,93.4497,3.2599,,,
45000,,,0.0471,-176.0827,3.6762,0.0471,3.0,95.209,1.7322,,,
45000,3877.9207,1000.0,,,,,,,,,,
45000,,,,,,,,,,1000,2567.4542,91.6158
45500,,,0.0475,-176.7193,4.6983,0.0475,3.0937,94.3725,3.4604,,,
46000,,,0.0496,-183.7647,4.9224,0.0496,2.802,87.3668,2.6757,,,
46000,,,,,,,,,,1000,2723.2825,102.1275
46500,,,0.0473,-182.6813,4.5434,0.0473,4.1025,74.7998,4.3663,,,
47000,,,0.0435,-183.5617,5.1183,0.0435,2.7542,89.9559,2.7715,,,
47000,,,,,,,,,,1000,2574.1998,102.887
47500,,,0.0476,-189.2221,5.267,0.0476,3.2491,161.4844,2.7259,,,
48000,,,0.045,-190.8103,4.8354,0.045,3.0996,73.0686,2.3832,,,
48000,,,,,,,,,,1000,2692.8346,101.6708
48500,,,0.0467,-192.1181,4.7573,0.0467,3.2065,142.5842,2.9179,,,
49000,,,0.0484,-197.9244,5.3395,0.0484,3.3741,156.4161,2.4002,,,
49000,,,,,,,,,,1000,2762.7652,101.7226
49500,,,0.0472,-196.1966,5.126,0.0472,3.2955,83.3597,2.9629,,,
50000,,,0.0472,-198.4967,6.4504,0.0472,3.1485,102.3937,3.2018,,,
50000,4395.547,1000.0,,,,,,,,,,
50000,,,,,,,,,,1000,2956.1823,92.2046
50500,,,0.0466,-204.0255,5.472,0.0466,3.9955,173.385,4.328,,,
51000,,,0.0455,-207.2331,4.9418,0.0455,3.7068,163.3799,2.8291,,,
51000,,,,,,,,,,1000,3021.8254,104.8677
51500,,,0.0469,-212.5576,4.619,0.0469,3.6037,88.3277,3.7665,,,
52000,,,0.0492,-212.8456,5.6533,0.0492,3.4769,82.01,3.1077,,,
52000,,,,,,,,,,1000,3146.2754,104.8985
52500,,,0.0495,-217.4757,4.7563,0.0495,3.6168,148.5994,5.7791,,,
53000,,,0.0487,-220.159,5.2576,0.0487,3.875,168.399,4.7936,,,
53000,,,,,,,,,,1000,3234.215,105.9035
53500,,,0.0482,-222.3722,4.195,0.0482,3.6642,69.3582,2.8695,,,
54000,,,0.045,-225.0026,4.6093,0.045,4.2845,180.8055,2.8939,,,
54000,,,,,,,,,,1000,3304.8841,103.5462
54500,,,0.0465,-225.5491,4.5939,0.0465,4.3779,145.7438,3.0461,,,
55000,,,0.0476,-233.1877,4.8458,0.0476,4.3773,115.292,3.4363,,,
55000,4727.284,1000.0,,,,,,,,,,
55000,,,,,,,,,,1000,3456.7167,91.1787
55500,,,0.0476,-237.5074,5.0312,0.0476,4.4901,99.2922,3.4513,,,
56000,,,0.0488,-237.6091,5.4453,0.0488,4.5716,202.7987,2.9602,,,
56000,,,,,,,,,,1000,3481.0751,104.6335
56500,,,0.0465,-239.3277,6.1483,0.0465,4.6096,115.516,4.9419,,,
57000,,,0.0455,-242.4066,5.7495,0.0455,4.2843,108.1842,6.4482,,,
57000,,,,,,,,,,1000,3527.6307,103.6976
57500,,,0.0483,-246.1269,5.641,0.0483,4.5706,118.9801,3.8806,,,
58000,,,0.0454,-251.2714,5.6801,0.0454,4.9006,277.6258,3.176,,,
58000,,,,,,,,,,1000,3552.4346,105.2759
58500,,,0.0477,-250.923,7.6029,0.0477,5.2801,188.1778,6.9999,,,
59000,,,0.0483,-259.0914,5.7478,0.0483,4.6481,185.7953,6.8784,,,
59000,,,,,,,,,,1000,3775.4477,104.0564
59500,,,0.0469,-261.5071,5.4996,0.0469,5.0409,114.8475,5.2026,,,
60000,,,0.0477,-265.7177,5.744,0.0477,4.6214,182.4004,5.2242,,,
60000,5315.544,1000.0,,,,,,,,,,
60000,,,,,,,,,,1000,3797.933,89.9278
60500,,,0.0501,-268.3704,5.7164,0.0501,4.7135,149.3156,5.83,,,
61000,,,0.0486,-269.8869,6.2627,0.0486,5.5496,260.8974,5.7602,,,
61000,,,,,,,,,,1000,3974.8037,101.979
61500,,,0.0484,-274.3254,7.4824,0.0484,4.6415,98.0949,7.2515,,,
62000,,,0.0461,-274.9398,4.9816,0.0461,4.5936,143.8633,5.0989,,,
62000,,,,,,,,,,1000,3940.1315,103.0176
62500,,,0.0482,-279.3341,6.5472,0.0482,5.0138,176.5139,4.4259,,,
63000,,,0.0473,-280.931,6.4955,0.0473,4.9735,149.3387,6.2726,,,
63000,,,,,,,,,,1000,4118.5228,103.925
63500,,,0.0487,-282.7174,6.6232,0.0487,5.1988,195.9539,6.296,,,
64000,,,0.0503,-291.7382,5.5122,0.0503,5.0726,208.4253,4.5144,,,
64000,,,,,,,,,,1000,4169.5578,103.7663
64500,,,0.0485,-296.3429,5.8131,0.0485,4.6177,108.8422,4.9306,,,
65000,,,0.0468,-297.8385,6.358,0.0468,4.7386,149.1178,5.2657,,,
65000,5623.3754,1000.0,,,,,,,,,,
65000,,,,,,,,,,1000,4296.9136,89.7138
65500,,,0.0452,-299.7087,5.5598,0.0452,4.6493,220.8895,5.3245,,,
66000,,,0.0482,-305.4003,7.4969,0.0482,5.3853,153.1808,8.5615,,,
66000,,,,,,,,,,1000,4378.0004,102.7905
66500,,,0.0461,-308.3598,5.6532,0.0461,5.0968,166.6932,6.5223,,,
67000,,,0.0443,-307.1462,6.6015,0.0443,5.2486,230.6227,4.6605,,,
67000,,,,,,,,,,1000,4519.7655,102.923
67500,,,0.0458,-309.1344,6.5107,0.0458,4.962,207.1484,6.5376,,,
68000,,,0.0461,-313.1848,5.6068,0.0461,4.5357,240.7501,5.4172,,,
68000,,,,,,,,,,1000,4251.7021,104.6291
68500,,,0.0453,-320.524,6.387,0.0453,5.4034,191.3382,6.2924,,,
69000,,,0.0465,-316.1266,5.6095,0.0465,6.3529,240.8258,6.5623,,,
69000,,,,,,,,,,1000,4509.5848,104.6456
69500,,,0.0454,-325.1398,5.517,0.0454,5.0158,192.1871,6.6952,,,
70000,,,0.047,-326.2879,6.721,0.047,5.3217,307.3071,6.0563,,,
70000,6151.5207,1000.0,,,,,,,,,,
70000,,,,,,,,,,1000,4677.2861,91.6387
70500,,,0.0445,-329.3643,5.8293,0.0445,4.7599,137.7296,4.4692,,,
71000,,,0.0455,-332.6854,7.035,0.0455,5.4635,284.6674,9.0129,,,
71000,,,,,,,,,,1000,4810.3776,105.7426
71500,,,0.0446,-334.8697,6.2206,0.0446,8.8021,251.3057,4.1852,,,
72000,,,0.0465,-343.1016,5.9939,0.0465,4.9355,180.8436,7.5468,,,
72000,,,,,,,,,,1000,4749.6545,104.8858
72500,,,0.0443,-345.74,7.2078,0.0443,5.3468,206.9355,8.9616,,,
73000,,,0.0455,-343.9452,6.5998,0.0455,5.7831,319.7458,8.2855,,,
73000,,,,,,,,,,1000,4918.5841,104.7042
73500,,,0.0462,-352.8618,6.6187,0.0462,4.7691,187.3728,5.5108,,,
74000,,,0.0427,-351.4728,5.7853,0.0427,5.0469,208.9209,4.4607,,,
74000,,,,,,,,,,1000,5166.2205,105.3497
74500,,,0.0439,-356.0648,6.0692,0.0439,5.6429,192.7437,6.618,,,
75000,,,0.0464,-356.5152,5.6163,0.0464,4.9708,174.8106,8.4906,,,
75000,6405.3988,1000.0,,,,,,,,,,
75000,,,,,,,,,,1000,5289.3654,89.6536
75500,,,0.0463,-362.8719,8.7498,0.0463,5.156,109.8803,8.3459,,,
76000,,,0.0449,-367.2545,5.96,0.0449,5.8343,238.2411,7.3561,,,
76000,,,,,,,,,,1000,5211.6778,103.6827
76500,,,0.0452,-369.1236,7.5805,0.0452,5.5663,334.0143,4.5199,,,
77000,,,0.0438,-371.2178,8.077,0.0438,5.8051,239.5778,6.9109,,,
77000,,,,,,,,,,1000,5228.8468,103.9745
77500,,,0.0435,-371.3584,6.4269,0.0435,4.8705,181.4133,5.3012,,,
78000,,,0.0441,-376.3073,6.4815,0.0441,5.5065,251.9474,9.8406,,,
78000,,,,,,,,,,1000,5123.8093,103.7137
78500,,,0.044,-375.1824,7.6293,0.044,6.2131,251.0762,4.9745,,,
79000,,,0.0446,-383.3286,6.833,0.0446,6.4431,369.1721,4.978,,,
79000,,,,,,,,,,1000,5657.1649,105.3463
79500,,,0.0433,-386.8968,6.5241,0.0433,5.7451,185.501,7.0443,,,
80000,,,0.0437,-389.4392,6.6778,0.0437,4.6882,159.3463,4.5626,,,
80000,6848.1323,1000.0,,,,,,,,,,
80000,,,,,,,,,,1000,5400.3099,92.0408
80500,,,0.0437,-393.1568,5.3036,0.0437,6.2109,199.9312,5.8237,,,
81000,,,0.0447,-393.1824,6.4642,0.0447,5.4715,165.3693,4.0038,,,
81000,,,,,,,,,,1000,5535.2224,105.7807
81500,,,0.0462,-398.8226,8.4685,0.0462,7.8334,243.7121,6.5205,,,
82000,,,0.0446,-401.1223,6.5682,0.0446,5.8564,219.2851,5.4958,,,
82000,,,,,,,,,,1000,5644.3893,104.4356
82500,,,0.0425,-406.4053,6.1297,0.0425,5.6833,208.8389,4.9702,,,
83000,,,0.0427,-405.5437,6.3956,0.0427,7.4638,393.4153,5.955,,,
83000,,,,,,,,,,1000,5648.0883,102.8528
83500,,,0.044,-406.2643,6.8272,0.044,5.49,224.2127,5.6337,,,
84000,,,0.0416,-415.7211,6.7975,0.0416,6.3424,306.0216,6.593,,,
84000,,,,,,,,,,1000,5905.8155,105.2889
84500,,,0.0435,-412.7395,7.4282,0.0435,6.1422,353.0435,5.0456,,,
85000,,,0.0419,-418.2086,6.7425,0.0419,6.6394,277.1837,6.1671,,,
85000,6976.5053,1000.0,,,,,,,,,,
85000,,,,,,,,,,1000,5911.048,90.6421
85500,,,0.0428,-422.2734,7.5484,0.0428,6.3302,184.0119,10.2998,,,
86000,,,0.0397,-424.8083,7.7452,0.0397,5.5985,229.5859,6.8616,,,
86000,,,,,,,,,,1000,6201.2776,103.54
86500,,,0.0427,-424.0791,7.2004,0.0427,5.8225,376.8249,4.7472,,,
87000,,,0.0415,-430.5506,7.1063,0.0415,6.4265,299.858,6.1861,,,
87000,,,,,,,,,,1000,6154.1296,105.1493
87500,,,0.0424,-433.6028,8.2943,0.0424,9.4202,368.6,7.2241,,,
88000,,,0.0416,-438.2088,5.843,0.0416,6.5195,397.4242,7.3157,,,
88000,,,,,,,,,,1000,6317.9206,103.7239
88500,,,0.0409,-441.5475,9.1732,0.0409,6.5139,229.124,8.4843,,,
89000,,,0.0395,-443.8508,5.9268,0.0395,8.0645,328.995,6.5948,,,
89000,,,,,,,,,,1000,6490.0549,104.823
89500,,,0.0418,-445.878,8.6226,0.0418,7.061,467.222,6.1774,,,
90000,,,0.0404,-452.2114,7.7131,0.0404,5.6966,342.1322,6.1458,,,
90000,7395.0098,1000.0,,,,,,,,,,
90000,,,,,,,,,,1000,6434.6779,89.2113
90500,,,0.0418,-448.3178,6.2678,0.0418,6.3735,366.5201,11.637,,,
91000,,,0.0408,-455.3138,4.9981,0.0408,6.8131,446.7063,5.9631,,,
91000,,,,,,,,,,1000,6685.6683,102.4294
91500,,,0.0394,-458.7408,7.7996,0.0394,6.2533,391.2382,11.6834,,,
92000,,,0.0391,-463.0169,7.6045,0.0391,6.262,217.1736,5.7393,,,
92000,,,,,,,,,,1000,6710.9936,101.8923
92500,,,0.0388,-466.6651,6.8038,0.0388,6.6628,255.6597,11.2999,,,
93000,,,0.0384,-465.8871,10.8303,0.0384,6.1781,284.7183,8.7932,,,
93000,,,,,,,,,,1000,6751.6742,103.2165
93500,,,0.0395,-471.4736,7.5561,0.0395,6.1906,439.0272,6.6745,,,
94000,,,0.0383,-474.9003,7.0883,0.0383,6.946,460.6629,6.5018,,,
94000,,,,,,,,,,1000,6920.0307,104.6474
94500,,,0.0395,-478.134,6.4231,0.0395,6.3112,309.7386,8.1083,,,
95000,,,0.0395,-475.1482,9.4296,0.0395,6.3465,356.0323,10.9071,,,
95000,7735.3809,1000.0,,,,,,,,,,
95000,,,,,,,,,,1000,6909.4404,89.26
95500,,,0.0362,-485.3709,7.234,0.0362,7.9045,501.208,10.2863,,,
96000,,,0.0398,-486.7853,7.7759,0.0398,6.3947,371.5726,8.5294,,,
96000,,,,,,,,,,1000,7302.4432,104.4147
96500,,,0.0385,-493.6531,5.7589,0.0385,6.3579,374.6518,4.7316,,,
97000,,,0.0379,-495.62,7.2606,0.0379,6.1596,246.4878,7.1703,,,
97000,,,,,,,,,,1000,7136.0963,105.3658
97500,,,0.0367,-500.1277,6.9106,0.0367,6.0437,254.6982,6.7911,,,
98000,,,0.0381,-504.7593,6.2897,0.0381,6.3648,371.203,8.4764,,,
98000,,,,,,,,,,1000,7297.8975,104.1398
98500,,,0.0392,-502.9352,5.8192,0.0392,5.8002,325.9052,7.1073,,,
99000,,,0.0359,-511.2571,8.4259,0.0359,6.4023,288.5299,6.1203,,,
99000,,,,,,,,,,1000,7466.0133,102.4449
99500,,,0.038,-514.5936,5.7772,0.038,6.0427,345.2782,7.56,,,
100000,,,0.0372,-517.6826,8.3852,0.0372,6.7492,486.5206,13.582,,,
100000,7909.3388,1000.0,,,,,,,,,,
100000,,,,,,,,,,1000,7452.5589,91.3131
100500,,,0.0403,-512.9249,6.3065,0.0403,9.1959,915.166,7.8828,,,
101000,,,0.0361,-525.6797,6.0658,0.0361,8.4535,759.5153,7.343,,,
101000,,,,,,,,,,1000,7560.8881,103.2029
101500,,,0.0365,-532.0384,9.1562,0.0365,6.9921,409.8195,8.3577,,,
102000,,,0.0365,-537.4721,8.322,0.0365,7.3923,292.3583,11.1743,,,
102000,,,,,,,,,,1000,7603.537,104.1144
102500,,,0.0349,-541.7174,7.5094,0.0349,7.1352,498.6449,9.8852,,,
103000,,,0.0365,-544.9306,6.9877,0.0365,7.4843,642.6357,9.7076,,,
103000,,,,,,,,,,1000,7606.1661,104.6645
103500,,,0.0364,-549.045,10.9785,0.0364,8.4567,685.6883,15.9186,,,
104000,,,0.0352,-548.9495,7.6776,0.0352,7.5785,421.3665,7.689,,,
104000,,,,,,,,,,1000,7765.9287,101.8127
104500,,,0.036,-555.7841,7.4878,0.036,7.602,589.2291,8.827,,,
105000,,,0.0342,-562.7548,8.9502,0.0342,7.4741,445.274,10.459,,,
105000,8135.1918,1000.0,,,,,,,,,,
105000,,,,,,,,,,1000,7630.0201,87.5471
105500,,,0.0358,-565.9868,7.2467,0.0358,6.9528,452.5811,7.6965,,,
106000,,,0.0337,-569.2288,6.6567,0.0337,7.7339,324.3756,9.9702,,,
106000,,,,,,,,,,1000,7563.6381,105.2405
106500,,,0.0348,-575.0521,7.3298,0.0348,6.7973,423.9585,7.8515,,,
107000,,,0.0375,-566.2952,12.7652,0.0375,9.2829,577.3123,6.2503,,,
107000,,,,,,,,,,1000,8009.8715,104.7347
107500,,,0.0352,-578.1979,6.6289,0.0352,7.9067,350.4952,8.542,,,
108000,,,0.0374,-577.3368,8.8437,0.0374,7.2318,599.6619,16.8068,,,
108000,,,,,,,,,,1000,8080.889,102.8251
108500,,,0.0327,-592.3185,10.2724,0.0327,11.4033,494.1604,9.244,,,
109000,,,0.0311,-593.3729,12.6064,0.0311,8.7518,781.8555,11.4617,,,
109000,,,,,,,,,,1000,7819.6967,104.6706
109500,,,0.0327,-592.2795,7.8721,0.0327,7.8792,709.3889,10.9201,,,
110000,,,0.0321,-596.2801,8.9698,0.0321,8.4554,798.793,10.8756,,,
110000,8423.4933,1000.0,,,,,,,,,,
110000,,,,,,,,,,1000,7859.7926,89.7982
110500,,,0.0322,-597.5762,10.2115,0.0322,8.1661,490.4737,8.8841,,,
111000,,,0.0315,-602.4806,8.0177,0.0315,7.7757,862.3316,7.8906,,,
111000,,,,,,,,,,1000,7858.22,102.9248
111500,,,0.0302,-612.337,10.8044,0.0302,7.9895,541.2638,4.9887,,,
112000,,,0.0327,-609.958,7.8219,0.0327,7.214,568.6884,9.9128,,,
112000,,,,,,,,,,1000,7992.4493,101.3461
112500,,,0.0289,-621.9274,6.3888,0.0289,11.7318,1252.0154,8.4547,,,
113000,,,0.0314,-617.831,9.0619,0.0314,8.904,847.1525,7.5157,,,
113000,,,,,,,,,,1000,8264.2985,101.249
113500,,,0.0305,-624.018,8.0561,0.0305,7.1131,437.3732,10.3417,,,
114000,,,0.03,-625.4329,6.0091,0.03,8.0843,641.2548,6.668,,,
114000,,,,,,,,,,1000,8217.5522,102.6192
114500,,,0.0315,-629.2057,9.951,0.0315,9.7472,1209.0808,13.5923,,,
115000,,,0.0312,-635.7819,6.8948,0.0312,7.524,378.8467,9.8824,,,
115000,8643.503,1000.0,,,,,,,,,,
115000,,,,,,,,,,1000,8302.6929,91.0188
115500,,,0.0286,-636.6324,8.2566,0.0286,10.4799,1129.8064,7.8678,,,
116000,,,0.0277,-643.4707,10.006,0.0277,8.96,386.804,11.8417,,,
116000,,,,,,,,,,1000,8164.0792,104.0779
116500,,,0.0315,-644.049,12.4576,0.0315,8.149,385.4211,9.813,,,
117000,,,0.0301,-643.5021,6.3166,0.0301,8.4832,637.8956,8.255,,,
117000,,,,,,,,,,1000,7749.3873,104.1395
117500,,,0.027,-653.0544,7.6513,0.027,8.2553,789.4797,9.0905,,,
118000,,,0.0261,-659.4977,8.2706,0.0261,7.6159,671.4197,9.6476,,,
118000,,,,,,,,,,1000,8463.0594,103.0998
118500,,,0.029,-657.5061,10.6277,0.029,9.241,680.3049,5.6377,,,
119000,,,0.0283,-657.9667,9.848,0.0283,9.8075,429.0178,9.9865,,,
119000,,,,,,,,,,1000,8145.6673,102.4986
119500,,,0.0267,-661.9993,8.0418,0.0267,8.8261,972.3891,11.0583,,,
120000,,,0.0257,-669.2618,8.6812,0.0257,8.8191,996.8232,10.8621,,,
120000,8805.9112,1000.0,,,,,,,,,,
120000,,,,,,,,,,1000,8564.6035,88.9644
120500,,,0.0256,-673.0074,8.6667,0.0256,9.6469,1078.933,5.3522,,,
121000,,,0.0251,-677.0037,7.0914,0.0251,9.5389,792.8256,12.6648,,,
121000,,,,,,,,,,1000,8492.8003,103.3545
121500,,,0.0256,-675.3783,12.0365,0.0256,10.4959,1331.6495,8.4665,,,
122000,,,0.027,-680.2066,11.627,0.027,10.4986,1773.6882,9.5739,,,
122000,,,,,,,,,,1000,8301.4022,102.4939
122500,,,0.0248,-684.4276,8.2929,0.0248,9.8794,1369.9644,10.5673,,,
123000,,,0.0242,-685.8041,6.5676,0.0242,10.083,1542.1055,9.3957,,,
123000,,,,,,,,,,1000,8585.7221,104.7414
123500,,,0.0252,-686.4578,7.0594,0.0252,11.2174,1318.6801,10.7645,,,
124000,,,0.026,-696.3515,7.608,0.026,9.9486,663.8327,9.7759,,,
124000,,,,,,,,,,1000,8186.6427,101.7243
124500,,,0.0231,-693.8928,5.7501,0.0231,10.3549,1343.8408,9.5745,,,
125000,,,0.0259,-700.7612,8.8776,0.0259,9.2721,1201.0582,13.2942,,,
125000,8892.0847,1000.0,,,,,,,,,,
125000,,,,,,,,,,1000,8655.005,90.0604
125500,,,0.0257,-700.9101,10.6968,0.0257,10.5374,791.6987,11.3847,,,
126000,,,0.0232,-705.8839,7.1459,0.0232,8.076,903.1219,7.6787,,,
126000,,,,,,,,,,1000,8532.8912,103.1065
126500,,,0.0241,-707.7459,8.0908,0.0241,8.5105,706.6461,10.5402,,,
127000,,,0.025,-711.8418,6.4248,0.025,7.6292,271.151,8.4903,,,
127000,,,,,,,,,,1000,8531.0268,105.6664
127500,,,0.0235,-711.6003,8.8753,0.0235,11.0295,835.2307,12.4318,,,
128000,,,0.0215,-713.4169,6.5897,0.0215,11.065,1432.4269,8.2192,,,
128000,,,,,,,,,,1000,8329.0793,104.2972
128500,,,0.0261,-712.6108,11.5243,0.0261,11.5165,1255.9636,12.5285,,,
129000,,,0.021,-722.9817,5.3537,0.021,9.4531,604.6976,12.2671,,,
129000,,,,,,,,,,1000,8710.8262,105.6619
129500,,,0.0231,-721.7607,7.9387,0.0231,9.9103,526.8954,11.368,,,
130000,,,0.0222,-732.6053,13.5933,0.0222,12.1061,1264.0048,9.7675,,,
130000,9047.1248,1000.0,,,,,,,,,,
130000,,,,,,,,,,1000,8634.4391,91.5131
130500,,,0.022,-728.6767,6.2969,0.022,12.9739,401.8722,7.5429,,,
131000,,,0.0201,-734.1293,8.3094,0.0201,9.8567,754.8597,12.1579,,,
131000,,,,,,,,,,1000,8469.2873,105.0044
131500,,,0.0233,-732.1668,7.1162,0.0233,9.8437,1197.3579,14.9198,,,
132000,,,0.0213,-737.5466,6.6994,0.0213,8.4783,1053.7909,5.4909,,,
132000,,,,,,,,,,1000,8501.8604,104.316
132500,,,0.0201,-744.2535,11.0806,0.0201,12.0749,781.9035,9.1983,,,
133000,,,0.0203,-744.1861,6.671,0.0203,10.4809,790.0882,8.9176,,,
133000,,,,,,,,,,1000,8800.2586,104.6099
133500,,,0.0214,-745.4861,7.8428,0.0214,13.5928,1366.5671,9.5992,,,
134000,,,0.0196,-751.1231,8.0629,0.0196,10.256,1211.7103,8.0865,,,
134000,,,,,,,,,,1000,8625.3602,103.5745
134500,,,0.0205,-754.4144,11.8153,0.0205,9.7871,1299.3396,13.6615,,,
135000,,,0.0211,-758.5472,13.6533,0.0211,10.6977,1798.4644,16.8544,,,
135000,8812.3298,1000.0,,,,,,,,,,
135000,,,,,,,,,,1000,8347.4352,91.5812
135500,,,0.0201,-758.7169,8.0402,0.0201,9.3853,785.2411,10.5691,,,
136000,,,0.0178,-759.4519,10.5158,0.0178,12.623,1481.0233,8.0805,,,
136000,,,,,,,,,,1000,8757.9654,101.8493
136500,,,0.0233,-760.4909,7.5507,0.0233,9.0575,433.3294,6.5218,,,
137000,,,0.0197,-767.0282,8.4504,0.0197,11.275,2217.2302,9.2664,,,
137000,,,,,,,,,,1000,8683.546,101.9241
137500,,,0.0167,-768.1999,15.582,0.0167,11.4827,1591.5251,11.1283,,,
138000,,,0.0195,-770.4863,8.6532,0.0195,9.5497,1633.4591,10.8357,,,
138000,,,,,,,,,,1000,8239.4248,104.1983
138500,,,0.0191,-773.2495,9.4256,0.0191,12.5141,1358.1222,13.1934,,,
139000,,,0.0196,-778.6286,13.7399,0.0196,11.1882,1642.6763,14.3464,,,
139000,,,,,,,,,,1000,8898.6639,104.6129
139500,,,0.0183,-775.7776,7.6424,0.0183,9.4719,857.3762,11.4461,,,
140000,,,0.0196,-779.1569,6.4022,0.0196,13.3887,2351.1777,10.5666,,,
140000,9264.1799,1000.0,,,,,,,,,,
140000,,,,,,,,,,1000,8795.6396,89.1564
140500,,,0.017,-782.571,17.5661,0.017,11.5835,1290.7662,15.2841,,,
141000,,,0.0167,-786.2006,8.7421,0.0167,11.8652,2014.1191,9.5416,,,
141000,,,,,,,,,,1000,8744.2651,102.6224
141500,,,0.0167,-788.488,7.5957,0.0167,12.3364,2355.4133,7.255,,,
142000,,,0.0193,-790.3348,10.6784,0.0193,11.7188,1519.3474,8.7718,,,
142000,,,,,,,,,,1000,9049.9181,103.7543
142500,,,0.0167,-789.8502,7.0652,0.0167,11.2106,1254.5449,17.7518,,,
143000,,,0.0178,-794.2255,10.6078,0.0178,12.8774,1471.7048,14.5823,,,
143000,,,,,,,,,,1000,8935.3925,104.2219
143500,,,0.0198,-795.2979,5.744,0.0198,10.1895,1712.8511,9.4894,,,
144000,,,0.0188,-798.527,7.7954,0.0188,8.9433,893.7805,10.0055,,,
144000,,,,,,,,,,1000,8929.8215,102.4564
144500,,,0.0175,-802.0161,5.8537,0.0175,15.3726,1968.2961,9.0511,,,
145000,,,0.0191,-802.702,7.3448,0.0191,10.7054,1381.8898,9.5473,,,
145000,9546.7221,1000.0,,,,,,,,,,
145000,,,,,,,,,,1000,8205.1447,90.4834
145500,,,0.0155,-802.843,9.1638,0.0155,10.454,1865.905,10.5388,,,
146000,,,0.0176,-806.3986,7.971,0.0176,7.8504,1153.5353,5.1919,,,
146000,,,,,,,,,,1000,9080.2978,101.1959
146500,,,0.02,-807.1002,10.8222,0.02,10.8017,912.321,15.837,,,
147000,,,0.0172,-810.5085,9.1183,0.0172,12.8694,1335.0817,10.5685,,,
147000,,,,,,,,,,1000,8992.4568,104.2744
147500,,,0.0177,-814.4692,8.7277,0.0177,12.201,1077.5947,10.0685,,,
148000,,,0.0181,-817.593,11.673,0.0181,10.7943,1097.793,13.6202,,,
148000,,,,,,,,,,1000,9147.5516,104.9048
148500,,,0.0164,-821.3964,7.0344,0.0164,10.6867,1719.0316,5.4441,,,
149000,,,0.0176,-821.8596,8.936,0.0176,9.8002,1300.3595,8.9435,,,
149000,,,,,,,,,,1000,8906.2694,102.0697
149500,,,0.0178,-820.7777,10.6833,0.0178,9.0738,873.6377,9.6208,,,
150000,,,0.0153,-826.2177,6.0531,0.0153,10.8612,1273.4424,9.0213,,,
150000,9602.4173,1000.0,,,,,,,,,,
150000,,,,,,,,,,1000,9216.8198,88.049
150500,,,0.0207,-828.6039,10.8997,0.0207,11.3133,1319.0704,10.8472,,,
151000,,,0.0181,-829.8103,8.9504,0.0181,10.1365,1451.7244,19.9244,,,
151000,,,,,,,,,,1000,8937.6186,103.4344
151500,,,0.0155,-830.6346,5.2042,0.0155,11.9049,1898.5642,7.7323,,,
152000,,,0.0158,-830.1663,12.4481,0.0158,10.9171,1203.3142,10.9842,,,
152000,,,,,,,,,,1000,8994.3004,105.1002
152500,,,0.0191,-832.2256,17.0263,0.0191,17.5104,3394.46,7.7258,,,
153000,,,0.0175,-837.2635,9.7549,0.0175,9.8446,1128.6996,8.3902,,,
153000,,,,,,,,,,1000,8819.8962,105.4064
153500,,,0.0169,-838.9946,7.957,0.0169,10.2383,1047.2429,8.6739,,,
154000,,,0.0165,-840.8026,4.9034,0.0165,12.2215,1625.4617,6.7317,,,
154000,,,,,,,,,,1000,9034.3189,105.7404
154500,,,0.0171,-843.6337,6.4893,0.0171,11.4299,1866.8218,5.2142,,,
155000,,,0.0166,-845.0021,9.8093,0.0166,10.3529,1023.6148,12.7853,,,
155000,9329.4948,1000.0,,,,,,,,,,
155000,,,,,,,,,,1000,9214.598,89.6961
155500,,,0.0159,-846.4647,4.6309,0.0159,17.3721,2329.5837,5.8414,,,
156000,,,0.0154,-847.4673,11.0958,0.0154,11.9934,1192.3795,14.9149,,,
156000,,,,,,,,,,1000,8776.9269,102.5152
156500,,,0.0215,-848.6411,6.1367,0.0215,10.6797,907.4081,9.8106,,,
157000,,,0.017,-850.8462,6.5077,0.017,10.8434,614.8104,12.9601,,,
157000,,,,,,,,,,1000,9124.7628,103.1817
157500,,,0.0158,-855.6754,9.7279,0.0158,11.0572,1300.9298,6.8837,,,
158000,,,0.0174,-853.0813,4.1645,0.0174,12.2441,1976.1367,5.8621,,,
158000,,,,,,,,,,1000,9290.0914,105.1995
158500,,,0.0152,-856.3888,5.9131,0.0152,9.9624,1238.4548,12.6046,,,
159000,,,0.0155,-858.6585,8.1837,0.0155,13.535,1557.2164,10.2749,,,
159000,,,,,,,,,,1000,9365.5592,101.3291
159500,,,0.0164,-857.269,7.5778,0.0164,11.4154,1565.402,6.8406,,,
160000,,,0.0168,-862.0474,5.2197,0.0168,10.9135,868.1912,4.2568,,,
160000,9476.0519,1000.0,,,,,,,,,,
160000,,,,,,,,,,1000,9012.7069,90.5104
160500,,,0.0174,-865.4931,11.3832,0.0174,11.8381,1879.5955,9.5697,,,
161000,,,0.0162,-867.6619,6.9991,0.0162,10.4159,1351.5258,6.6266,,,
161000,,,,,,,,,,1000,8736.7685,103.8013
161500,,,0.0144,-866.917,8.2705,0.0144,11.2758,1746.916,7.3585,,,
162000,,,0.0145,-874.119,5.2242,0.0145,10.158,980.4382,6.6264,,,
162000,,,,,,,,,,1000,8733.3773,102.1909
162500,,,0.0185,-870.7305,9.0382,0.0185,10.9443,1801.822,5.66,,,
163000,,,0.0176,-875.7003,6.1896,0.0176,8.9563,971.7265,9.0321,,,
163000,,,,,,,,,,1000,9134.3184,102.8734
163500,,,0.0197,-875.6336,7.4115,0.0197,11.3303,1046.8884,11.2589,,,
164000,,,0.0173,-880.0016,6.9424,0.0173,10.7962,1888.8945,4.1845,,,
164000,,,,,,,,,,1000,9341.2889,104.869
164500,,,0.0178,-876.663,8.0785,0.0178,11.2555,1238.5623,5.6504,,,
165000,,,0.0182,-883.0079,7.1764,0.0182,14.2024,1351.761,7.9056,,,
165000,5361.8536,1000.0,,,,,,,,,,
165000,,,,,,,,,,1000,8976.8188,90.6184
165500,,,0.0181,-878.5208,7.3393,0.0181,11.6297,2057.0938,6.7217,,,
166000,,,0.0174,-880.749,6.8561,0.0174,12.5961,1893.947,6.5951,,,
166000,,,,,,,,,,1000,204.767,103.3376
166500,,,0.0165,-884.3362,8.6775,0.0165,13.4491,1415.611,7.3032,,,
167000,,,0.0162,-881.759,7.2425,0.0162,17.4443,1898.424,13.3756,,,
167000,,,,,,,,,,1000,9193.5833,104.6444
167500,,,0.0176,-886.9009,10.5,0.0176,14.5895,1468.0551,13.8982,,,
168000,,,0.0169,-886.2507,12.5351,0.0169,12.128,985.7878,11.731,,,
168000,,,,,,,,,,1000,8938.5566,103.6693
168500,,,0.0177,-891.4403,7.5471,0.0177,13.6043,1348.9952,10.4085,,,
169000,,,0.0152,-889.684,6.4849,0.0152,15.3856,2014.8268,9.2456,,,
169000,,,,,,,,,,1000,9452.3197,101.6055
169500,,,0.0151,-890.5214,6.0798,0.0151,13.7198,1574.6014,7.7335,,,
170000,,,0.0159,-894.6443,9.7404,0.0159,13.3819,2501.2007,9.5058,,,
170000,-344.045,1000.0,,,,,,,,,,
170000,,,,,,,,,,1000,-209.1103,87.7742
170500,,,0.0137,-895.1001,6.971,0.0137,18.23,4158.1201,11.4175,,,
171000,,,0.0153,-893.5759,5.8396,0.0153,12.8546,1182.9115,11.9563,,,
171000,,,,,,,,,,1000,-259.1656,104.7897
171500,,,0.0153,-892.6141,7.9807,0.0153,12.833,1216.7189,13.2834,,,
172000,,,0.0178,-895.3774,7.8692,0.0178,15.0299,2269.2249,14.1357,,,
172000,,,,,,,,,,1000,-189.2746,102.1687
172500,,,0.0158,-894.7878,5.7344,0.0158,10.524,1283.7815,8.0494,,,
173000,,,0.0152,-888.811,6.81,0.0152,12.6998,1602.2273,10.8434,,,
173000,,,,,,,,,,1000,6038.3631,103.3413
173500,,,0.0156,-899.6353,4.8803,0.0156,9.2713,862.8555,12.0593,,,
174000,,,0.0167,-898.1198,5.0881,0.0167,10.8846,1186.6055,11.4829,,,
174000,,,,,,,,,,1000,9422.0623,101.6089
174500,,,0.0152,-901.4919,5.7988,0.0152,12.2185,1936.8995,13.1032,,,
175000,,,0.0152,-899.8943,14.331,0.0152,11.3846,1897.5778,7.6589,,,
175000,8903.9088,1000.0,,,,,,,,,,
175000,,,,,,,,,,1000,8916.1517,90.6348
175500,,,0.0153,-904.5257,19.5489,0.0153,13.0437,1871.4718,15.9266,,,
176000,,,0.014,-907.2878,9.1712,0.014,10.5863,980.4279,13.9298,,,
176000,,,,,,,,,,1000,9296.5889,102.3937
176500,,,0.0145,-905.552,8.1263,0.0145,10.5973,787.1127,8.8962,,,
177000,,,0.0158,-904.7619,8.8758,0.0158,10.2823,928.5334,8.4834,,,
177000,,,,,,,,,,1000,9397.297,101.3718
177500,,,0.0152,-908.6587,15.9244,0.0152,11.8966,1019.9126,5.3317,,,
178000,,,0.0144,-908.8073,5.6276,0.0144,13.2424,1953.8579,9.13,,,
178000,,,,,,,,,,1000,9339.432,103.2072
178500,,,0.016,-908.8696,8.7685,0.016,12.1429,960.8652,14.8467,,,
179000,,,0.015,-917.4578,7.448,0.015,13.8519,2103.186,11.1563,,,
179000,,,,,,,,,,1000,9419.4954,103.2439
179500,,,0.0151,-913.0848,11.701,0.0151,10.128,400.3641,7.3898,,,
180000,,,0.0164,-914.5446,11.9255,0.0164,22.3316,3713.8606,11.2299,,,
180000,8909.5019,1000.0,,,,,,,,,,
180000,,,,,,,,,,1000,9459.8787,90.7466
180500,,,0.0149,-916.3196,6.3577,0.0149,11.0672,1188.47,13.3427,,,
181000,,,0.0159,-917.1731,10.7745,0.0159,10.8458,903.1353,10.3346,,,
181000,,,,,,,,,,1000,9340.7977,104.7097
181500,,,0.0138,-916.0919,5.9888,0.0138,13.577,762.3392,9.1911,,,
182000,,,0.0155,-922.9733,6.1287,0.0155,12.1947,1258.8867,11.5252,,,
182000,,,,,,,,,,1000,9162.4105,104.608
182500,,,0.0144,-916.3845,8.9196,0.0144,12.2584,766.3106,11.5207,,,
183000,,,0.0132,-925.0516,8.6227,0.0132,10.5813,1611.8304,12.52,,,
183000,,,,,,,,,,1000,9769.1385,104.5008
183500,,,0.0154,-923.2128,15.9624,0.0154,17.2225,1245.6226,17.948,,,
184000,,,0.0142,-922.2958,13.3377,0.0142,9.1518,1556.7076,7.0462,,,
184000,,,,,,,,,,1000,9736.5331,104.9539
184500,,,0.0143,-922.1032,9.0204,0.0143,14.5503,1779.9854,8.2079,,,
185000,,,0.0148,-920.1552,8.6163,0.0148,10.9919,1178.2758,15.545,,,
185000,8162.2459,1000.0,,,,,,,,,,
185000,,,,,,,,,,1000,-283.1925,91.0322
185500,,,0.0141,-917.2004,8.3648,0.0141,11.5407,633.3469,9.0303,,,
186000,,,0.0136,-926.1891,10.0577,0.0136,15.6104,2418.2148,10.7495,,,
186000,,,,,,,,,,1000,9290.2516,103.3474
186500,,,0.0152,-916.0573,12.2531,0.0152,14.3609,2020.207,10.3931,,,
187000,,,0.014,-927.2826,6.3294,0.014,13.9879,1225.9916,9.4524,,,
187000,,,,,,,,,,1000,9751.2248,101.6588
187500,,,0.0154,-927.689,7.9383,0.0154,12.3417,1552.6384,7.5777,,,
188000,,,0.0137,-927.3953,7.55,0.0137,16.6102,2306.6426,13.9909,,,
188000,,,,,,,,,,1000,5633.6465,104.1233
188500,,,0.0132,-921.5623,9.9046,0.0132,15.1952,1479.231,12.3103,,,
189000,,,0.0143,-922.3467,5.6001,0.0143,17.1255,2124.9746,11.5687,,,
189000,,,,,,,,,,1000,8029.9602,105.3539
189500,,,0.0145,-922.2986,17.4979,0.0145,12.6569,1376.0994,11.9936,,,
190000,,,0.0135,-926.518,8.0941,0.0135,15.0762,987.2557,12.4947,,,
190000,8441.9848,1000.0,,,,,,,,,,
190000,,,,,,,,,,1000,9830.4486,89.1576
190500,,,0.0118,-929.0327,7.5315,0.0118,13.5397,863.9537,17.3017,,,
191000,,,0.0146,-924.5776,6.6951,0.0146,14.8265,1028.7906,9.5872,,,
191000,,,,,,,,,,1000,9648.9052,101.6971
191500,,,0.0141,-931.3096,11.8266,0.0141,15.3269,1921.952,14.5341,,,
192000,,,0.0129,-937.7375,7.1169,0.0129,12.2668,1320.6577,8.4828,,,
192000,,,,,,,,,,1000,9756.6631,103.8159
192500,,,0.0129,-934.4958,15.6917,0.0129,26.016,5521.6558,10.5895,,,
193000,,,0.0139,-937.1758,15.9427,0.0139,15.1359,1764.2428,9.5632,,,
193000,,,,,,,,,,1000,9541.5437,102.5522
193500,,,0.0152,-933.6263,9.626,0.0152,13.559,1113.4337,9.0615,,,
194000,,,0.014,-938.3759,8.7056,0.014,14.6769,2067.8943,14.371,,,
194000,,,,,,,,,,1000,9117.1271,104.7133
194500,,,0.0145,-937.0618,8.0099,0.0145,12.4443,1330.0417,17.1741,,,
195000,,,0.0146,-937.8541,5.5657,0.0146,13.5167,1331.1183,9.2402,,,
195000,10373.1639,1000.0,,,,,,,,,,
195000,,,,,,,,,,1000,9693.363,90.5939
195500,,,0.0129,-931.4864,5.2556,0.0129,12.9982,2141.4707,8.1037,,,
196000,,,0.0152,-935.8827,10.6592,0.0152,12.6233,1718.9062,8.5246,,,
196000,,,,,,,,,,1000,10266.24,103.6724
196500,,,0.0141,-942.2137,10.6478,0.0141,11.8915,2089.6875,12.836,,,
197000,,,0.0138,-934.5602,17.7232,0.0138,15.6881,592.0522,21.7353,,,
197000,,,,,,,,,,1000,9457.7935,101.9508
197500,,,0.0134,-942.9388,7.0225,0.0134,11.2831,651.2052,10.8937,,,
198000,,,0.0138,-940.7715,6.5905,0.0138,9.9484,1046.8057,10.1189,,,
198000,,,,,,,,,,1000,9893.7872,102.4873
198500,,,0.014,-945.4012,15.9843,0.014,16.0914,2286.7732,14.5719,,,
199000,,,0.0157,-948.1332,8.1893,0.0157,15.649,2248.7561,14.3497,,,
199000,,,,,,,,,,1000,9807.794,103.1131
199500,,,0.0144,-955.8263,8.7924,0.0144,13.735,2401.8516,7.4942,,,
200000,,,0.0148,-940.1931,5.0884,0.0148,10.223,1744.7545,10.0403,,,
200000,10580.5623,1000.0,,,,,,,,,,
200000,,,,,,,,,,1000,9929.3448,90.5343
200500,,,0.0141,-950.1001,14.9037,0.0141,14.3176,1819.9293,15.0658,,,
201000,,,0.0139,-945.6595,7.7862,0.0139,11.2137,378.6399,9.5551,,,
201000,,,,,,,,,,1000,9871.1261,101.2463
201500,,,0.0153,-947.7921,8.2613,0.0153,12.8862,1550.8094,8.5592,,,
202000,,,0.0125,-941.3785,9.9696,0.0125,11.5244,1040.2892,14.3656,,,
202000,,,,,,,,,,1000,10045.7979,101.6359
202500,,,0.013,-957.5781,7.0999,0.013,12.7568,1841.9037,8.3214,,,
203000,,,0.0134,-944.8003,6.1916,0.0134,11.9247,1465.3439,8.3013,,,
203000,,,,,,,,,,1000,9958.2103,104.6448
203500,,,0.0139,-950.1523,10.2239,0.0139,16.2763,1740.3754,16.5006,,,
204000,,,0.0157,-955.4271,11.3402,0.0157,14.5939,1497.0503,16.5331,,,
204000,,,,,,,,,,1000,9954.6744,103.2497
204500,,,0.0133,-956.1039,10.6384,0.0133,11.2151,420.5417,7.0435,,,
205000,,,0.0139,-956.2181,8.9546,0.0139,18.1213,3642.6838,11.7974,,,
205000,10378.7704,1000.0,,,,,,,,,,
205000,,,,,,,,,,1000,9499.1724,91.115
205500,,,0.0141,-961.7352,8.7214,0.0141,16.9741,2814.762,5.2995,,,
206000,,,0.0126,-949.1887,14.4112,0.0126,14.4193,1702.8853,20.1207,,,
206000,,,,,,,,,,1000,10466.742,101.6764
206500,,,0.0162,-961.5862,11.553,0.0162,12.8295,1405.5291,19.0814,,,
207000,,,0.0152,-967.5527,12.6781,0.0152,10.8115,856.9729,18.5755,,,
207000,,,,,,,,,,1000,10392.285,102.7106
207500,,,0.0126,-956.553,7.4906,0.0126,11.5874,1418.7112,10.2482,,,
208000,,,0.0132,-963.5554,10.159,0.0132,10.8479,1511.0382,8.9517,,,
208000,,,,,,,,,,1000,9703.5451,102.931
208500,,,0.0134,-964.2017,14.6816,0.0134,16.5469,3006.3855,11.7924,,,
209000,,,0.0127,-961.3538,6.9085,0.0127,13.6281,2158.4736,9.5855,,,
209000,,,,,,,,,,1000,9894.5249,102.6799
209500,,,0.0123,-965.1832,7.8676,0.0123,14.8764,2390.6611,12.4807,,,
210000,,,0.0151,-969.8977,5.42,0.0151,12.8936,2329.1565,10.6488,,,
210000,10629.8116,1000.0,,,,,,,,,,
210000,,,,,,,,,,1000,10000.7337,89.8265
210500,,,0.0159,-968.4664,14.3399,0.0159,15.1667,1537.7732,13.8938,,,
211000,,,0.0124,-963.3459,5.0895,0.0124,13.3142,1148.0269,6.5143,,,
211000,,,,,,,,,,1000,10077.5502,103.5741
211500,,,0.0138,-970.722,10.1151,0.0138,13.3512,1508.0302,6.962,,,
212000,,,0.0131,-976.4995,5.6343,0.0131,10.2025,1612.5137,12.24,,,
212000,,,,,,,,,,1000,10319.5174,101.6671
212500,,,0.0142,-966.1533,6.3917,0.0142,13.182,1238.9839,12.9569,,,
213000,,,0.0144,-972.6166,17.6514,0.0144,11.8718,348.3372,17.1932,,,
213000,,,,,,,,,,1000,10265.9589,103.1165
213500,,,0.014,-968.7164,7.8056,0.014,11.2583,535.4432,13.4425,,,
214000,,,0.0119,-972.514,12.1527,0.0119,15.9507,2081.8257,9.8509,,,
214000,,,,,,,,,,1000,10168.5067,102.522
214500,,,0.012,-972.9086,19.3144,0.012,15.2108,1769.215,13.1589,,,
215000,,,0.0121,-976.9358,7.1846,0.0121,16.3037,2150.4744,15.33,,,
215000,10339.3878,1000.0,,,,,,,,,,
215000,,,,,,,,,,1000,10175.1283,89.3311
215500,,,0.0148,-974.327,6.3488,0.0148,11.6763,875.3268,6.4369,,,
216000,,,0.0134,-973.7603,11.3332,0.0134,14.3458,1961.5524,19.6114,,,
216000,,,,,,,,,,1000,10195.8342,101.2725
216500,,,0.0144,-987.5747,8.2518,0.0144,11.4738,1097.9989,8.2027,,,
217000,,,0.0121,-988.2197,6.2365,0.0121,10.2908,672.1365,8.3729,,,
217000,,,,,,,,,,1000,10108.6261,103.7653
217500,,,0.0146,-992.3801,9.6575,0.0146,14.0482,1992.0833,9.4263,,,
218000,,,0.0123,-978.3833,9.7894,0.0123,16.2456,1642.3525,15.7035,,,
218000,,,,,,,,,,1000,6810.9076,103.9254
218500,,,0.0128,-973.7217,8.0367,0.0128,13.4975,2324.9077,16.8725,,,
219000,,,0.013,-973.7888,9.0849,0.013,15.2416,2079.7854,15.624,,,
219000,,,,,,,,,,1000,10305.4281,104.0971
219500,,,0.0145,-969.4655,15.1209,0.0145,14.0968,1638.2013,26.3744,,,
220000,,,0.0137,-985.1086,11.6716,0.0137,14.8519,2054.5759,6.5853,,,
220000,10488.8065,1000.0,,,,,,,,,,
220000,,,,,,,,,,1000,8902.3781,88.6035
220500,,,0.0142,-980.3846,8.141,0.0142,14.8188,1480.6345,11.7567,,,
221000,,,0.0144,-983.5042,11.041,0.0144,14.7437,1711.2585,11.1017,,,
221000,,,,,,,,,,1000,10502.67,104.9171
221500,,,0.0133,-985.6218,11.9206,0.0133,13.9084,1245.0703,21.199,,,
222000,,,0.0143,-987.7303,5.6664,0.0143,15.9804,1766.5814,14.4196,,,
222000,,,,,,,,,,1000,10441.8131,104.9991
222500,,,0.0135,-976.4119,13.9363,0.0135,13.42,837.1458,15.9434,,,
223000,,,0.0148,-980.4167,9.3728,0.0148,11.6654,1998.1786,14.1011,,,
223000,,,,,,,,,,1000,9858.8819,104.896
223500,,,0.0128,-988.9167,9.569,0.0128,12.4469,1206.6797,11.6852,,,
224000,,,0.0129,-990.8275,11.3493,0.0129,11.6323,1000.6415,19.856,,,
224000,,,,,,,,,,1000,10037.0835,103.2611
224500,,,0.0139,-987.3583,9.3002,0.0139,22.873,2223.0984,11.6062,,,
225000,,,0.0118,-999.4201,9.627,0.0118,13.2661,834.5406,9.7239,,,
225000,10557.1532,1000.0,,,,,,,,,,
225000,,,,,,,,,,1000,10088.7001,90.2315
225500,,,0.0129,-1000.2385,7.8454,0.0129,11.5897,1289.1002,11.4042,,,
226000,,,0.0116,-988.3725,6.736,0.0116,14.3915,2005.7721,7.4228,,,
226000,,,,,,,,,,1000,10202.6805,104.5073
226500,,,0.0139,-1001.8846,8.8545,0.0139,13.4847,1646.9852,13.9197,,,
227000,,,0.012,-991.2278,13.3697,0.012,11.6955,1003.5254,15.1396,,,
227000,,,,,,,,,,1000,6467.7389,102.3398
227500,,,0.012,-1000.2902,14.3244,0.012,11.6263,1220.1969,16.6241,,,
228000,,,0.0137,-997.1775,5.6734,0.0137,13.5915,2111.8423,12.1112,,,
228000,,,,,,,,,,1000,10436.7324,104.898
228500,,,0.0125,-991.6533,8.1888,0.0125,15.3827,1874.0363,6.615,,,
229000,,,0.0137,-1004.0203,11.2268,0.0137,14.4119,719.8922,17.5728,,,
229000,,,,,,,,,,1000,10182.1709,104.4576
229500,,,0.0142,-993.6106,7.6165,0.0142,12.1695,1357.5613,15.8821,,,
230000,,,0.0129,-1006.7747,12.7919,0.0129,16.4133,3082.7283,9.9758,,,
230000,10545.5416,1000.0,,,,,,,,,,
230000,,,,,,,,,,1000,10761.3916,89.4209
230500,,,0.0119,-998.1761,8.6895,0.0119,13.559,1655.3257,10.0515,,,
231000,,,0.0149,-987.5073,5.4917,0.0149,14.0511,2259.9392,7.8769,,,
231000,,,,,,,,,,1000,10317.0473,104.39
231500,,,0.0142,-998.2039,9.276,0.0142,15.3072,2142.8088,14.4884,,,
232000,,,0.0133,-1001.8013,9.4793,0.0133,15.5044,1712.1415,14.263,,,
232000,,,,,,,,,,1000,10179.7806,101.6618
232500,,,0.0124,-1009.2732,7.4056,0.0124,15.262,3026.7461,8.6905,,,
233000,,,0.015,-998.2405,14.2351,0.015,14.0262,1501.3777,12.1194,,,
233000,,,,,,,,,,1000,10295.7604,103.5857
233500,,,0.0134,-1006.4203,9.9415,0.0134,12.0728,1251.1931,11.6395,,,
234000,,,0.0135,-1003.007,10.6504,0.0135,12.5927,1655.1012,13.0595,,,
234000,,,,,,,,,,1000,10466.8319,103.0322
234500,,,0.0128,-1012.5656,6.3124,0.0128,10.8344,1615.8708,9.5907,,,
235000,,,0.014,-1004.8798,8.1469,0.014,12.8418,1268.6445,14.5033,,,
235000,10870.0359,1000.0,,,,,,,,,,
235000,,,,,,,,,,1000,10287.1791,90.3689
235500,,,0.0141,-1001.8721,13.3613,0.0141,12.4862,815.6982,8.9012,,,
236000,,,0.0118,-1002.5527,6.995,0.0118,9.6681,659.8678,17.2419,,,
236000,,,,,,,,,,1000,10216.1977,102.4774
236500,,,0.015,-1005.1977,8.7067,0.015,10.835,714.9971,11.1951,,,
237000,,,0.0127,-998.8273,8.1714,0.0127,13.8597,1404.8071,9.9564,,,
237000,,,,,,,,,,1000,10616.7,101.4624
237500,,,0.0153,-1005.2556,9.2099,0.0153,11.7932,1703.9678,20.7321,,,
238000,,,0.012,-1015.5298,5.9069,0.012,13.6004,872.467,11.662,,,
238000,,,,,,,,,,1000,10404.9742,101.821
238500,,,0.0132,-1005.3116,10.8943,0.0132,12.9587,1635.7048,17.4829,,,
239000,,,0.0131,-1011.1257,12.8842,0.0131,14.6953,2110.7874,9.127,,,
239000,,,,,,,,,,1000,10431.0976,101.6545
239500,,,0.0142,-1015.2334,8.6114,0.0142,15.1288,2322.0945,8.6467,,,
240000,,,0.0137,-1016.9824,6.2101,0.0137,10.3478,1469.9161,7.5764,,,
240000,10823.8984,1000.0,,,,,,,,,,
240000,,,,,,,,,,1000,10308.173,91.8466
240500,,,0.0115,-1011.434,7.51,0.0115,13.4394,2370.2305,6.6351,,,
241000,,,0.0135,-1007.4826,8.493,0.0135,14.4881,2235.4587,13.3634,,,
241000,,,,,,,,,,1000,10491.2102,105.1899
241500,,,0.0125,-1021.6687,8.7595,0.0125,13.6218,1303.019,13.9402,,,
242000,,,0.0125,-1017.3711,8.8042,0.0125,15.6178,1597.0505,7.3443,,,
242000,,,,,,,,,,1000,10236.0321,106.1084
242500,,,0.0134,-1018.8034,7.373,0.0134,14.3303,1837.5591,12.7452,,,
243000,,,0.0132,-1017.2587,9.2215,0.0132,13.7283,1127.2162,10.4653,,,
243000,,,,,,,,,,1000,10419.2578,105.626
243500,,,0.0133,-1024.7697,16.0625,0.0133,16.6841,3005.5339,13.5031,,,
244000,,,0.0135,-1017.5479,6.837,0.0135,14.8329,1698.2142,12.5712,,,
244000,,,,,,,,,,1000,10530.4901,103.5587
244500,,,0.0152,-1011.5611,13.1495,0.0152,12.4209,1338.4296,19.7026,,,
245000,,,0.0121,-1018.6576,11.971,0.0121,13.401,1104.2319,12.1241,,,
245000,9240.6922,1000.0,,,,,,,,,,
245000,,,,,,,,,,1000,10563.7719,89.3415
245500,,,0.0141,-1023.733,9.1958,0.0141,12.5232,1212.6534,14.1096,,,
246000,,,0.0148,-1021.0058,12.4563,0.0148,19.7337,2259.8062,14.7229,,,
246000,,,,,,,,,,1000,10711.7054,102.1725
246500,,,0.0137,-1027.3341,8.7478,0.0137,18.2762,2720.7488,9.902,,,
247000,,,0.016,-1013.9297,13.6289,0.016,11.7869,845.3773,12.2258,,,
247000,,,,,,,,,,1000,10010.2606,103.615
247500,,,0.0144,-1034.407,15.7765,0.0144,11.9043,1219.4786,15.2217,,,
248000,,,0.0134,-1024.6508,11.894,0.0134,12.5979,1456.1997,13.7468,,,
248000,,,,,,,,,,1000,10750.9014,103.2404
248500,,,0.0123,-1027.7017,7.4923,0.0123,14.6927,1071.7402,19.4573,,,
249000,,,0.014,-1030.9512,11.403,0.014,11.8952,2138.5388,12.5588,,,
249000,,,,,,,,,,1000,10416.5777,104.189
249500,,,0.0145,-1032.9932,10.5386,0.0145,15.5636,946.5463,9.488,,,
250000,,,0.015,-1037.3665,10.7845,0.015,15.8295,1030.8016,14.8474,,,
250000,6432.1445,1000.0,,,,,,,,,,
250000,,,,,,,,,,1000,10524.4023,88.9936
250500,,,0.0163,-1034.0098,8.4369,0.0163,10.722,1057.4459,9.155,,,
251000,,,0.0137,-1031.9072,7.3463,0.0137,18.5501,3255.1262,7.0969,,,
251000,,,,,,,,,,1000,10215.0597,103.809
251500,,,0.0117,-1033.8153,11.3028,0.0117,13.0168,1242.585,14.0321,,,
252000,,,0.0129,-1029.0497,11.3525,0.0129,14.3271,2199.0244,22.1494,,,
252000,,,,,,,,,,1000,2372.0758,103.4928
252500,,,0.0147,-1034.9113,10.7887,0.0147,15.2986,1448.9667,7.313,,,
253000,,,0.0145,-1030.9207,11.5152,0.0145,18.0397,2405.9893,18.0361,,,
253000,,,,,,,,,,1000,5103.6708,104.7422
253500,,,0.017,-1032.8926,16.3226,0.017,16.7769,1777.5289,7.5709,,,
254000,,,0.0132,-1027.8722,9.3442,0.0132,11.6687,669.4471,10.6686,,,
254000,,,,,,,,,,1000,10606.0524,101.9978
254500,,,0.0158,-1033.0635,10.1073,0.0158,17.0275,2745.4761,20.0343,,,
255000,,,0.0137,-1043.0211,6.0774,0.0137,14.5037,2402.4983,7.7606,,,
255000,10866.106,1000.0,,,,,,,,,,
255000,,,,,,,,,,1000,10769.4715,88.1511
255500,,,0.0143,-1033.0459,9.8765,0.0143,11.9137,854.3806,13.3378,,,
256000,,,0.0124,-1037.4515,6.6683,0.0124,15.198,1015.6162,7.4775,,,
256000,,,,,,,,,,1000,10618.1894,104.0423
256500,,,0.0131,-1036.3156,7.7512,0.0131,12.3937,1402.5634,12.0258,,,
257000,,,0.0133,-1044.9045,10.4458,0.0133,10.682,863.8264,14.1853,,,
257000,,,,,,,,,,1000,10336.2081,104.1976
257500,,,0.0144,-1048.1063,10.2015,0.0144,14.4653,2379.749,10.4248,,,
258000,,,0.016,-1033.1947,14.9843,0.016,12.9953,1458.2334,11.4492,,,
258000,,,,,,,,,,1000,10503.9816,102.3778
258500,,,0.0138,-1035.676,8.4098,0.0138,12.0201,1077.1903,12.4367,,,
259000,,,0.0129,-1041.5656,6.932,0.0129,12.4637,1200.516,11.9419,,,
259000,,,,,,,,,,1000,10671.6772,103.2225
259500,,,0.015,-1039.907,7.8502,0.015,10.799,987.0229,11.3332,,,
260000,,,0.0138,-1042.8958,11.2762,0.0138,11.722,1253.9003,10.1761,,,
260000,11272.7912,1000.0,,,,,,,,,,
260000,,,,,,,,,,1000,10581.9535,91.3315
260500,,,0.0127,-1040.49,7.5821,0.0127,18.4642,2881.947,13.4945,,,
261000,,,0.0142,-1048.2148,11.0579,0.0142,11.8296,2054.7976,9.6677,,,
261000,,,,,,,,,,1000,10674.0109,104.4333
261500,,,0.016,-1042.1,10.7987,0.016,13.4116,2492.9421,16.5903,,,
262000,,,0.015,-1041.7913,9.4528,0.015,14.9579,3232.1631,8.0378,,,
262000,,,,,,,,,,1000,10583.1406,101.8745
262500,,,0.0143,-1038.7341,7.8292,0.0143,15.0928,2876.7012,12.6553,,,
263000,,,0.013,-1040.5884,13.6994,0.013,14.8179,1930.4161,9.9653,,,
263000,,,,,,,,,,1000,10693.4237,105.4614
263500,,,0.0129,-1044.1713,7.4083,0.0129,12.3622,1572.1093,9.7917,,,
264000,,,0.0137,-1046.3782,5.7723,0.0137,12.4957,2132.4119,6.1106,,,
264000,,,,,,,,,,1000,10687.0904,103.6839
264500,,,0.0158,-1044.5581,9.074,0.0158,13.1593,2336.8928,16.4447,,,
265000,,,0.0113,-1044.0547,7.7949,0.0113,11.7159,1982.9078,14.4686,,,
265000,11033.8646,1000.0,,,,,,,,,,
265000,,,,,,,,,,1000,10748.7224,89.8146
265500,,,0.0139,-1049.8162,10.7198,0.0139,10.809,1645.7471,10.4881,,,
266000,,,0.0143,-1061.2952,11.3532,0.0143,11.8504,1685.5713,17.365,,,
266000,,,,,,,,,,1000,10264.357,103.0939
266500,,,0.014,-1046.9561,18.9087,0.014,11.6317,952.8148,15.9919,,,
267000,,,0.0155,-1056.5004,16.6241,0.0155,15.3847,1916.5333,16.2306,,,
267000,,,,,,,,,,1000,10478.5978,103.0737
267500,,,0.0146,-1052.4084,16.285,0.0146,16.2078,1609.1595,15.3189,,,
268000,,,0.014,-1063.2274,7.7721,0.014,10.331,1523.2263,8.1257,,,
268000,,,,,,,,,,1000,10887.6139,103.0681
268500,,,0.0121,-1057.3126,11.5562,0.0121,12.9663,1682.9569,19.08,,,
269000,,,0.014,-1051.4349,6.3961,0.014,20.7541,1490.3665,8.5978,,,
269000,,,,,,,,,,1000,9980.9667,102.7335
269500,,,0.0143,-1060.5657,7.1956,0.0143,15.273,1754.0618,8.8742,,,
270000,,,0.0153,-1070.1161,9.9417,0.0153,14.4456,2039.634,10.2646,,,
270000,11266.8391,1000.0,,,,,,,,,,
270000,,,,,,,,,,1000,10835.7332,89.4243
270500,,,0.0128,-1073.5562,10.0572,0.0128,14.4966,2068.0854,15.9869,,,
271000,,,0.014,-1068.3395,9.9506,0.014,13.357,745.3626,15.4587,,,
271000,,,,,,,,,,1000,9633.2959,104.9368
271500,,,0.0146,-1066.1034,10.58,0.0146,11.9796,1472.5497,14.1832,,,
272000,,,0.0144,-1079.5604,14.3392,0.0144,11.7151,1214.0587,15.5403,,,
272000,,,,,,,,,,1000,10747.8282,105.9482
272500,,,0.0133,-1068.6029,7.8383,0.0133,13.6141,1717.2271,13.4351,,,
273000,,,0.0111,-1071.683,7.5079,0.0111,10.1665,977.0369,18.0494,,,
273000,,,,,,,,,,1000,4997.105,105.5596
273500,,,0.0146,-1064.7136,13.7349,0.0146,15.3663,2189.8318,26.977,,,
274000,,,0.0132,-1068.807,12.9074,0.0132,15.3684,1140.3853,13.2783,,,
274000,,,,,,,,,,1000,10287.9802,105.79
274500,,,0.0148,-1066.9037,14.3056,0.0148,13.3621,769.392,16.3329,,,
275000,,,0.0153,-1069.4264,10.3479,0.0153,26.3704,2903.866,10.7423,,,
275000,11266.0321,1000.0,,,,,,,,,,
275000,,,,,,,,,,1000,10741.191,91.2343
275500,,,0.0146,-1076.7113,15.6504,0.0146,14.3034,1734.0652,11.1089,,,
276000,,,0.0142,-1069.1195,8.2703,0.0142,15.104,2431.2651,16.4603,,,
276000,,,,,,,,,,1000,10711.872,101.9298
276500,,,0.0148,-1074.0487,10.6342,0.0148,14.1712,1521.6038,8.2796,,,
277000,,,0.0141,-1075.479,9.8427,0.0141,12.3586,1785.9005,10.1386,,,
277000,,,,,,,,,,1000,10791.54,102.9376
277500,,,0.014,-1068.334,7.845,0.014,21.3196,3750.8628,10.5662,,,
278000,,,0.0138,-1074.3782,10.1437,0.0138,12.1349,799.2927,9.9096,,,
278000,,,,,,,,,,1000,10204.1593,104.0459
278500,,,0.0124,-1079.3158,13.8549,0.0124,11.4726,1831.2118,11.4726,,,
279000,,,0.011,-1076.8982,13.1306,0.011,15.3776,3643.4126,15.4427,,,
279000,,,,,,,,,,1000,9030.2398,104.6108
279500,,,0.0113,-1072.9116,10.8369,0.0113,11.3919,871.3728,8.786,,,
280000,,,0.0126,-1072.6726,11.412,0.0126,18.1065,2009.547,12.9178,,,
280000,11320.2319,1000.0,,,,,,,,,,
280000,,,,,,,,,,1000,10712.394,89.5121
280500,,,0.0127,-1071.8208,6.3886,0.0127,14.005,1133.2776,15.2091,,,
281000,,,0.0136,-1086.8186,9.9513,0.0136,10.4006,1015.6675,7.8493,,,
281000,,,,,,,,,,1000,10986.6112,104.3453
281500,,,0.0113,-1088.4187,8.3444,0.0113,14.3313,2024.2334,5.8344,,,
282000,,,0.0134,-1076.6949,10.4786,0.0134,12.1491,1272.3641,9.626,,,
282000,,,,,,,,,,1000,10894.664,101.5425
282500,,,0.0132,-1082.5743,7.9402,0.0132,15.1374,2202.3403,9.6598,,,
283000,,,0.0145,-1079.9994,15.4385,0.0145,14.3523,2838.0754,6.7883,,,
283000,,,,,,,,,,1000,9961.4346,103.7421
283500,,,0.0131,-1078.4397,11.4463,0.0131,14.1485,1885.14,10.4747,,,
284000,,,0.0138,-1085.9844,7.8032,0.0138,12.5332,1178.7972,13.3027,,,
284000,,,,,,,,,,1000,10298.0092,105.0918
284500,,,0.0129,-1082.0249,16.8581,0.0129,13.3649,1803.5623,10.423,,,
285000,,,0.0145,-1084.6378,6.1005,0.0145,15.3108,2402.7454,6.3412,,,
285000,10604.6282,1000.0,,,,,,,,,,
285000,,,,,,,,,,1000,10762.9386,90.8604
285500,,,0.0163,-1091.6572,19.9966,0.0163,14.9234,2821.0708,18.8532,,,
286000,,,0.012,-1095.226,13.6109,0.012,14.7546,1677.717,23.7625,,,
286000,,,,,,,,,,1000,10903.598,101.7335
286500,,,0.0139,-1093.6675,8.8559,0.0139,12.4664,1118.656,17.0047,,,
287000,,,0.0144,-1087.3264,6.4084,0.0144,13.8009,1486.0482,8.5506,,,
287000,,,,,,,,,,1000,10848.6327,102.0838
287500,,,0.0124,-1094.7229,12.3717,0.0124,12.3819,2557.9333,11.1178,,,
288000,,,0.0124,-1094.2642,9.469,0.0124,12.6781,913.0078,8.0119,,,
288000,,,,,,,,,,1000,10612.6379,102.0576
288500,,,0.0124,-1100.4502,8.7067,0.0124,11.3891,803.7766,6.911,,,
289000,,,0.0128,-1100.3127,8.8162,0.0128,11.953,2400.1404,12.6055,,,
289000,,,,,,,,,,1000,10766.2542,103.2334
289500,,,0.0123,-1094.8959,9.8976,0.0123,13.3067,1752.2324,11.6006,,,
290000,,,0.0133,-1097.9934,6.2784,0.0133,15.059,1491.8486,7.7856,,,
290000,11330.1749,1000.0,,,,,,,,,,
290000,,,,,,,,,,1000,10298.363,88.3927
290500,,,0.0139,-1096.7217,7.3196,0.0139,13.1801,1074.5974,11.6331,,,
291000,,,0.0137,-1100.7034,5.9952,0.0137,11.2777,1584.3302,9.8236,,,
291000,,,,,,,,,,1000,10681.1001,103.0702
291500,,,0.0135,-1097.3048,10.4953,0.0135,12.6001,2302.2622,9.6801,,,
292000,,,0.0131,-1101.1454,14.1449,0.0131,11.6102,1592.6193,9.5093,,,
292000,,,,,,,,,,1000,10637.8531,101.3211
292500,,,0.012,-1103.9395,12.9915,0.012,12.1316,1647.9042,15.733,,,
293000,,,0.0133,-1100.443,6.83,0.0133,11.6743,1332.4406,8.1584,,,
293000,,,,,,,,,,1000,10801.711,103.1313
293500,,,0.0121,-1106.8983,13.4537,0.0121,12.3647,863.7877,12.0754,,,
294000,,,0.0125,-1101.5861,9.8791,0.0125,11.9693,2034.4658,18.1867,,,
294000,,,,,,,,,,1000,10641.1292,103.3536
294500,,,0.0136,-1103.7681,13.9016,0.0136,11.1118,1501.6964,15.8156,,,
295000,,,0.0133,-1107.8483,9.4582,0.0133,13.5956,1430.7498,14.211,,,
295000,11133.7044,1000.0,,,,,,,,,,
295000,,,,,,,,,,1000,10488.1907,91.5662
295500,,,0.0119,-1107.1649,10.602,0.0119,12.7259,1777.7526,9.4915,,,
296000,,,0.0142,-1106.4298,12.1106,0.0142,10.9147,1818.8605,20.666,,,
296000,,,,,,,,,,1000,10708.9254,101.5349
296500,,,0.0147,-1105.9974,4.2867,0.0147,13.9402,1820.4563,7.7557,,,
297000,,,0.0124,-1107.0533,22.5203,0.0124,13.2642,779.2233,30.7284,,,
297000,,,,,,,,,,1000,9746.0094,101.5518
297500,,,0.0135,-1109.0153,7.5621,0.0135,13.3844,2477.198,12.2918,,,
298000,,,0.0118,-1107.1407,14.9064,0.0118,13.8071,1215.5186,14.9798,,,
298000,,,,,,,,,,1000,10809.4678,102.722
298500,,,0.0119,-1104.3643,9.3195,0.0119,13.9269,1553.9717,7.1996,,,
299000,,,0.0116,-1106.4374,6.7366,0.0116,16.9345,2697.4885,8.4479,,,
299000,,,,,,,,,,1000,11096.493,102.4763
299500,,,0.0126,-1108.661,6.9822,0.0126,12.4105,1359.5563,8.2678,,,
300000,,,0.0138,-1110.4347,10.6829,0.0138,13.4515,2743.7861,7.9433,,,
300000,11222.9467,1000.0,,,,,,,,,,
300000,,,,,,,,,,1000,10440.8126,89.0966
300500,,,0.0124,-1107.8606,7.0365,0.0124,13.8469,2116.0708,8.2306,,,
301000,,,0.0113,-1109.7847,8.1897,0.0113,20.6178,1850.4773,10.5843,,,
301000,,,,,,,,,,1000,11018.7159,102.8605
301500,,,0.0135,-1108.7429,9.3441,0.0135,12.6519,967.8113,14.3294,,,
302000,,,0.0123,-1108.2845,10.6836,0.0123,15.3839,1828.0369,7.4924,,,
302000,,,,,,,,,,1000,10873.472,102.8534
302500,,,0.0115,-1111.4412,13.6636,0.0115,15.0951,1187.2733,24.6863,,,
303000,,,0.0129,-1109.7865,9.8649,0.0129,18.0558,2769.4553,7.8388,,,
303000,,,,,,,,,,1000,10974.241,103.9404
303500,,,0.0131,-1113.9108,10.7432,0.0131,13.9998,1069.9432,12.6737,,,
304000,,,0.0142,-1113.4872,9.1486,0.0142,13.5071,1083.4476,10.077,,,
304000,,,,,,,,,,1000,9973.6492,102.8007
304500,,,0.0135,-1106.9725,7.7197,0.0135,13.1079,1750.0343,10.1358,,,
305000,,,0.0132,-1107.8595,8.293,0.0132,12.2294,1148.5261,11.3548,,,
305000,11204.2399,1000.0,,,,,,,,,,
305000,,,,,,,,,,1000,10542.8652,89.1777
305500,,,0.0133,-1112.9761,9.9173,0.0133,17.4581,1583.4474,12.1661,,,
306000,,,0.0125,-1119.3779,12.2432,0.0125,12.4344,2382.6055,17.5668,,,
306000,,,,,,,,,,1000,10609.9508,105.8791
306500,,,0.0114,-1112.9852,5.7058,0.0114,12.112,1749.8583,7.4681,,,
307000,,,0.014,-1119.9412,24.8311,0.014,12.0653,577.6072,20.3115,,,
307000,,,,,,,,,,1000,9971.7224,102.2839
307500,,,0.0127,-1120.0339,8.8282,0.0127,14.4712,1316.8035,8.8188,,,
308000,,,0.0124,-1111.5082,13.1205,0.0124,14.2136,1396.5353,10.7801,,,
308000,,,,,,,,,,1000,9782.43,102.3308
308500,,,0.0138,-1115.4763,10.4548,0.0138,16.7018,2059.5496,17.2771,,,
309000,,,0.0145,-1118.8936,7.5021,0.0145,17.3044,1796.4863,7.2571,,,
309000,,,,,,,,,,1000,11057.3248,105.5242
309500,,,0.0149,-1113.3997,11.9203,0.0149,15.286,1781.8563,6.5626,,,
310000,,,0.0128,-1113.0262,10.9541,0.0128,14.6071,2598.5049,9.1284,,,
310000,10921.0265,1000.0,,,,,,,,,,
310000,,,,,,,,,,1000,10830.8993,91.1836
310500,,,0.0127,-1115.6431,14.0139,0.0127,13.6972,1888.0118,15.2933,,,
311000,,,0.0131,-1115.9628,13.0467,0.0131,15.9789,1007.0107,6.484,,,
311000,,,,,,,,,,1000,9470.6309,104.6173
311500,,,0.0127,-1112.5553,9.942,0.0127,12.4023,1399.0919,12.0061,,,
312000,,,0.0131,-1115.9246,16.6919,0.0131,17.6799,1301.618,15.15,,,
312000,,,,,,,,,,1000,10840.7434,105.3008
312500,,,0.0135,-1115.0477,11.664,0.0135,14.8723,2078.1768,9.0208,,,
313000,,,0.0124,-1112.2803,7.5434,0.0124,13.5516,1852.6665,10.7404,,,
313000,,,,,,,,,,1000,4104.0796,103.9085
313500,,,0.0136,-1109.9899,10.0257,0.0136,17.7516,828.2502,18.3276,,,
314000,,,0.0138,-1115.4375,12.6019,0.0138,17.0504,2925.0051,7.528,,,
314000,,,,,,,,,,1000,10699.3531,103.2087
314500,,,0.0136,-1113.2041,15.0466,0.0136,15.2726,1433.6301,11.9887,,,
315000,,,0.0106,-1116.0133,7.5147,0.0106,15.812,1979.9963,12.2605,,,
315000,11296.6562,1000.0,,,,,,,,,,
315000,,,,,,,,,,1000,10554.9825,89.1375
315500,,,0.012,-1121.0681,8.7136,0.012,15.9276,1561.7897,9.7988,,,
316000,,,0.0127,-1115.5399,9.3978,0.0127,16.7872,2727.0684,7.3235,,,
316000,,,,,,,,,,1000,10293.5717,101.6353
316500,,,0.0124,-1113.5037,7.4612,0.0124,19.8546,3342.3975,10.4088,,,
317000,,,0.0135,-1113.2614,9.4949,0.0135,15.9296,1808.5088,6.1126,,,
317000,,,,,,,,,,1000,10801.094,102.5492
317500,,,0.0127,-1111.299,9.3917,0.0127,12.8768,1133.2915,9.2077,,,
318000,,,0.0138,-1121.9424,8.267,0.0138,15.6925,1838.4714,7.3699,,,
318000,,,,,,,,,,1000,10947.3205,101.4991
318500,,,0.0151,-1116.9471,14.6916,0.0151,14.8244,1551.791,10.7385,,,
319000,,,0.0146,-1119.2463,17.3726,0.0146,17.4741,2591.7024,16.4546,,,
319000,,,,,,,,,,1000,10407.7168,103.9074
319500,,,0.0115,-1115.2974,10.1592,0.0115,12.6202,1306.3467,9.4908,,,
320000,,,0.0138,-1123.9618,10.2207,0.0138,13.2873,963.5654,9.4593,,,
320000,11355.611,1000.0,,,,,,,,,,
320000,,,,,,,,,,1000,10665.3305,90.1421
320500,,,0.0128,-1120.9266,9.8495,0.0128,12.9435,1332.9055,16.6994,,,
321000,,,0.0134,-1121.3657,8.0342,0.0134,16.6762,2453.1838,10.4403,,,
321000,,,,,,,,,,1000,10850.7383,104.8614
321500,,,0.0129,-1124.0958,11.5819,0.0129,13.4624,1586.9795,10.7669,,,
322000,,,0.0135,-1122.6217,14.6093,0.0135,12.5387,1741.3945,12.0897,,,
322000,,,,,,,,,,1000,10686.7852,103.9374
322500,,,0.0114,-1118.9927,6.3803,0.0114,12.9458,1700.5011,8.2214,,,
323000,,,0.0117,-1118.5272,8.5386,0.0117,16.2348,1494.4272,10.9598,,,
323000,,,,,,,,,,1000,7085.5807,102.0024
323500,,,0.0145,-1117.851,13.7354,0.0145,13.9411,933.9243,24.257,,,
324000,,,0.0132,-1114.8257,6.9133,0.0132,15.5649,1430.5474,19.6539,,,
324000,,,,,,,,,,1000,10406.5162,103.9727
324500,,,0.0128,-1116.9833,12.5848,0.0128,14.2963,1398.2445,12.3882,,,
325000,,,0.0123,-1114.9923,11.4424,0.0123,11.9108,1645.6123,10.2732,,,
325000,11417.6757,1000.0,,,,,,,,,,
325000,,,,,,,,,,1000,10655.6393,91.2869
325500,,,0.0131,-1124.8666,14.6393,0.0131,13.7222,960.9546,6.5733,,,
326000,,,0.0132,-1109.8224,12.0744,0.0132,12.9951,2056.3667,12.5419,,,
326000,,,,,,,,,,1000,7064.9447,105.8989
326500,,,0.0131,-1117.4994,20.5483,0.0131,9.9132,820.9528,12.4238,,,
327000,,,0.0132,-1117.7456,6.6574,0.0132,14.1387,1207.3282,8.2331,,,
327000,,,,,,,,,,1000,10816.9356,105.1116
327500,,,0.0134,-1124.6173,12.0767,0.0134,18.457,1829.9523,14.8243,,,
328000,,,0.0147,-1124.5593,13.3015,0.0147,13.6243,973.2903,13.6937,,,
328000,,,,,,,,,,1000,11053.348,105.8484
328500,,,0.0117,-1122.6881,9.7326,0.0117,13.5715,1289.7396,8.2286,,,
329000,,,0.0136,-1121.8866,7.301,0.0136,11.9388,1150.4036,11.2783,,,
329000,,,,,,,,,,1000,10371.5705,105.4174
329500,,,0.0142,-1113.5565,7.6303,0.0142,17.3947,1655.7338,7.6485,,,
330000,,,0.0136,-1117.3044,8.5249,0.0136,14.6959,1341.8853,11.4291,,,
330000,11068.9374,1000.0,,,,,,,,,,
330000,,,,,,,,,,1000,10841.0189,89.0058
330500,,,0.0142,-1121.6217,8.624,0.0142,15.467,2329.9036,8.9052,,,
331000,,,0.0124,-1121.9194,15.9126,0.0124,14.5046,1634.059,13.2218,,,
331000,,,,,,,,,,1000,10696.2938,102.5027
331500,,,0.0125,-1124.9363,12.0144,0.0125,16.3422,2469.4783,8.6737,,,
332000,,,0.0124,-1127.0477,17.0754,0.0124,15.1779,1651.8967,6.9183,,,
332000,,,,,,,,,,1000,11047.5189,104.7001
332500,,,0.0121,-1108.7592,8.3968,0.0121,13.399,1876.774,13.2262,,,
333000,,,0.0125,-1122.7163,10.7644,0.0125,15.7045,1561.2937,14.8062,,,
333000,,,,,,,,,,1000,10840.3602,104.3614
333500,,,0.0133,-1120.3588,7.5194,0.0133,12.0308,1500.0016,13.0194,,,
334000,,,0.014,-1119.2806,8.0283,0.014,12.556,664.559,5.6349,,,
334000,,,,,,,,,,1000,10839.5885,104.5078
334500,,,0.0138,-1125.3624,14.1959,0.0138,14.9568,937.506,14.2968,,,
335000,,,0.0136,-1119.426,7.9807,0.0136,11.936,1771.2722,8.1415,,,
335000,11229.5514,1000.0,,,,,,,,,,
335000,,,,,,,,,,1000,10335.8447,90.6873
335500,,,0.0131,-1131.7174,14.6179,0.0131,13.8861,1646.3741,18.5591,,,
336000,,,0.014,-1118.5369,8.3729,0.014,19.0536,2523.4961,7.8114,,,
336000,,,,,,,,,,1000,10856.7321,102.925
336500,,,0.0144,-1127.4288,13.3385,0.0144,14.3607,1794.0564,10.0095,,,
337000,,,0.0125,-1126.5743,9.9715,0.0125,13.6257,2590.3613,7.4205,,,
337000,,,,,,,,,,1000,10630.1058,101.4001
337500,,,0.015,-1124.0787,14.3406,0.015,14.503,835.1249,15.6557,,,
338000,,,0.0136,-1131.2794,11.5779,0.0136,14.2582,1104.7306,11.1725,,,
338000,,,,,,,,,,1000,9864.4998,102.8919
338500,,,0.0124,-1122.9647,6.4629,0.0124,12.5655,1348.8225,9.7422,,,
339000,,,0.0129,-1129.5779,12.7342,0.0129,15.0996,1142.4393,11.9743,,,
339000,,,,,,,,,,1000,10390.1735,104.6944
339500,,,0.0114,-1120.5464,12.5535,0.0114,14.3459,1733.0732,10.6008,,,
340000,,,0.0128,-1129.6125,8.7849,0.0128,19.2528,1449.3003,10.7119,,,
340000,10232.6107,1000.0,,,,,,,,,,
340000,,,,,,,,,,1000,10743.1765,88.3229
340500,,,0.0117,-1129.3568,7.6137,0.0117,17.1753,3292.2786,8.4154,,,
341000,,,0.0134,-1134.0795,7.2357,0.0134,16.9553,1353.4099,10.2352,,,
341000,,,,,,,,,,1000,11146.168,104.8884
341500,,,0.0118,-1125.6205,13.751,0.0118,18.9814,1241.0785,15.1937,,,
342000,,,0.0117,-1131.2457,6.5712,0.0117,15.2223,1303.2236,10.5481,,,
342000,,,,,,,,,,1000,10933.5436,102.3616
342500,,,0.0121,-1127.2583,13.1477,0.0121,14.3085,2066.6357,19.5892,,,
343000,,,0.013,-1131.8801,9.2299,0.013,12.5355,1223.5791,12.1627,,,
343000,,,,,,,,,,1000,9883.1277,104.0806
343500,,,0.0131,-1130.9342,10.9604,0.0131,12.2013,2127.1824,10.0139,,,
344000,,,0.0112,-1130.4297,12.6228,0.0112,17.7231,2253.3579,16.3767,,,
344000,,,,,,,,,,1000,11282.7515,105.0537
344500,,,0.0123,-1132.3218,11.0108,0.0123,16.7651,2939.1057,10.098,,,
345000,,,0.014,-1131.7209,11.6273,0.014,17.4751,817.0294,13.6997,,,
345000,11519.572,1000.0,,,,,,,,,,
345000,,,,,,,,,,1000,11028.9741,89.712
345500,,,0.0135,-1135.6053,10.4686,0.0135,15.2573,1980.0374,7.9037,,,
346000,,,0.0128,-1130.5991,10.8865,0.0128,14.3507,1259.5745,14.166,,,
346000,,,,,,,,,,1000,10818.0044,101.7742
346500,,,0.014,-1132.6801,14.8222,0.014,16.9382,783.1764,10.1172,,,
347000,,,0.012,-1131.7202,14.5607,0.012,12.0704,1601.8597,10.3777,,,
347000,,,,,,,,,,1000,10879.1126,105.3511
347500,,,0.0126,-1136.7708,9.9194,0.0126,14.1248,1023.7731,5.2884,,,
348000,,,0.0127,-1128.9509,14.2425,0.0127,25.1356,2428.9548,20.0248,,,
348000,,,,,,,,,,1000,10824.6461,106.2758
348500,,,0.0126,-1134.995,11.9807,0.0126,14.8237,1889.8634,22.5546,,,
349000,,,0.0148,-1131.8085,14.5107,0.0148,15.4227,1545.9153,8.7979,,,
349000,,,,,,,,,,1000,10600.7255,103.9314
349500,,,0.0126,-1139.1558,11.5335,0.0126,14.1853,1311.1835,12.1104,,,
350000,,,0.0132,-1131.3981,12.0174,0.0132,14.2015,1451.7423,15.714,,,
350000,11522.7017,1000.0,,,,,,,,,,
350000,,,,,,,,,,1000,11101.7644,91.1062
350500,,,0.0134,-1131.1675,13.3703,0.0134,19.9181,2689.085,12.45,,,
351000,,,0.0122,-1139.6847,11.5907,0.0122,16.9028,2049.1445,13.5931,,,
351000,,,,,,,,,,1000,10630.4473,104.2461
351500,,,0.0119,-1134.5852,6.5038,0.0119,15.7146,2215.1218,5.6057,,,
352000,,,0.0138,-1142.0162,10.7176,0.0138,18.3106,3285.5122,13.7547,,,
352000,,,,,,,,,,1000,10652.9817,104.8645
352500,,,0.0136,-1140.6344,7.7991,0.0136,12.7752,1400.6404,8.1118,,,
353000,,,0.0118,-1136.983,13.0382,0.0118,14.2831,1336.4315,11.559,,,
353000,,,,,,,,,,1000,10949.845,105.0468
353500,,,0.0126,-1143.7001,18.9672,0.0126,14.8698,2021.3588,14.4846,,,
354000,,,0.0137,-1138.3604,13.4447,0.0137,12.0689,1535.1028,15.2388,,,
354000,,,,,,,,,,1000,10939.3698,105.3224
354500,,,0.0112,-1146.3566,13.9475,0.0112,15.1763,1838.4843,7.4724,,,
355000,,,0.0127,-1139.7463,12.2881,0.0127,17.8044,3174.176,8.7444,,,
355000,11656.9531,1000.0,,,,,,,,,,
355000,,,,,,,,,,1000,11150.2578,91.2024
355500,,,0.0117,-1145.0513,12.4342,0.0117,15.1435,2052.0745,9.912,,,
356000,,,0.0131,-1144.192,10.4928,0.0131,15.1196,2660.6919,13.4579,,,
356000,,,,,,,,,,1000,11109.3846,104.1255
356500,,,0.0135,-1148.941,12.6689,0.0135,17.5891,1409.5686,9.9304,,,
357000,,,0.0119,-1141.2708,14.1118,0.0119,14.0641,1400.88,12.5843,,,
357000,,,,,,,,,,1000,11325.5522,105.2258
357500,,,0.0132,-1141.228,21.5203,0.0132,16.0501,3564.6003,26.2936,,,
358000,,,0.0121,-1145.6337,9.4148,0.0121,18.0631,2035.2251,7.407,,,
358000,,,,,,,,,,1000,11158.6342,104.7346
358500,,,0.0146,-1144.7672,10.7279,0.0146,18.3938,2179.8237,11.6402,,,
359000,,,0.0123,-1146.2141,6.7694,0.0123,14.1455,1273.1934,16.1913,,,
359000,,,,,,,,,,1000,10881.8604,102.6891
359500,,,0.013,-1151.7611,11.0773,0.013,19.3755,2937.2979,11.8297,,,
360000,,,0.0124,-1144.4288,20.0125,0.0124,15.8485,2486.4475,10.3656,,,
360000,11349.1428,1000.0,,,,,,,,,,
360000,,,,,,,,,,1000,10783.3703,90.2186
360500,,,0.0123,-1146.0549,13.677,0.0123,14.852,863.1185,9.2904,,,
361000,,,0.0138,-1144.0031,7.5268,0.0138,17.0141,2817.7593,7.9816,,,
361000,,,,,,,,,,1000,10488.0691,105.3408
361500,,,0.0147,-1144.2167,14.9081,0.0147,14.9326,1629.6146,18.8337,,,
362000,,,0.0136,-1144.1289,15.8462,0.0136,14.454,735.683,14.0385,,,
362000,,,,,,,,,,1000,9678.0403,105.071
362500,,,0.0128,-1142.6501,9.0944,0.0128,11.7721,744.9822,10.5366,,,
363000,,,0.013,-1146.047,9.091,0.013,18.0559,3236.9768,6.8009,,,
363000,,,,,,,,,,1000,11181.7581,101.584
363500,,,0.014,-1142.5077,7.5641,0.014,13.5056,1702.7261,9.227,,,
364000,,,0.0118,-1144.73,6.7266,0.0118,11.4196,801.121,13.4061,,,
364000,,,,,,,,,,1000,10824.1184,103.1224
364500,,,0.0122,-1143.626,9.2775,0.0122,15.6768,1862.9913,12.2087,,,
365000,,,0.0113,-1149.59,8.5675,0.0113,16.1904,2445.969,9.1323,,,
365000,11504.0782,1000.0,,,,,,,,,,
365000,,,,,,,,,,1000,10922.6998,87.9327
365500,,,0.012,-1139.6674,16.3768,0.012,14.6666,1663.9657,9.3356,,,
366000,,,0.0128,-1146.6029,9.2237,0.0128,18.8477,1662.2092,7.9855,,,
366000,,,,,,,,,,1000,11382.2213,103.124
366500,,,0.014,-1150.5339,9.2052,0.014,18.0561,2187.4536,9.7847,,,
367000,,,0.0131,-1146.8318,7.5591,0.0131,13.1032,958.8452,12.6463,,,
367000,,,,,,,,,,1000,11327.1951,105.6546
367500,,,0.0128,-1145.527,7.3514,0.0128,13.3353,1518.8568,9.3109,,,
368000,,,0.0144,-1154.7921,6.0831,0.0144,14.2919,2180.2981,12.7464,,,
368000,,,,,,,,,,1000,10641.2146,104.166
368500,,,0.0138,-1149.3743,11.6559,0.0138,15.4977,1852.5897,19.1726,,,
369000,,,0.0133,-1141.0809,14.2854,0.0133,14.1294,2123.9312,16.5565,,,
369000,,,,,,,,,,1000,9991.3346,103.9207
369500,,,0.0139,-1152.2633,9.061,0.0139,14.3047,1628.9556,13.87,,,
370000,,,0.0137,-1155.2738,12.6257,0.0137,12.6481,860.8608,17.4249,,,
370000,10769.4065,1000.0,,,,,,,,,,
370000,,,,,,,,,,1000,11129.0674,89.9761
370500,,,0.012,-1154.6237,7.674,0.012,12.4615,1672.5718,8.2042,,,
371000,,,0.013,-1154.322,10.5798,0.013,13.3696,1650.1483,10.0823,,,
371000,,,,,,,,,,1000,11448.9906,105.0284
371500,,,0.0129,-1151.8179,9.6069,0.0129,13.953,1165.4259,8.3979,,,
372000,,,0.0138,-1149.8334,14.1069,0.0138,14.3617,1334.9166,16.2863,,,
372000,,,,,,,,,,1000,11532.9076,104.6745
372500,,,0.0155,-1145.2935,7.2786,0.0155,15.2909,3093.262,7.2976,,,
373000,,,0.0135,-1153.2443,8.7065,0.0135,17.5876,3175.0789,10.2181,,,
373000,,,,,,,,,,1000,11347.2901,101.3942
373500,,,0.0148,-1156.3147,16.8892,0.0148,16.1845,1087.7428,9.0487,,,
374000,,,0.0148,-1160.5454,7.5512,0.0148,16.0526,3673.7148,18.2442,,,
374000,,,,,,,,,,1000,11085.3887,101.7496
374500,,,0.0124,-1159.8116,9.2529,0.0124,13.0951,1008.8483,8.6721,,,
375000,,,0.0134,-1159.915,13.0287,0.0134,17.6541,1121.3108,13.7397,,,
375000,10637.076,1000.0,,,,,,,,,,
375000,,,,,,,,,,1000,10837.1899,90.1571
375500,,,0.0135,-1162.8671,7.0488,0.0135,13.2398,1152.1571,10.0874,,,
376000,,,0.0146,-1164.1641,15.8825,0.0146,11.1654,1085.5256,11.2287,,,
376000,,,,,,,,,,1000,11316.5002,104.8863
376500,,,0.0124,-1161.9132,5.427,0.0124,12.2052,715.1227,7.4849,,,
377000,,,0.0128,-1160.5938,9.4622,0.0128,13.0034,2041.5443,8.2779,,,
377000,,,,,,,,,,1000,599.7132,103.0701
377500,,,0.0127,-1151.2676,13.7301,0.0127,12.6617,1142.7999,10.2705,,,
378000,,,0.015,-1158.2866,18.4952,0.015,18.3208,3018.6199,22.1536,,,
378000,,,,,,,,,,1000,11380.5241,103.9424
378500,,,0.0127,-1154.6542,10.1895,0.0127,17.0886,1035.7821,24.1736,,,
379000,,,0.0126,-1153.4189,8.5495,0.0126,19.7574,2560.6201,9.8062,,,
379000,,,,,,,,,,1000,10673.7693,102.9457
379500,,,0.0144,-1150.7437,10.3186,0.0144,16.5346,2187.844,9.6082,,,
380000,,,0.0135,-1162.599,15.7702,0.0135,16.7256,2267.1211,9.7112,,,
380000,11887.0648,1000.0,,,,,,,,,,
380000,,,,,,,,,,1000,-282.1801,90.9723
380500,,,0.0142,-1151.1251,15.3909,0.0142,15.4896,2481.9287,12.0386,,,
381000,,,0.0125,-1147.7457,11.4151,0.0125,15.2523,2235.1416,8.5069,,,
381000,,,,,,,,,,1000,11301.0833,105.8878
381500,,,0.0134,-1153.1653,11.8507,0.0134,15.174,1492.5345,10.2884,,,
382000,,,0.0131,-1155.791,14.3586,0.0131,16.4093,2900.1045,11.828,,,
382000,,,,,,,,,,1000,11117.5548,104.7557
382500,,,0.014,-1149.3978,17.9393,0.014,14.9115,1406.0381,17.2053,,,
383000,,,0.0136,-1155.0204,13.0491,0.0136,15.0812,1697.1992,14.391,,,
383000,,,,,,,,,,1000,10446.1066,103.5268
383500,,,0.0148,-1151.7936,6.4979,0.0148,16.5864,1399.738,10.636,,,
384000,,,0.0117,-1147.463,9.375,0.0117,17.7809,2546.3726,10.1295,,,
384000,,,,,,,,,,1000,10814.4803,105.0064
384500,,,0.0138,-1154.6917,21.6606,0.0138,15.0846,1974.5145,10.2701,,,
385000,,,0.0165,-1145.9655,9.8909,0.0165,14.632,1659.1523,7.8557,,,
385000,5139.2288,1000.0,,,,,,,,,,
385000,,,,,,,,,,1000,11135.6321,90.3165
385500,,,0.0141,-1160.6345,12.0084,0.0141,16.0096,1807.1964,14.9071,,,
386000,,,0.0139,-1152.1373,23.435,0.0139,17.0812,1899.0284,19.7649,,,
386000,,,,,,,,,,1000,11133.0967,103.8772
386500,,,0.0152,-1158.3346,7.653,0.0152,18.2509,1788.3101,5.7859,,,
387000,,,0.0133,-1156.7423,22.5124,0.0133,13.805,1378.3694,14.5719,,,
387000,,,,,,,,,,1000,11326.1861,105.435
387500,,,0.0142,-1164.6315,7.1603,0.0142,16.8119,1939.5591,7.7014,,,
388000,,,0.014,-1151.2611,13.7337,0.014,15.728,1654.1273,11.2235,,,
388000,,,,,,,,,,1000,-77.6694,105.5524
388500,,,0.0142,-1155.8976,8.4358,0.0142,11.5403,1016.3915,10.5968,,,
389000,,,0.014,-1162.9362,9.9453,0.014,15.6477,1488.5117,11.8142,,,
389000,,,,,,,,,,1000,11434.2124,104.7719
389500,,,0.012,-1147.6074,7.7033,0.012,15.268,2296.5029,11.276,,,
390000,,,0.0153,-1156.6941,9.4093,0.0153,13.9875,915.0995,19.1973,,,
390000,9279.2305,1000.0,,,,,,,,,,
390000,,,,,,,,,,1000,11522.2748,90.4348
390500,,,0.0139,-1153.806,8.1304,0.0139,16.0436,1705.0604,9.5257,,,
391000,,,0.0154,-1167.5952,13.9965,0.0154,13.792,913.6759,11.2389,,,
391000,,,,,,,,,,1000,10506.8252,101.346
391500,,,0.0135,-1145.8925,7.4503,0.0135,13.3433,1725.4117,8.9093,,,
392000,,,0.0132,-1142.4034,7.2608,0.0132,12.9816,1793.1355,9.5126,,,
392000,,,,,,,,,,1000,-273.4894,101.4284
392500,,,0.0157,-1148.8519,16.3191,0.0157,16.5734,1811.6017,11.7422,,,
393000,,,0.0146,-1154.8231,9.0733,0.0146,15.0315,1585.708,11.5001,,,
393000,,,,,,,,,,1000,-409.7624,101.7295
393500,,,0.0139,-1145.0833,10.5237,0.0139,17.8833,2401.2974,8.4983,,,
394000,,,0.0142,-1144.4232,9.5343,0.0142,17.9837,2057.0022,7.4441,,,
394000,,,,,,,,,,1000,10989.6324,102.3463
394500,,,0.0145,-1142.6404,11.0487,0.0145,12.8247,1276.0219,13.4099,,,
395000,,,0.0124,-1147.4204,8.9734,0.0124,19.4347,1778.973,7.8479,,,
395000,11984.7548,1000.0,,,,,,,,,,
395000,,,,,,,,,,1000,11081.5069,89.3357
395500,,,0.0158,-1144.8202,8.4018,0.0158,16.8977,1808.608,15.314,,,
396000,,,0.0149,-1144.069,9.0376,0.0149,20.6449,2211.0073,10.5538,,,
396000,,,,,,,,,,1000,11342.4431,103.9903
396500,,,0.0142,-1142.6953,9.8454,0.0142,20.3574,2672.4675,14.9798,,,
397000,,,0.0135,-1146.3676,18.3246,0.0135,15.2621,1542.0697,10.132,,,
397000,,,,,,,,,,1000,11314.567,102.9528
397500,,,0.0137,-1149.0156,17.5623,0.0137,20.5811,1704.6158,24.9311,,,
398000,,,0.0122,-1147.4811,9.7807,0.0122,19.6743,1603.8323,8.4098,,,
398000,,,,,,,,,,1000,11567.7198,103.6855
398500,,,0.0148,-1148.2766,8.03,0.0148,16.7923,875.858,9.4975,,,
399000,,,0.0139,-1156.5358,9.1705,0.0139,17.1745,1805.1761,9.4239,,,
399000,,,,,,,,,,1000,10879.887,102.8913
399500,,,0.0144,-1153.5787,6.9661,0.0144,16.3632,1135.2424,10.3992,,,
400000,,,0.0148,-1155.8372,7.3092,0.0148,16.7937,1789.4504,6.6874,,,
400000,11988.7178,1000.0,,,,,,,,,,
400000,,,,,,,,,,1000,11089.1163,88.2276
400500,,,0.0138,-1155.2927,10.5977,0.0138,19.8056,3660.8525,10.8236,,,
401000,,,0.0146,-1150.4222,14.983,0.0146,18.02,1779.0999,10.6047,,,
401000,,,,,,,,,,1000,11575.7568,101.8379
401500,,,0.0154,-1164.6204,11.7656,0.0154,18.213,1202.7668,14.4174,,,
402000,,,0.0146,-1158.011,16.5438,0.0146,17.6095,725.5181,10.2938,,,
402000,,,,,,,,,,1000,11272.1919,101.8907
402500,,,0.0151,-1164.551,10.2088,0.0151,20.7184,2842.1628,9.3296,,,
403000,,,0.0159,-1164.0054,7.853,0.0159,16.862,2152.0989,13.1863,,,
403000,,,,,,,,,,1000,11593.3669,103.9366
403500,,,0.0141,-1158.0071,18.1317,0.0141,14.2373,1045.3075,22.501,,,
404000,,,0.0145,-1162.3065,6.7897,0.0145,16.2442,1431.0128,9.3372,,,
404000,,,,,,,,,,1000,11305.5661,103.4784
404500,,,0.0132,-1162.5642,11.9584,0.0132,20.4134,1669.5724,11.6354,,,
405000,,,0.0148,-1161.8114,15.389,0.0148,15.4006,1882.4933,16.675,,,
405000,11741.6799,1000.0,,,,,,,,,,
405000,,,,,,,,,,1000,11583.0911,89.4312
405500,,,0.0164,-1156.9545,13.7267,0.0164,14.0326,1102.4341,24.0733,,,
406000,,,0.013,-1164.5812,10.2115,0.013,15.806,1810.4823,7.111,,,
406000,,,,,,,,,,1000,10103.4602,105.3859
406500,,,0.0155,-1161.6178,6.414,0.0155,16.5897,1525.3795,6.6052,,,
407000,,,0.015,-1166.5195,7.0977,0.015,15.7014,1565.3665,9.1667,,,
407000,,,,,,,,,,1000,11294.0512,103.9708
407500,,,0.0141,-1163.723,10.5345,0.0141,15.526,1014.1188,14.5476,,,
408000,,,0.0154,-1172.0542,8.3202,0.0154,13.5362,1383.7386,6.7886,,,
408000,,,,,,,,,,1000,11560.4576,102.239
408500,,,0.0131,-1165.585,8.0985,0.0131,14.451,1229.6406,7.3723,,,
409000,,,0.013,-1164.7816,8.1705,0.013,13.7377,782.6523,12.4526,,,
409000,,,,,,,,,,1000,11514.6301,101.8072
409500,,,0.014,-1164.5297,11.3342,0.014,15.6574,1522.1703,12.5543,,,
410000,,,0.0153,-1163.0481,12.537,0.0153,13.6067,1821.6719,12.5622,,,
410000,12114.6762,1000.0,,,,,,,,,,
410000,,,,,,,,,,1000,9569.2011,88.8957
410500,,,0.0138,-1152.0311,11.4425,0.0138,16.3342,1826.2098,9.4989,,,
411000,,,0.0145,-1169.7197,14.2401,0.0145,14.2485,942.7789,12.5878,,,
411000,,,,,,,,,,1000,11267.3524,104.838
411500,,,0.0136,-1165.6519,12.7004,0.0136,16.8403,1030.9597,8.998,,,
412000,,,0.0144,-1161.8721,13.8669,0.0144,15.0032,1301.1605,12.1217,,,
412000,,,,,,,,,,1000,9368.9147,102.1089
412500,,,0.0153,-1162.6812,21.8162,0.0153,17.1919,2167.8025,22.8113,,,
413000,,,0.0136,-1172.1912,11.921,0.0136,14.8922,1658.3373,13.5464,,,
413000,,,,,,,,,,1000,11344.4002,101.7039
413500,,,0.0139,-1156.3275,17.3369,0.0139,17.2352,1904.7805,11.3625,,,
414000,,,0.0156,-1162.8617,8.0075,0.0156,18.4649,2264.7937,15.2745,,,
414000,,,,,,,,,,1000,11519.5159,104.114
414500,,,0.0135,-1167.3115,9.618,0.0135,15.1849,1272.0303,6.532,,,
415000,,,0.0151,-1168.7316,6.5738,0.0151,13.2965,1093.5386,11.1031,,,
415000,12037.6056,1000.0,,,,,,,,,,
415000,,,,,,,,,,1000,11239.6116,90.9248
415500,,,0.0143,-1171.4917,22.0035,0.0143,13.4062,746.8994,20.7246,,,
416000,,,0.0124,-1166.4375,16.5707,0.0124,16.6588,1092.8047,14.2064,,,
416000,,,,,,,,,,1000,11664.2802,102.489
416500,,,0.013,-1166.1167,7.9836,0.013,17.6985,736.8658,14.4101,,,
417000,,,0.013,-1171.1494,13.0524,0.013,14.7641,1605.38,14.4591,,,
417000,,,,,,,,,,1000,10073.6117,104.4271
417500,,,0.0125,-1170.2482,11.3932,0.0125,15.3686,766.8975,14.8061,,,
418000,,,0.0133,-1162.9617,7.4197,0.0133,15.336,2547.512,9.6674,,,
418000,,,,,,,,,,1000,11638.8353,102.6023
418500,,,0.0171,-1164.4724,6.6155,0.0171,14.7539,850.6473,12.9681,,,
419000,,,0.0136,-1168.1683,9.7011,0.0136,16.3981,1750.4625,6.4475,,,
419000,,,,,,,,,,1000,11450.4356,103.3478
419500,,,0.0146,-1167.1549,10.0935,0.0146,11.9386,1578.5239,11.4315,,,
420000,,,0.0148,-1166.3969,8.6349,0.0148,17.2777,2462.4338,15.478,,,
420000,12132.9643,1000.0,,,,,,,,,,
420000,,,,,,,,,,1000,11363.1421,89.0666
420500,,,0.0153,-1171.2576,16.296,0.0153,15.5668,1433.6239,12.7311,,,
421000,,,0.0122,-1176.3168,15.4003,0.0122,15.4852,1210.7153,17.4764,,,
421000,,,,,,,,,,1000,11658.4155,105.7526
421500,,,0.0125,-1172.2172,10.1102,0.0125,13.2144,549.4553,7.3497,,,
422000,,,0.0139,-1175.7087,6.0031,0.0139,15.0895,1030.1051,15.6125,,,
422000,,,,,,,,,,1000,11255.2686,105.2198
422500,,,0.0131,-1169.1975,14.4014,0.0131,15.6365,1450.8903,8.1335,,,
423000,,,0.0159,-1173.3824,8.0044,0.0159,15.1472,1728.8354,15.7585,,,
423000,,,,,,,,,,1000,11623.67,102.6199
423500,,,0.0139,-1182.4133,8.5418,0.0139,17.721,2167.7227,11.1441,,,
424000,,,0.0154,-1174.8627,5.9917,0.0154,15.2608,1645.4305,7.4458,,,
424000,,,,,,,,,,1000,11166.2187,104.2304
424500,,,0.0136,-1179.9102,11.391,0.0136,12.2549,1579.4337,16.0798,,,
425000,,,0.0134,-1173.5078,17.3121,0.0134,13.3493,1320.7013,13.31,,,
425000,10989.708,1000.0,,,,,,,,,,
425000,,,,,,,,,,1000,11257.0176,89.2518
425500,,,0.0142,-1182.0247,9.6206,0.0142,10.7391,574.8483,12.0791,,,
426000,,,0.0134,-1179.1807,13.0682,0.0134,12.4698,735.7253,10.3481,,,
426000,,,,,,,,,,1000,10285.2723,103.6328
426500,,,0.0119,-1172.368,8.8877,0.0119,13.6911,2481.5437,14.9127,,,
427000,,,0.0156,-1172.6243,10.4115,0.0156,14.378,1419.5024,16.3484,,,
427000,,,,,,,,,,1000,11629.122,101.9135
427500,,,0.0161,-1174.9393,18.1249,0.0161,14.7095,909.3998,27.3473,,,
428000,,,0.0138,-1175.9802,7.3162,0.0138,12.7674,576.0964,8.7658,,,
428000,,,,,,,,,,1000,11099.3685,101.7504
428500,,,0.0154,-1171.3641,10.4542,0.0154,12.8685,943.4556,14.8011,,,
429000,,,0.0155,-1176.5902,12.7867,0.0155,13.1697,1119.2499,12.6595,,,
429000,,,,,,,,,,1000,11445.3195,104.3551
429500,,,0.0153,-1172.5675,12.8813,0.0153,15.1074,1302.0656,19.3998,,,
430000,,,0.0136,-1177.2225,8.4819,0.0136,12.8591,1531.2777,18.7525,,,
430000,11558.6068,1000.0,,,,,,,,,,
430000,,,,,,,,,,1000,11216.2049,90.1883
430500,,,0.0132,-1172.1133,8.0606,0.0132,14.367,1650.1766,11.9162,,,
431000,,,0.0126,-1179.326,7.6398,0.0126,13.4017,1723.1511,11.3346,,,
431000,,,,,,,,,,1000,11292.3233,104.5058
431500,,,0.0136,-1181.7253,6.6773,0.0136,14.6028,1675.3324,15.2586,,,
432000,,,0.0143,-1178.4846,7.6275,0.0143,15.2357,1132.5563,15.2558,,,
432000,,,,,,,,,,1000,11471.4787,103.6391
432500,,,0.0146,-1178.4526,11.1261,0.0146,14.6333,668.4016,9.6648,,,
433000,,,0.0147,-1180.5303,10.6543,0.0147,16.3122,2008.3529,12.9603,,,
433000,,,,,,,,,,1000,10730.6138,104.4622
433500,,,0.0162,-1180.1628,11.2272,0.0162,13.4554,1875.7302,19.0041,,,
434000,,,0.015,-1176.3521,11.7898,0.015,16.5736,1331.319,8.0529,,,
434000,,,,,,,,,,1000,11481.5219,103.8649
434500,,,0.0152,-1172.6732,9.9065,0.0152,14.7943,1996.7139,13.4826,,,
435000,,,0.0149,-1174.3353,12.2565,0.0149,13.4252,1088.4121,11.1937,,,
435000,12047.1655,1000.0,,,,,,,,,,
435000,,,,,,,,,,1000,11801.817,90.6727
435500,,,0.0133,-1179.0122,16.072,0.0133,14.7837,1175.5325,15.3479,,,
436000,,,0.0134,-1174.8243,9.1695,0.0134,13.8942,2221.0652,9.6146,,,
436000,,,,,,,,,,1000,10999.4526,104.0826
436500,,,0.0137,-1174.9337,11.0547,0.0137,13.842,1510.4716,23.2417,,,
437000,,,0.0142,-1185.0273,16.2101,0.0142,14.3548,755.0193,9.4317,,,
437000,,,,,,,,,,1000,11680.4287,105.8879
437500,,,0.0136,-1178.9968,6.5967,0.0136,12.6544,929.2181,12.8945,,,
438000,,,0.0142,-1188.0835,21.5738,0.0142,14.4425,2000.8142,31.3577,,,
438000,,,,,,,,,,1000,11767.8082,104.9704
438500,,,0.0143,-1188.1696,10.9589,0.0143,13.0736,770.0118,16.6558,,,
439000,,,0.0139,-1182.5664,13.0159,0.0139,14.7939,1493.9838,14.7906,,,
439000,,,,,,,,,,1000,11449.7154,101.6219
439500,,,0.0137,-1180.3356,6.9098,0.0137,12.8367,780.9782,8.7337,,,
440000,,,0.014,-1189.0013,16.7372,0.014,15.4956,2041.7936,16.887,,,
440000,12138.6048,1000.0,,,,,,,,,,
440000,,,,,,,,,,1000,11331.2917,89.4575
440500,,,0.0139,-1180.3844,7.3228,0.0139,13.8382,1011.5826,9.2909,,,
441000,,,0.0159,-1186.7719,18.2378,0.0159,13.9895,1192.09,16.9264,,,
441000,,,,,,,,,,1000,11726.294,104.2961
441500,,,0.0125,-1190.6959,6.8637,0.0125,11.7555,719.5541,11.5426,,,
442000,,,0.0155,-1185.7371,12.7518,0.0155,17.0697,2175.2927,15.5869,,,
442000,,,,,,,,,,1000,11361.8911,105.6029
442500,,,0.0143,-1179.868,10.991,0.0143,14.3552,1549.0402,11.3723,,,
443000,,,0.0149,-1189.5957,6.9354,0.0149,15.2421,862.9937,7.23,,,
443000,,,,,,,,,,1000,9764.1883,106.1852
443500,,,0.0155,-1188.9464,11.801,0.0155,13.8385,942.5184,15.1027,,,
444000,,,0.0145,-1185.7928,5.7559,0.0145,12.8771,1788.4724,8.0836,,,
444000,,,,,,,,,,1000,11481.6829,105.6551
444500,,,0.0128,-1187.8469,16.6311,0.0128,14.3178,929.9099,9.226,,,
445000,,,0.0159,-1184.7096,18.4792,0.0159,15.6778,1073.0542,13.7365,,,
445000,11845.5289,1000.0,,,,,,,,,,
445000,,,,,,,,,,1000,11483.1619,89.7263
445500,,,0.0142,-1187.3187,10.1638,0.0142,15.5954,1916.235,17.8255,,,
446000,,,0.0139,-1190.3113,10.6251,0.0139,20.3482,2101.4951,8.9224,,,
446000,,,,,,,,,,1000,11593.4319,103.8149
446500,,,0.0144,-1194.6697,13.485,0.0144,15.9686,1289.4054,6.5453,,,
447000,,,0.0146,-1186.9076,11.9562,0.0146,15.8617,1187.6631,10.8425,,,
447000,,,,,,,,,,1000,11551.5062,105.5902
447500,,,0.0142,-1188.939,11.9339,0.0142,13.3437,2049.7024,17.2914,,,
448000,,,0.0119,-1195.2781,10.1789,0.0119,12.1574,616.623,9.7143,,,
448000,,,,,,,,,,1000,11808.6698,104.0896
448500,,,0.0143,-1193.3978,15.6104,0.0143,12.9332,754.4065,10.4618,,,
449000,,,0.0139,-1189.1492,15.1462,0.0139,12.0089,1039.2576,16.4528,,,
449000,,,,,,,,,,1000,11102.7186,102.9602
449500,,,0.0156,-1193.7646,9.057,0.0156,13.2992,984.276,11.9301,,,
450000,,,0.0127,-1187.193,7.2385,0.0127,12.8321,1180.0237,5.263,,,
450000,12067.211,1000.0,,,,,,,,,,
450000,,,,,,,,,,1000,11333.8358,89.0286
450500,,,0.0149,-1195.0885,18.596,0.0149,14.4211,1501.3289,28.3922,,,
451000,,,0.0133,-1195.0403,12.4462,0.0133,13.3487,843.9521,10.716,,,
451000,,,,,,,,,,1000,11078.6345,103.2178
451500,,,0.013,-1194.271,8.7794,0.013,15.905,1296.9132,10.2503,,,
452000,,,0.014,-1191.6703,13.8319,0.014,12.7089,567.0857,10.6579,,,
452000,,,,,,,,,,1000,10783.2749,103.4141
452500,,,0.0155,-1198.4609,9.0977,0.0155,13.3632,1546.7515,9.7606,,,
453000,,,0.0126,-1190.447,14.5611,0.0126,15.748,1514.8625,11.0525,,,
453000,,,,,,,,,,1000,11752.4929,104.5145
453500,,,0.0155,-1195.0282,6.8529,0.0155,16.2733,1282.8,12.0523,,,
454000,,,0.014,-1190.559,22.666,0.014,16.5325,1709.9431,14.938,,,
454000,,,,,,,,,,1000,11359.6783,104.5979
454500,,,0.0146,-1198.4664,10.1453,0.0146,16.2915,1400.8931,15.9722,,,
455000,,,0.015,-1195.8378,5.9354,0.015,11.3352,769.6896,17.2834,,,
455000,11880.9595,1000.0,,,,,,,,,,
455000,,,,,,,,,,1000,11359.2307,88.9637
455500,,,0.0145,-1194.2979,8.4899,0.0145,14.5152,1565.3145,9.4269,,,
456000,,,0.0144,-1199.0231,16.6016,0.0144,14.7251,994.2993,12.1626,,,
456000,,,,,,,,,,1000,10615.9267,101.2864
456500,,,0.0159,-1190.1766,7.4337,0.0159,15.56,1874.9139,12.7688,,,
457000,,,0.0156,-1191.9498,8.0874,0.0156,16.3478,2008.005,13.9041,,,
457000,,,,,,,,,,1000,11719.853,103.9902
457500,,,0.0141,-1204.4192,8.8923,0.0141,13.0108,933.5654,13.6631,,,
458000,,,0.0132,-1195.168,9.1303,0.0132,14.5845,781.265,12.6046,,,
458000,,,,,,,,,,1000,11893.6964,102.1284
458500,,,0.0158,-1192.5511,13.2945,0.0158,17.3756,1702.8159,25.3989,,,
459000,,,0.0134,-1193.2931,12.529,0.0134,13.614,735.9089,8.5861,,,
459000,,,,,,,,,,1000,11083.5697,104.1124
459500,,,0.0145,-1197.3645,10.7849,0.0145,16.4324,851.9923,10.4943,,,
460000,,,0.0136,-1192.783,9.8612,0.0136,16.8537,1241.0514,12.2769,,,
460000,12286.2848,1000.0,,,,,,,,,,
460000,,,,,,,,,,1000,9898.1962,88.9595
460500,,,0.0151,-1192.8112,9.0024,0.0151,15.1531,1795.3671,9.0694,,,
461000,,,0.0145,-1187.1992,10.5255,0.0145,14.4709,597.8121,12.7384,,,
461000,,,,,,,,,,1000,11828.1599,103.5533
461500,,,0.0141,-1193.118,15.3161,0.0141,16.601,1781.0042,24.3348,,,
462000,,,0.0155,-1196.3156,14.4506,0.0155,14.1312,1570.6836,14.9588,,,
462000,,,,,,,,,,1000,11178.646,105.1188
462500,,,0.0149,-1194.2148,19.0839,0.0149,15.4337,1337.6064,20.0426,,,
463000,,,0.0156,-1198.2356,11.7201,0.0156,22.7679,4392.7925,16.1493,,,
463000,,,,,,,,,,1000,11559.6203,105.5035
463500,,,0.016,-1187.7136,8.8286,0.016,16.1065,1149.9268,14.8597,,,
464000,,,0.0147,-1197.3101,11.1746,0.0147,13.2861,1096.6421,12.1746,,,
464000,,,,,,,,,,1000,11029.2128,105.2543
464500,,,0.0159,-1187.2554,11.4441,0.0159,14.5987,1113.5847,14.1836,,,
465000,,,0.0155,-1199.5913,10.075,0.0155,16.1236,1587.5254,12.5336,,,
465000,11960.08,1000.0,,,,,,,,,,
465000,,,,,,,,,,1000,11095.8084,91.2595
465500,,,0.0182,-1192.4996,16.6602,0.0182,15.4498,986.8875,17.3787,,,
466000,,,0.0155,-1200.7421,10.9946,0.0155,14.6241,1489.3213,13.3785,,,
466000,,,,,,,,,,1000,11674.3503,105.723
466500,,,0.0158,-1190.0323,9.6575,0.0158,12.9014,1284.3387,7.9773,,,
467000,,,0.0137,-1196.0941,14.9935,0.0137,14.5218,817.9475,18.3145,,,
467000,,,,,,,,,,1000,11720.3051,105.5423
467500,,,0.017,-1194.1631,9.0873,0.017,21.4123,894.6856,11.4004,,,
468000,,,0.0147,-1193.5673,11.1467,0.0147,16.5549,869.4716,19.6302,,,
468000,,,,,,,,,,1000,11565.2517,104.295
468500,,,0.0152,-1203.145,8.1942,0.0152,15.9381,1321.2253,5.7517,,,
469000,,,0.0148,-1200.9531,12.0283,0.0148,13.6838,1068.0942,9.2918,,,
469000,,,,,,,,,,1000,11786.1569,101.7335
469500,,,0.0156,-1195.8983,8.4864,0.0156,15.8386,1373.7932,12.0209,,,
470000,,,0.0143,-1200.5776,12.7796,0.0143,14.7055,853.1131,10.2861,,,
470000,11485.6875,1000.0,,,,,,,,,,
470000,,,,,,,,,,1000,11428.0527,89.4065
470500,,,0.0143,-1202.5145,8.5892,0.0143,20.7372,3714.3042,7.8372,,,
471000,,,0.0166,-1203.1024,19.2145,0.0166,15.1379,1368.5331,16.849,,,
471000,,,,,,,,,,1000,11493.8451,102.4562
471500,,,0.0158,-1207.9906,9.9794,0.0158,14.729,891.7598,7.7548,,,
472000,,,0.0148,-1206.7235,7.8546,0.0148,13.3355,881.5298,7.4542,,,
472000,,,,,,,,,,1000,10605.8923,102.9482
472500,,,0.0157,-1198.2112,10.5164,0.0157,14.2514,1338.499,19.1076,,,
473000,,,0.0148,-1198.9435,9.8473,0.0148,14.4537,1422.9255,9.8913,,,
473000,,,,,,,,,,1000,11631.098,104.2458
473500,,,0.016,-1205.968,14.0346,0.016,14.9322,1613.1514,11.746,,,
474000,,,0.0156,-1208.8195,9.7417,0.0156,17.1756,2106.7192,12.032,,,
474000,,,,,,,,,,1000,11932.7291,101.7281
474500,,,0.0159,-1203.4657,7.4162,0.0159,16.091,2164.3181,15.6823,,,
475000,,,0.0167,-1187.1716,16.2831,0.0167,15.0008,1644.7632,25.493,,,
475000,10427.3322,1000.0,,,,,,,,,,
475000,,,,,,,,,,1000,3875.2608,88.7692
475500,,,0.0146,-1205.2637,8.6088,0.0146,15.897,1208.6649,5.9666,,,
476000,,,0.0161,-1199.5088,9.2427,0.0161,15.0154,1809.884,16.5518,,,
476000,,,,,,,,,,1000,11634.1662,105.3743
476500,,,0.0149,-1205.5374,16.7829,0.0149,15.8331,1142.0809,13.6672,,,
477000,,,0.0151,-1201.2548,16.5005,0.0151,16.5695,1807.1758,8.7505,,,
477000,,,,,,,,,,1000,11768.0846,101.6995
477500,,,0.0144,-1193.7045,15.0829,0.0144,15.5344,1694.7092,7.6757,,,
478000,,,0.0148,-1206.0409,8.7065,0.0148,14.0967,1471.1703,10.2549,,,
478000,,,,,,,,,,1000,11890.1415,102.8581
478500,,,0.0157,-1204.6907,9.3131,0.0157,17.1006,2457.7998,10.4347,,,
479000,,,0.0166,-1205.5238,11.275,0.0166,15.4271,886.6233,6.6512,,,
479000,,,,,,,,,,1000,11960.3699,104.1357
479500,,,0.0153,-1206.7625,10.4406,0.0153,16.9538,1605.5295,16.8644,,,
480000,,,0.0147,-1210.4822,9.281,0.0147,18.9691,1372.5532,13.9554,,,
480000,12081.8033,1000.0,,,,,,,,,,
480000,,,,,,,,,,1000,10052.0366,91.2427
480500,,,0.0139,-1207.0275,14.5937,0.0139,19.3806,1307.6747,11.1856,,,
481000,,,0.0165,-1207.2601,10.2309,0.0165,16.2195,985.3867,14.6665,,,
481000,,,,,,,,,,1000,11559.126,102.5407
481500,,,0.0146,-1203.2323,16.3957,0.0146,15.2218,1552.5466,20.7918,,,
482000,,,0.0139,-1206.8188,8.6832,0.0139,16.343,1314.755,7.9294,,,
482000,,,,,,,,,,1000,11771.8006,101.8975
482500,,,0.0147,-1211.7506,12.41,0.0147,12.6867,1485.739,16.7576,,,
483000,,,0.0147,-1198.1925,16.6292,0.0147,17.9598,841.5468,10.016,,,
483000,,,,,,,,,,1000,6387.121,101.9362
483500,,,0.0151,-1197.8087,7.3106,0.0151,15.5872,1430.4121,10.3986,,,
484000,,,0.0151,-1206.5074,10.7958,0.0151,15.733,1521.1705,9.3588,,,
484000,,,,,,,,,,1000,11619.5217,102.9204
484500,,,0.0166,-1203.9923,13.3271,0.0166,13.997,782.228,11.6671,,,
485000,,,0.0138,-1202.5811,20.0968,0.0138,13.6634,1284.4255,8.4467,,,
485000,11635.7026,1000.0,,,,,,,,,,
485000,,,,,,,,,,1000,11549.9829,90.3623
485500,,,0.0148,-1212.0861,10.4174,0.0148,13.2954,848.7319,11.5241,,,
486000,,,0.0138,-1206.3816,10.4544,0.0138,17.1149,1907.35,7.8867,,,
486000,,,,,,,,,,1000,11625.5298,103.9551
486500,,,0.0147,-1210.6687,14.5238,0.0147,13.7323,843.1948,11.536,,,
487000,,,0.0143,-1204.5669,11.0163,0.0143,15.073,1232.5193,23.3492,,,
487000,,,,,,,,,,1000,10638.0038,102.0819
487500,,,0.0147,-1206.062,14.4709,0.0147,15.3288,1111.8658,15.5437,,,
488000,,,0.0154,-1210.3232,15.1786,0.0154,15.8883,2062.5481,24.4791,,,
488000,,,,,,,,,,1000,11522.0064,104.3537
488500,,,0.0157,-1213.9093,9.9531,0.0157,14.3541,1125.818,10.1498,,,
489000,,,0.0136,-1209.1815,9.3981,0.0136,18.9433,1381.8885,11.8626,,,
489000,,,,,,,,,,1000,11137.763,105.1069
489500,,,0.0142,-1211.5828,13.9868,0.0142,12.4609,638.7255,5.8093,,,
490000,,,0.0145,-1208.1527,17.0483,0.0145,20.4459,1308.0905,17.1313,,,
490000,12401.143,1000.0,,,,,,,,,,
490000,,,,,,,,,,1000,11483.9689,89.4661
490500,,,0.0153,-1209.3729,8.2689,0.0153,16.1735,1872.9384,12.1015,,,
491000,,,0.0148,-1212.1125,9.0778,0.0148,13.6335,912.2217,12.308,,,
491000,,,,,,,,,,1000,11313.0281,104.2543
491500,,,0.0163,-1218.9146,8.6682,0.0163,13.5491,929.9516,11.1186,,,
492000,,,0.0148,-1216.8904,10.5161,0.0148,13.6696,931.4803,6.7322,,,
492000,,,,,,,,,,1000,11677.0574,102.9291
492500,,,0.0135,-1214.4164,14.0581,0.0135,18.1905,2009.2506,8.0187,,,
493000,,,0.0158,-1222.8892,11.6529,0.0158,13.933,919.1127,11.0251,,,
493000,,,,,,,,,,1000,11259.5954,101.8867
493500,,,0.0135,-1218.2906,21.8782,0.0135,17.8506,936.8843,20.188,,,
494000,,,0.0136,-1218.1654,12.9365,0.0136,14.3454,1034.4363,11.6621,,,
494000,,,,,,,,,,1000,10220.1484,102.4963
494500,,,0.0142,-1226.1803,8.876,0.0142,16.5647,1442.3523,17.1834,,,
495000,,,0.0148,-1219.196,7.9715,0.0148,16.1257,989.8301,10.7853,,,
495000,12070.1796,1000.0,,,,,,,,,,
495000,,,,,,,,,,1000,10852.7678,91.2667
