env_steps,return,length,alm_loss,model_grad_norm,aux_loss,wass_critic_loss,critic_loss,critic_grad_norm,actor_grad_norm,train/length,train/return,FPS
0,-0.5969,1000.0,,,,,,,,,,
500,,,-0.4304,0.9507,0.0186,-0.1076,0.2164,0.8905,0.2602,,,
1000,,,-1.1425,0.7019,0.0114,-0.0916,0.3499,1.4761,0.204,,,
1000,,,,,,,,,,1000,-283.6569,22.9233
1500,,,-2.2414,1.7083,0.0138,-0.0968,0.5871,4.1041,0.603,,,
2000,,,-3.709,1.929,0.0102,-0.0859,0.6605,7.4314,0.5844,,,
2000,,,,,,,,,,1000,-250.3976,36.7323
2500,,,-5.8881,3.1473,0.014,-0.104,0.7606,8.4837,0.6275,,,
3000,,,-8.5958,3.595,0.0166,-0.1104,0.9146,12.4734,0.9318,,,
3000,,,,,,,,,,1000,-171.1884,32.6211
3500,,,-11.2074,4.7553,0.0137,-0.1005,1.0634,10.7414,0.9161,,,
4000,,,-13.6824,3.4572,0.0164,-0.1044,1.2909,19.5695,0.738,,,
4000,,,,,,,,,,1000,-57.0497,28.8469
4500,,,-15.8807,3.6506,0.0144,-0.1019,1.4092,12.9809,1.0431,,,
5000,,,-18.847,4.1395,0.0147,-0.1032,1.4918,15.188,0.7957,,,
5000,-121.4665,1000.0,,,,,,,,,,
5000,,,,,,,,,,1000,-13.9313,28.2027
5500,,,-21.4015,3.3829,0.0136,-0.102,1.3167,22.8534,0.8324,,,
6000,,,-22.973,4.0561,0.0127,-0.0955,1.706,16.2471,0.9711,,,
6000,,,,,,,,,,1000,-210.55,36.6182
6500,,,-27.0858,5.5622,0.0171,-0.1061,1.7413,35.7632,1.3241,,,
7000,,,-30.7815,4.3612,0.0138,-0.0996,2.0871,52.4315,1.3042,,,
7000,,,,,,,,,,1000,-11.0946,35.8491
7500,,,-34.7867,5.3285,0.0161,-0.1045,1.8705,19.0387,1.8039,,,
8000,,,-38.0999,4.386,0.0144,-0.1011,1.9529,18.3808,1.2852,,,
8000,,,,,,,,,,1000,28.5655,36.5245
8500,,,-41.3192,5.9573,0.0152,-0.1027,1.8048,23.9045,1.7708,,,
9000,,,-43.0496,4.5599,0.0121,-0.0917,1.7644,38.3372,3.3049,,,
9000,,,,,,,,,,1000,340.9737,36.5375
9500,,,-44.8197,5.1683,0.0126,-0.0952,1.485,31.3969,1.2676,,,
10000,,,-45.3199,5.7607,0.0139,-0.1,1.6387,41.1274,1.2618,,,
10000,1446.2447,1000.0,,,,,,,,,,
10000,,,,,,,,,,1000,-351.3151,31.6274
10500,,,-46.9293,4.9401,0.0128,-0.0946,1.4743,25.5181,1.7913,,,
11000,,,-49.5321,4.6124,0.0122,-0.0916,1.4208,23.9476,1.9272,,,
11000,,,,,,,,,,1000,744.5745,36.5622
11500,,,-50.2807,4.558,0.0128,-0.0926,1.4306,33.2454,1.8787,,,
12000,,,-51.9277,5.3061,0.0099,-0.0842,1.4026,37.4676,1.4189,,,
12000,,,,,,,,,,1000,-122.7826,36.6211
12500,,,-52.488,4.1364,0.011,-0.0868,1.1023,18.4773,1.8943,,,
13000,,,-52.5186,4.5496,0.0095,-0.0802,1.1625,35.0292,1.824,,,
13000,,,,,,,,,,1000,-270.4907,36.7628
13500,,,-54.163,3.8699,0.0103,-0.0816,1.1105,28.1342,1.3921,,,
14000,,,-55.4108,3.8454,0.0097,-0.0797,1.1923,25.1128,1.6634,,,
14000,,,,,,,,,,1000,502.4193,36.5838
14500,,,-55.5952,3.562,0.0085,-0.075,1.0502,20.5621,1.5088,,,
15000,,,-55.4981,4.0853,0.0074,-0.0686,0.9525,24.156,1.9422,,,
15000,1551.032,1000.0,,,,,,,,,,
15000,,,,,,,,,,1000,-213.9393,32.0485
15500,,,-56.1456,4.031,0.0068,-0.0657,1.1146,43.561,1.467,,,
16000,,,-55.476,3.7738,0.0059,-0.0606,1.0816,38.3637,1.5227,,,
16000,,,,,,,,,,1000,244.0479,36.8918
16500,,,-60.0031,3.7904,0.0069,-0.0648,1.2821,34.7086,1.2135,,,
17000,,,-62.1753,3.2476,0.0065,-0.0632,1.2717,39.4333,1.78,,,
17000,,,,,,,,,,1000,610.8655,36.6981
17500,,,-65.6069,3.6186,0.0066,-0.0652,1.4963,29.8113,1.9882,,,
18000,,,-62.3923,3.7625,0.0071,-0.0673,1.2943,22.1652,1.609,,,
18000,,,,,,,,,,1000,277.6169,36.3841
18500,,,-63.9296,4.0469,0.0062,-0.062,1.9951,39.8755,2.3595,,,
19000,,,-64.8251,3.8566,0.0057,-0.0603,1.4532,42.523,1.9175,,,
19000,,,,,,,,,,1000,394.1715,36.4264
19500,,,-67.5534,3.8622,0.006,-0.0626,1.6498,46.663,1.7385,,,
20000,,,-68.5058,4.6211,0.0058,-0.0582,1.554,91.6944,2.5017,,,
20000,2126.5963,1000.0,,,,,,,,,,
20000,,,,,,,,,,1000,788.1014,31.6763
20500,,,-69.7212,3.3439,0.0055,-0.059,1.7644,62.3089,1.8152,,,
21000,,,-73.9499,4.4917,0.005,-0.0568,1.7206,57.2292,2.0761,,,
21000,,,,,,,,,,1000,270.9498,32.3845
21500,,,-74.4709,3.9465,0.0049,-0.0542,1.6576,40.2141,2.4423,,,
22000,,,-74.396,4.554,0.0049,-0.0539,2.0115,58.1905,1.915,,,
22000,,,,,,,,,,1000,409.9827,33.6565
22500,,,-79.079,3.8785,0.0055,-0.0585,1.7184,48.9214,1.8126,,,
23000,,,-79.7866,4.1273,0.0054,-0.0562,2.4935,59.2379,2.2022,,,
23000,,,,,,,,,,1000,802.9555,35.9779
23500,,,-84.1108,3.7209,0.0059,-0.057,2.1566,87.2121,1.6206,,,
24000,,,-89.0728,3.6498,0.0051,-0.055,2.0118,69.617,1.6706,,,
24000,,,,,,,,,,1000,676.1734,35.828
24500,,,-88.9149,4.7139,0.0043,-0.0536,2.6092,58.0182,2.2178,,,
25000,,,-88.5421,3.9448,0.0052,-0.0535,2.0625,55.317,1.6142,,,
25000,2340.7743,1000.0,,,,,,,,,,
25000,,,,,,,,,,1000,749.3743,31.2851
25500,,,-91.2152,4.1186,0.0046,-0.0528,2.4835,55.1766,2.0247,,,
26000,,,-92.1061,5.7835,0.0051,-0.0477,2.2597,104.8463,2.1936,,,
26000,,,,,,,,,,1000,92.4869,30.2397
26500,,,-91.2001,5.2599,0.0045,-0.0535,2.5166,70.2957,2.2644,,,
27000,,,-92.7838,4.679,0.0042,-0.0504,2.1486,59.0423,1.9904,,,
27000,,,,,,,,,,1000,153.7021,36.1478
27500,,,-97.5505,4.5468,0.0044,-0.0522,3.0786,84.978,3.2716,,,
28000,,,-101.7105,4.2691,0.0039,-0.0485,2.8146,99.3908,2.6231,,,
28000,,,,,,,,,,1000,1099.7332,36.7114
28500,,,-100.8823,3.8929,0.0039,-0.0488,2.8464,87.0946,2.2152,,,
29000,,,-101.7952,5.2844,0.004,-0.05,2.9511,84.8748,2.5338,,,
29000,,,,,,,,,,1000,431.1766,36.3628
29500,,,-106.9547,4.2863,0.0049,-0.0527,2.7986,66.8119,2.5233,,,
30000,,,-107.6137,5.2966,0.0044,-0.0529,4.6638,113.7819,2.2425,,,
30000,2144.5957,1000.0,,,,,,,,,,
30000,,,,,,,,,,1000,1138.5065,28.1335
30500,,,-110.1911,4.4877,0.004,-0.0493,5.3087,132.0275,2.1302,,,
31000,,,-107.8623,4.5868,0.0044,-0.0499,2.5025,65.1471,2.1547,,,
31000,,,,,,,,,,1000,245.9479,30.4803
31500,,,-112.4917,5.5161,0.0054,-0.0531,2.6697,93.3553,2.5524,,,
32000,,,-109.5815,4.4798,0.0039,-0.0493,3.0791,108.639,2.3038,,,
32000,,,,,,,,,,1000,527.2728,36.9446
32500,,,-111.7781,4.0992,0.0038,-0.0479,2.9764,113.0507,2.614,,,
33000,,,-110.4534,4.7077,0.0036,-0.0478,3.1462,122.7861,2.9822,,,
33000,,,,,,,,,,1000,286.7057,36.4493
33500,,,-113.922,4.8199,0.0039,-0.0476,3.4857,92.4732,2.1441,,,
34000,,,-113.5073,4.2858,0.004,-0.0496,3.1428,120.9027,2.3868,,,
34000,,,,,,,,,,1000,1361.4352,34.9325
34500,,,-120.6781,5.0909,0.0037,-0.0469,2.6189,105.8396,2.8209,,,
35000,,,-117.0709,6.0292,0.0046,-0.048,2.9495,92.913,3.6569,,,
35000,2124.4321,1000.0,,,,,,,,,,
35000,,,,,,,,,,1000,1096.1892,29.3033
35500,,,-122.1541,4.7564,0.0041,-0.0497,2.4654,72.8464,2.867,,,
36000,,,-124.7962,5.7282,0.004,-0.0489,3.006,98.1061,2.2019,,,
36000,,,,,,,,,,1000,621.101,35.6336
36500,,,-121.1804,4.4922,0.0037,-0.0467,3.9915,122.3943,1.8359,,,
37000,,,-119.6891,4.7861,0.0038,-0.0492,3.3668,140.0828,2.9855,,,
37000,,,,,,,,,,1000,262.4569,35.6647
37500,,,-121.3893,4.3957,0.0035,-0.0472,3.3024,72.4289,2.1591,,,
38000,,,-122.174,4.2027,0.0036,-0.0477,3.8734,171.8655,2.0004,,,
38000,,,,,,,,,,1000,363.5492,35.7399
38500,,,-123.0057,4.4315,0.0035,-0.0442,1.9999,80.3885,2.259,,,
39000,,,-126.4173,3.7569,0.0031,-0.0436,2.9392,96.0277,1.9204,,,
39000,,,,,,,,,,1000,1571.9379,33.2734
39500,,,-123.006,4.5283,0.0037,-0.0478,3.0909,87.8153,3.1448,,,
40000,,,-120.2766,4.3067,0.0037,-0.0481,2.8612,78.0709,2.8765,,,
40000,2724.3046,1000.0,,,,,,,,,,
40000,,,,,,,,,,1000,736.0524,30.8099
40500,,,-124.7198,3.6734,0.0032,-0.0443,3.7087,96.7167,3.1009,,,
41000,,,-127.0969,3.5877,0.0035,-0.0476,1.964,82.462,2.5568,,,
41000,,,,,,,,,,1000,1576.6317,33.7011
41500,,,-130.8622,3.2526,0.0036,-0.0464,2.3421,100.9154,2.1442,,,
42000,,,-132.5392,3.4945,0.004,-0.0497,2.3733,89.981,1.9935,,,
42000,,,,,,,,,,1000,1746.8918,34.5859
42500,,,-133.7979,4.0384,0.004,-0.0494,2.251,96.4564,2.1033,,,
43000,,,-133.7244,3.9645,0.0031,-0.0444,2.0955,78.4768,2.1707,,,
43000,,,,,,,,,,1000,1343.9895,36.5999
43500,,,-132.9698,4.0167,0.0035,-0.046,3.9019,114.9373,2.3918,,,
44000,,,-135.0576,3.7,0.0039,-0.0497,2.2959,99.5078,2.7288,,,
44000,,,,,,,,,,1000,1730.6653,36.4739
44500,,,-136.5495,3.7844,0.0034,-0.0446,2.4273,109.7385,3.0466,,,
45000,,,-140.0262,4.9778,0.0036,-0.0466,2.5825,121.9479,3.7265,,,
45000,2772.7078,1000.0,,,,,,,,,,
45000,,,,,,,,,,1000,1740.9988,31.0834
45500,,,-140.0235,4.7452,0.0038,-0.0469,2.6139,78.3581,2.7033,,,
46000,,,-140.103,4.2041,0.0036,-0.0469,2.2478,104.3968,1.8994,,,
46000,,,,,,,,,,1000,1901.6338,32.0067
46500,,,-145.8293,3.7403,0.0031,-0.0431,2.5997,74.8191,2.4203,,,
47000,,,-144.9548,3.8735,0.0029,-0.0406,2.0907,74.3282,2.4189,,,
47000,,,,,,,,,,1000,1919.9902,32.9047
47500,,,-149.3091,3.5767,0.0034,-0.0442,2.7234,83.9513,2.442,,,
48000,,,-147.4079,3.6212,0.0035,-0.0467,2.6419,71.5013,1.9232,,,
48000,,,,,,,,,,1000,1814.5378,35.3423
48500,,,-148.1726,3.5286,0.0033,-0.0457,2.7142,205.141,1.7939,,,
49000,,,-150.5343,3.9295,0.0034,-0.0452,2.4975,56.3279,3.2803,,,
49000,,,,,,,,,,1000,646.3069,35.5719
49500,,,-147.864,4.1554,0.003,-0.042,2.7614,102.2148,2.6969,,,
50000,,,-156.53,3.6815,0.0031,-0.0427,2.3549,82.8669,2.9571,,,
50000,3166.1212,1000.0,,,,,,,,,,
50000,,,,,,,,,,1000,1874.3663,30.9663
50500,,,-153.3937,5.5923,0.004,-0.0437,2.3852,106.377,3.7466,,,
51000,,,-152.3977,5.1344,0.0034,-0.0458,3.6351,143.6604,2.4934,,,
51000,,,,,,,,,,1000,1488.0402,33.3024
51500,,,-153.4942,4.1514,0.0027,-0.0408,2.2017,85.9708,2.0412,,,
52000,,,-158.0855,3.8727,0.0033,-0.044,2.2384,73.0081,2.2598,,,
52000,,,,,,,,,,1000,2004.1628,34.9765
52500,,,-154.4036,3.4844,0.0032,-0.0444,5.5731,99.1078,2.6008,,,
53000,,,-159.1068,3.9945,0.0034,-0.0461,3.4555,132.6495,2.3479,,,
53000,,,,,,,,,,1000,2293.6089,33.1488
53500,,,-160.1529,4.3422,0.0031,-0.0438,4.4696,138.187,3.2745,,,
54000,,,-153.5257,3.3335,0.0029,-0.0429,2.1475,77.7475,3.1174,,,
54000,,,,,,,,,,1000,2196.3576,36.0266
54500,,,-164.6832,3.1952,0.003,-0.0442,2.3379,76.8058,3.0109,,,
55000,,,-167.4953,4.0362,0.003,-0.0419,2.8066,106.9692,2.0619,,,
55000,3385.6993,1000.0,,,,,,,,,,
55000,,,,,,,,,,1000,2266.6417,31.0091
55500,,,-165.3119,4.2082,0.0034,-0.0452,2.3102,87.2789,3.7949,,,
56000,,,-165.3527,4.5807,0.004,-0.0468,2.1725,72.4767,2.8667,,,
56000,,,,,,,,,,1000,2287.6816,36.2914
56500,,,-165.9993,3.6549,0.0031,-0.0446,2.3508,80.9841,2.6428,,,
57000,,,-165.4443,3.2177,0.0036,-0.0464,2.4508,84.1058,2.0998,,,
57000,,,,,,,,,,1000,2501.1543,34.2638
57500,,,-171.9298,2.9844,0.0037,-0.0476,1.9681,69.0225,3.8876,,,
58000,,,-174.3463,3.6323,0.0036,-0.0459,2.1845,70.7103,3.4307,,,
58000,,,,,,,,,,1000,2432.3607,37.1056
58500,,,-174.5849,3.4551,0.0029,-0.0424,2.4874,126.9989,3.6443,,,
59000,,,-173.584,3.32,0.0032,-0.0438,2.0796,70.7006,3.4872,,,
59000,,,,,,,,,,1000,2526.7324,36.6546
59500,,,-171.4501,2.9422,0.0027,-0.042,1.8408,55.3423,2.1776,,,
60000,,,-173.4062,3.1769,0.0033,-0.045,2.3019,75.9964,2.1433,,,
60000,3677.4267,1000.0,,,,,,,,,,
60000,,,,,,,,,,1000,2529.1827,31.7214
60500,,,-184.1107,3.1993,0.0039,-0.0503,2.0863,57.117,2.8724,,,
61000,,,-181.5196,3.4094,0.0035,-0.0466,2.2141,108.9209,3.4181,,,
61000,,,,,,,,,,1000,2692.7351,30.8444
61500,,,-181.6857,3.7836,0.0037,-0.0488,2.266,75.3653,3.8172,,,
62000,,,-180.5414,3.4825,0.0029,-0.0431,2.3317,124.9081,2.8922,,,
62000,,,,,,,,,,1000,2655.6858,34.516
62500,,,-185.8219,3.6379,0.0031,-0.0404,2.3357,90.8689,2.2775,,,
63000,,,-183.266,3.1293,0.0029,-0.0426,2.185,119.3076,2.8563,,,
63000,,,,,,,,,,1000,2825.5824,36.7607
63500,,,-186.245,3.3614,0.0032,-0.0439,1.9296,56.7927,2.164,,,
64000,,,-190.1534,3.4693,0.0032,-0.0446,2.1575,97.7167,4.1428,,,
64000,,,,,,,,,,1000,2736.8967,36.1942
64500,,,-188.457,3.6887,0.0027,-0.0417,2.5297,64.8969,2.8499,,,
65000,,,-195.046,3.3977,0.0028,-0.0415,2.1176,99.2957,3.0664,,,
65000,3809.7845,1000.0,,,,,,,,,,
65000,,,,,,,,,,1000,3018.6951,31.6356
65500,,,-191.6402,3.6698,0.0035,-0.0457,2.3125,161.0325,3.4781,,,
66000,,,-187.1218,3.0105,0.0031,-0.045,2.0947,181.5589,2.5489,,,
66000,,,,,,,,,,1000,2840.5316,29.8862
66500,,,-193.9552,4.8011,0.003,-0.0429,2.1761,67.651,3.4026,,,
67000,,,-198.019,3.7175,0.0026,-0.0407,1.9515,106.349,4.0918,,,
67000,,,,,,,,,,1000,2939.9037,35.8165
67500,,,-202.1317,3.4946,0.003,-0.0437,2.7403,223.7332,2.9585,,,
68000,,,-203.951,3.5253,0.0029,-0.0429,2.3358,56.7342,3.3695,,,
68000,,,,,,,,,,1000,3048.1295,36.0773
68500,,,-201.2817,3.3361,0.0028,-0.0427,2.3441,110.8296,3.3589,,,
69000,,,-204.5375,3.6105,0.0033,-0.0458,2.2118,116.6062,3.4138,,,
69000,,,,,,,,,,1000,2940.7871,36.158
69500,,,-204.0578,2.9656,0.0028,-0.0424,2.2431,75.2418,3.6176,,,
70000,,,-201.1953,3.908,0.0028,-0.0423,2.2631,65.5208,3.4972,,,
70000,4006.4936,1000.0,,,,,,,,,,
70000,,,,,,,,,,1000,3125.3389,29.3398
70500,,,-207.1567,4.4136,0.0036,-0.048,2.2698,85.1732,3.2933,,,
71000,,,-208.3774,4.4953,0.0043,-0.0473,1.9236,80.4866,4.524,,,
71000,,,,,,,,,,1000,3277.5936,35.445
71500,,,-212.1911,3.1886,0.0026,-0.0393,2.3932,161.1158,3.5594,,,
72000,,,-212.0796,3.1204,0.0028,-0.0422,2.2742,117.0187,4.2483,,,
72000,,,,,,,,,,1000,3312.0287,33.5997
72500,,,-209.5022,3.2826,0.0024,-0.0379,2.3509,80.5926,2.9535,,,
73000,,,-218.9159,3.7997,0.003,-0.0439,2.4022,84.689,3.7809,,,
73000,,,,,,,,,,1000,3276.7233,33.8379
73500,,,-216.5725,3.5197,0.003,-0.044,2.2808,73.3746,5.1668,,,
74000,,,-218.6016,4.0181,0.0024,-0.0392,2.3912,82.1736,3.9017,,,
74000,,,,,,,,,,1000,3538.3759,33.8851
74500,,,-220.8477,3.8719,0.0026,-0.0413,2.071,89.3042,3.9227,,,
75000,,,-218.1446,3.4219,0.0028,-0.0412,2.234,97.0043,3.0723,,,
75000,4266.7725,1000.0,,,,,,,,,,
75000,,,,,,,,,,1000,3504.2316,29.3096
75500,,,-228.5238,3.3409,0.0027,-0.0388,2.5268,92.3476,2.7747,,,
76000,,,-228.5892,3.7416,0.0031,-0.0439,2.5373,71.8826,3.3663,,,
76000,,,,,,,,,,1000,3495.5678,36.2973
76500,,,-225.1052,2.9372,0.0026,-0.0403,2.5369,166.608,3.6674,,,
77000,,,-232.1438,2.9414,0.0027,-0.0414,2.4334,102.3053,3.7693,,,
77000,,,,,,,,,,1000,3772.3685,35.807
77500,,,-232.0275,3.5831,0.0029,-0.0422,2.4606,122.7401,3.5545,,,
78000,,,-231.342,4.1126,0.0028,-0.0406,2.888,110.4078,4.9781,,,
78000,,,,,,,,,,1000,3550.7981,36.437
78500,,,-236.0759,3.7688,0.0025,-0.0381,2.3868,184.232,3.3395,,,
79000,,,-239.3141,4.1602,0.0028,-0.0425,2.7491,138.6077,3.2903,,,
79000,,,,,,,,,,1000,3718.4154,36.5058
79500,,,-237.6494,3.3018,0.003,-0.0441,2.6975,217.3586,4.5061,,,
80000,,,-237.8682,4.6458,0.0031,-0.0446,2.124,68.4863,3.3741,,,
80000,4486.524,1000.0,,,,,,,,,,
80000,,,,,,,,,,1000,3772.8271,31.1441
80500,,,-243.1761,4.3689,0.0028,-0.0432,2.2002,91.0904,4.3198,,,
81000,,,-241.5446,3.6546,0.0029,-0.0423,2.8984,266.0751,5.1138,,,
81000,,,,,,,,,,1000,3776.4383,35.6674
81500,,,-250.983,3.0829,0.0025,-0.0385,2.3343,72.955,4.6225,,,
82000,,,-245.7766,3.455,0.0024,-0.0374,2.3023,76.2602,4.1012,,,
82000,,,,,,,,,,1000,4027.2725,35.5295
82500,,,-248.2791,3.2423,0.0026,-0.0404,2.6616,75.9205,3.6887,,,
83000,,,-247.7375,3.8769,0.0028,-0.0419,2.6697,147.4998,6.0502,,,
83000,,,,,,,,,,1000,3977.8574,35.0265
83500,,,-254.5976,3.9479,0.0025,-0.0393,2.2475,105.5439,4.2923,,,
84000,,,-253.9584,3.9107,0.0025,-0.0379,2.3517,87.3009,4.853,,,
84000,,,,,,,,,,1000,4146.9558,35.7626
84500,,,-256.1855,4.0226,0.0027,-0.0414,2.5245,83.7561,7.9097,,,
85000,,,-255.1607,3.3858,0.0027,-0.0413,2.4027,140.6973,2.7512,,,
85000,4743.0934,1000.0,,,,,,,,,,
85000,,,,,,,,,,1000,4216.1479,31.277
85500,,,-266.3903,3.3402,0.0024,-0.0381,3.0134,187.3716,4.1618,,,
86000,,,-260.3414,3.886,0.0025,-0.0399,2.5217,109.5065,4.7727,,,
86000,,,,,,,,,,1000,4210.8673,36.0606
86500,,,-267.1552,3.9922,0.0025,-0.04,6.0342,256.5064,3.707,,,
87000,,,-264.7862,4.0827,0.0027,-0.0415,2.6669,137.1472,3.5774,,,
87000,,,,,,,,,,1000,4347.9477,35.9156
87500,,,-271.9159,3.3445,0.0027,-0.0414,2.4492,104.0846,3.854,,,
88000,,,-267.1576,4.6095,0.0025,-0.0401,3.0631,112.2597,4.1684,,,
88000,,,,,,,,,,1000,4209.1451,32.9038
88500,,,-272.9528,3.7183,0.0025,-0.0388,2.7054,132.0211,5.0268,,,
89000,,,-270.1255,3.2476,0.0025,-0.0397,2.7984,84.6529,2.8891,,,
89000,,,,,,,,,,1000,4560.8938,36.1873
89500,,,-275.6523,4.9653,0.0024,-0.0388,2.9528,142.7847,4.8041,,,
90000,,,-271.6939,3.4208,0.0023,-0.0381,3.1551,155.4218,4.6232,,,
90000,4924.6503,1000.0,,,,,,,,,,
90000,,,,,,,,,,1000,4461.4675,30.9817
90500,,,-280.1578,3.7315,0.0026,-0.0416,2.861,142.5597,4.8838,,,
91000,,,-276.6859,3.5975,0.0028,-0.042,2.8408,200.2493,4.8617,,,
91000,,,,,,,,,,1000,4519.8078,35.7672
91500,,,-284.791,4.6212,0.0023,-0.038,2.696,106.4937,4.5148,,,
92000,,,-281.1656,4.6491,0.0023,-0.0383,2.6006,135.8125,6.6732,,,
92000,,,,,,,,,,1000,4668.9798,30.5875
92500,,,-287.2789,4.1869,0.0022,-0.0369,2.9225,144.5361,5.0627,,,
93000,,,-284.3354,5.0256,0.0023,-0.0378,3.0973,120.7229,7.0844,,,
93000,,,,,,,,,,1000,4740.1731,34.8984
93500,,,-293.7157,5.0185,0.0024,-0.0382,2.7484,110.0629,6.6134,,,
94000,,,-295.6717,4.1869,0.0025,-0.0388,2.6827,104.6536,4.4993,,,
94000,,,,,,,,,,1000,4710.4846,36.0729
94500,,,-297.9174,3.6146,0.0022,-0.0366,2.8807,90.5516,5.3032,,,
95000,,,-298.2384,4.4296,0.0027,-0.0407,3.0594,73.5,4.9615,,,
95000,5140.7209,1000.0,,,,,,,,,,
95000,,,,,,,,,,1000,4801.4399,31.3652
95500,,,-300.6283,3.9089,0.0027,-0.0405,2.577,128.5648,5.6319,,,
96000,,,-306.7704,5.2068,0.0022,-0.0359,3.6967,337.7476,7.7692,,,
96000,,,,,,,,,,1000,4930.2617,36.0223
96500,,,-300.1966,4.3704,0.0023,-0.0366,3.0374,196.2052,7.8523,,,
97000,,,-309.3941,5.1498,0.0024,-0.0383,2.9292,78.2292,3.3902,,,
97000,,,,,,,,,,1000,4882.1277,35.9541
97500,,,-306.1162,3.6804,0.0022,-0.0368,2.8397,129.4373,4.7713,,,
98000,,,-312.953,3.7624,0.0025,-0.0392,3.3418,107.5271,5.7161,,,
98000,,,,,,,,,,1000,4898.2127,36.683
98500,,,-314.977,3.6702,0.0023,-0.0381,3.2379,176.4898,6.1489,,,
99000,,,-313.7749,3.9494,0.002,-0.0351,3.1441,224.1028,3.456,,,
99000,,,,,,,,,,1000,5061.7195,35.8075
99500,,,-321.7755,4.8126,0.0022,-0.0366,2.9525,210.0526,6.9493,,,
100000,,,-317.37,4.5243,0.0025,-0.0396,3.1351,174.3936,7.9384,,,
100000,5296.3738,1000.0,,,,,,,,,,
100000,,,,,,,,,,1000,5153.3028,31.4112
100500,,,-322.1234,4.0751,0.0023,-0.0377,2.8525,144.41,4.014,,,
101000,,,-325.0895,4.2155,0.003,-0.0405,3.4179,256.3025,3.9882,,,
101000,,,,,,,,,,1000,5182.3896,28.1678
101500,,,-330.5146,4.5582,0.0021,-0.0358,2.8174,211.5412,7.5417,,,
102000,,,-333.2802,4.6281,0.0022,-0.0364,2.9041,92.7855,4.1133,,,
102000,,,,,,,,,,1000,5156.3748,34.051
102500,,,-335.8519,4.8788,0.002,-0.0352,2.8353,127.4111,4.7366,,,
103000,,,-339.5804,5.0402,0.0028,-0.0434,3.0053,155.0491,6.948,,,
103000,,,,,,,,,,1000,5268.2988,32.2139
103500,,,-342.8604,3.7488,0.0024,-0.0379,2.7872,143.5221,5.2252,,,
104000,,,-347.245,3.7741,0.0026,-0.0397,3.0312,151.9603,6.6878,,,
104000,,,,,,,,,,1000,5278.3176,36.1551
104500,,,-341.8569,3.775,0.0021,-0.0355,3.2026,226.5569,6.0722,,,
105000,,,-343.2726,4.0888,0.0022,-0.0377,3.0589,101.1585,6.1424,,,
105000,5525.9231,1000.0,,,,,,,,,,
105000,,,,,,,,,,1000,5292.902,30.7301
105500,,,-342.5796,5.5283,0.0023,-0.0382,3.0849,130.1592,9.6611,,,
106000,,,-351.4465,3.4389,0.0023,-0.0387,2.7066,112.0642,7.938,,,
106000,,,,,,,,,,1000,5273.233,35.414
106500,,,-358.5361,4.5782,0.0021,-0.0362,3.267,142.6213,5.2839,,,
107000,,,-353.143,5.7656,0.002,-0.034,3.2138,157.9745,7.9182,,,
107000,,,,,,,,,,1000,5233.7239,35.4121
107500,,,-354.8487,4.1806,0.0022,-0.0379,2.7039,74.546,6.0425,,,
108000,,,-362.6307,5.9595,0.0024,-0.0389,2.6447,125.9617,5.8466,,,
108000,,,,,,,,,,1000,5294.7054,35.4553
108500,,,-356.0823,3.9546,0.0021,-0.0351,2.7988,115.5789,4.9912,,,
109000,,,-362.6978,4.8304,0.002,-0.0353,2.717,106.5787,7.553,,,
109000,,,,,,,,,,1000,5413.557,35.433
109500,,,-376.2466,5.1978,0.0023,-0.0385,2.8044,124.6576,8.5691,,,
110000,,,-371.5299,6.398,0.0018,-0.0333,2.9869,161.0437,8.8273,,,
110000,5639.7792,1000.0,,,,,,,,,,
110000,,,,,,,,,,1000,5402.2902,30.6706
110500,,,-366.9874,4.5533,0.0022,-0.0359,2.7486,117.7974,4.9798,,,
111000,,,-370.3015,3.9506,0.0023,-0.0374,2.881,114.6382,5.6458,,,
111000,,,,,,,,,,1000,5403.4738,34.8332
111500,,,-373.2986,3.7472,0.002,-0.0342,2.9723,331.0832,7.433,,,
112000,,,-379.2097,4.6472,0.0021,-0.0358,3.0152,125.3073,5.9271,,,
112000,,,,,,,,,,1000,5523.7996,36.0506
112500,,,-380.4042,4.0907,0.0019,-0.0326,3.1601,156.0181,9.8778,,,
113000,,,-393.7867,4.7084,0.0021,-0.0371,3.2259,271.4472,8.4793,,,
113000,,,,,,,,,,1000,5477.8742,35.6954
113500,,,-382.6274,5.4233,0.0019,-0.0337,2.8537,113.0782,9.8282,,,
114000,,,-393.4419,4.8148,0.0019,-0.0335,3.0631,132.4104,4.35,,,
114000,,,,,,,,,,1000,5599.6602,36.0604
114500,,,-397.4491,6.4658,0.0023,-0.0374,2.9794,171.3195,12.0112,,,
115000,,,-395.7632,4.4007,0.0021,-0.0354,3.3274,224.8399,5.7622,,,
115000,5909.6267,1000.0,,,,,,,,,,
115000,,,,,,,,,,1000,5644.6179,31.5156
115500,,,-400.1896,6.1752,0.0018,-0.0322,3.1171,163.5068,7.088,,,
116000,,,-395.8794,4.2097,0.0023,-0.0343,3.4579,220.228,8.7756,,,
116000,,,,,,,,,,1000,5747.0354,36.559
116500,,,-410.0318,3.932,0.002,-0.0344,3.4717,271.8654,6.3626,,,
117000,,,-406.9605,4.6974,0.0016,-0.0315,2.9,229.243,7.6934,,,
117000,,,,,,,,,,1000,5576.98,35.7929
117500,,,-408.9664,3.9929,0.0018,-0.0324,2.745,188.1728,8.5145,,,
118000,,,-416.4206,4.7523,0.0019,-0.0344,2.9768,166.5507,9.5734,,,
118000,,,,,,,,,,1000,5611.2578,36.6726
118500,,,-409.4655,4.6513,0.0022,-0.0361,2.8973,183.7503,9.4505,,,
119000,,,-414.832,6.4334,0.0016,-0.031,2.6123,167.6706,9.266,,,
119000,,,,,,,,,,1000,5709.2146,36.6796
119500,,,-416.6456,4.6021,0.002,-0.0335,2.692,115.0238,6.5563,,,
120000,,,-421.6584,4.2507,0.0017,-0.0312,3.1205,253.4864,6.9742,,,
120000,6108.3436,1000.0,,,,,,,,,,
120000,,,,,,,,,,1000,5723.6512,31.7602
120500,,,-418.7026,5.3934,0.0019,-0.0352,3.0849,279.78,7.0995,,,
121000,,,-427.2912,4.9076,0.0017,-0.033,2.7874,170.2817,7.2272,,,
121000,,,,,,,,,,1000,5674.8751,36.0041
121500,,,-428.4644,7.1295,0.0018,-0.0326,3.3604,144.1938,9.9471,,,
122000,,,-434.43,5.0969,0.0021,-0.037,3.0228,297.5545,7.6547,,,
122000,,,,,,,,,,1000,5833.6206,35.8344
122500,,,-431.8366,5.9066,0.0021,-0.0355,3.1053,200.4925,13.2687,,,
123000,,,-437.7137,4.5219,0.0017,-0.0306,2.8106,264.2315,8.1119,,,
123000,,,,,,,,,,1000,5938.4577,35.7984
123500,,,-443.2986,4.8323,0.0022,-0.0347,3.0357,357.394,9.0593,,,
124000,,,-436.8689,6.0042,0.0018,-0.0335,4.0443,414.4386,6.8837,,,
124000,,,,,,,,,,1000,5928.5607,32.6306
124500,,,-439.8886,4.8491,0.0017,-0.0322,3.1053,208.7692,6.7654,,,
125000,,,-440.575,5.0931,0.0018,-0.0321,3.5347,278.9308,9.7577,,,
125000,6254.5742,1000.0,,,,,,,,,,
125000,,,,,,,,,,1000,5978.6724,25.341
125500,,,-450.0846,3.713,0.0017,-0.0308,3.3207,342.193,4.6844,,,
126000,,,-457.8471,4.289,0.0018,-0.0323,2.8119,143.0633,6.2672,,,
126000,,,,,,,,,,1000,6013.0225,35.3372
126500,,,-453.8292,5.5288,0.002,-0.0329,3.3055,383.4486,8.0201,,,
127000,,,-452.5929,4.3373,0.0019,-0.0348,3.0635,156.1877,7.552,,,
127000,,,,,,,,,,1000,5984.9992,35.8075
127500,,,-465.7383,5.0341,0.0019,-0.0306,3.1643,381.5238,8.9653,,,
128000,,,-467.3755,5.5677,0.0017,-0.0312,3.1962,197.1402,8.633,,,
128000,,,,,,,,,,1000,6139.612,28.9087
128500,,,-465.4407,4.9437,0.0016,-0.0285,2.7617,226.5935,13.7926,,,
129000,,,-462.2292,4.1646,0.0017,-0.0325,2.8034,184.6401,7.0174,,,
129000,,,,,,,,,,1000,6086.6155,31.1067
129500,,,-469.6069,4.6744,0.0016,-0.0303,3.1545,207.8667,8.6072,,,
130000,,,-473.7352,4.0282,0.0018,-0.0335,2.8666,177.08,5.131,,,
130000,6614.1796,1000.0,,,,,,,,,,
130000,,,,,,,,,,1000,6161.6209,30.7659
130500,,,-477.9028,5.4052,0.0019,-0.0332,3.1834,238.497,11.7422,,,
131000,,,-474.4472,4.3536,0.0017,-0.0311,3.0316,138.3276,6.0844,,,
131000,,,,,,,,,,1000,6152.7462,36.3693
131500,,,-484.0104,4.0302,0.0014,-0.0278,2.8324,263.3484,6.8764,,,
132000,,,-489.6582,5.1852,0.0016,-0.0302,3.5146,135.5529,6.9393,,,
132000,,,,,,,,,,1000,6183.3287,36.1362
132500,,,-479.028,4.151,0.0016,-0.0312,3.3444,233.6128,7.9601,,,
133000,,,-490.4994,4.851,0.0016,-0.0307,3.0271,209.5074,4.8839,,,
133000,,,,,,,,,,1000,6344.4929,36.2666
133500,,,-492.7186,5.2946,0.0017,-0.0314,4.1142,372.317,7.5675,,,
134000,,,-492.512,5.2007,0.0016,-0.0301,2.9501,222.674,9.7075,,,
134000,,,,,,,,,,1000,6329.1164,35.4612
134500,,,-499.4611,5.8028,0.0016,-0.0315,3.3498,187.1088,8.3618,,,
135000,,,-494.2394,4.7789,0.0016,-0.0302,3.4458,334.093,7.4463,,,
135000,6727.3794,1000.0,,,,,,,,,,
135000,,,,,,,,,,1000,6254.6946,29.8315
135500,,,-501.0801,5.5096,0.0017,-0.0297,3.4504,338.2085,9.4767,,,
136000,,,-503.9942,4.6366,0.0018,-0.0325,3.459,321.3917,8.6824,,,
136000,,,,,,,,,,1000,6422.8607,35.9694
136500,,,-505.3032,3.7286,0.0016,-0.0319,3.494,448.3357,8.7812,,,
137000,,,-515.1312,5.1135,0.0017,-0.0312,3.3909,208.8332,6.9302,,,
137000,,,,,,,,,,1000,6463.0414,35.3636
137500,,,-513.7617,5.2178,0.0014,-0.0281,3.3875,293.1766,5.1829,,,
138000,,,-519.5992,6.0528,0.0018,-0.0316,3.5059,345.6166,10.2956,,,
138000,,,,,,,,,,1000,6436.4902,35.7053
138500,,,-519.2709,4.7859,0.0015,-0.0293,3.1658,132.3465,7.3522,,,
139000,,,-523.9485,4.4095,0.0013,-0.0258,3.8269,502.1762,8.6404,,,
139000,,,,,,,,,,1000,6495.4251,33.824
139500,,,-522.9233,5.6063,0.0017,-0.0312,3.829,195.8627,5.5484,,,
140000,,,-530.1967,5.7285,0.0017,-0.0317,3.4348,412.9638,8.7371,,,
140000,7064.6161,1000.0,,,,,,,,,,
140000,,,,,,,,,,1000,6598.2465,30.5929
140500,,,-532.0583,6.7787,0.0019,-0.0323,3.5214,191.2538,10.7837,,,
141000,,,-534.5619,5.62,0.0012,-0.0255,3.5167,304.2433,9.7258,,,
141000,,,,,,,,,,1000,6590.1989,35.7002
141500,,,-536.0731,5.1188,0.0017,-0.0325,3.376,179.043,5.9432,,,
142000,,,-542.1211,4.8569,0.0014,-0.027,4.0904,478.1332,9.7917,,,
142000,,,,,,,,,,1000,6750.9597,37.0885
142500,,,-540.1725,6.0462,0.0013,-0.0256,3.77,215.5706,11.3458,,,
143000,,,-542.3626,4.1075,0.0014,-0.0282,3.6451,377.5095,4.8763,,,
143000,,,,,,,,,,1000,6674.3896,37.2118
143500,,,-546.7558,4.0594,0.0016,-0.0308,3.836,206.2205,5.3698,,,
144000,,,-549.6986,6.8143,0.0013,-0.0273,3.6331,359.7564,10.0804,,,
144000,,,,,,,,,,1000,6689.6043,36.4462
144500,,,-551.4025,4.9819,0.0013,-0.0272,3.2214,214.5809,9.4588,,,
145000,,,-556.5993,4.3222,0.0013,-0.027,3.755,463.0079,4.3916,,,
145000,7304.6824,1000.0,,,,,,,,,,
145000,,,,,,,,,,1000,6834.8141,31.1158
145500,,,-554.5121,3.5409,0.0015,-0.0298,3.7897,237.8616,6.286,,,
146000,,,-555.2431,4.64,0.0016,-0.0298,3.1792,314.755,8.6739,,,
146000,,,,,,,,,,1000,6722.5471,35.6882
146500,,,-558.8182,5.0489,0.0018,-0.029,55.7535,968.3451,11.9288,,,
147000,,,-558.3995,4.5463,0.0014,-0.0279,4.0039,240.6732,9.7128,,,
147000,,,,,,,,,,1000,6870.4751,35.654
147500,,,-565.6912,5.9168,0.0013,-0.028,3.4488,302.6008,7.4379,,,
148000,,,-564.6506,6.9803,0.0013,-0.0272,3.5169,232.0159,11.1489,,,
148000,,,,,,,,,,1000,6944.6563,35.9042
148500,,,-565.7643,4.771,0.0014,-0.027,4.1403,420.7459,4.6991,,,
149000,,,-571.0508,7.4705,0.0015,-0.0279,3.4636,159.8077,11.287,,,
149000,,,,,,,,,,1000,6887.2641,35.9598
149500,,,-574.712,4.8637,0.0011,-0.0258,3.4959,253.5551,8.9139,,,
150000,,,-578.8935,6.0296,0.0014,-0.0285,3.8748,385.092,9.0159,,,
150000,7740.695,1000.0,,,,,,,,,,
150000,,,,,,,,,,1000,7086.5437,31.2114
150500,,,-580.4934,4.7698,0.0015,-0.0296,3.8276,454.2979,7.0397,,,
151000,,,-582.3965,8.0746,0.0012,-0.0265,4.9199,631.5139,13.9992,,,
151000,,,,,,,,,,1000,7028.7951,32.3704
151500,,,-587.6696,10.5744,0.0012,-0.0238,4.1229,455.981,10.7878,,,
152000,,,-585.4724,8.371,0.0012,-0.0261,3.9822,334.7699,13.5251,,,
152000,,,,,,,,,,1000,7142.5122,30.3681
152500,,,-588.4069,5.0036,0.0013,-0.0275,3.9789,444.0379,8.563,,,
153000,,,-592.6762,7.3491,0.0014,-0.0289,3.8928,313.5535,7.7309,,,
153000,,,,,,,,,,1000,7219.5785,36.1923
153500,,,-594.1695,5.1923,0.0012,-0.0271,5.298,604.8085,12.6561,,,
154000,,,-594.5588,4.2693,0.0014,-0.0284,4.8287,649.5324,9.0337,,,
154000,,,,,,,,,,1000,7163.2213,36.4868
154500,,,-600.4445,6.0165,0.0012,-0.0252,3.9901,227.5029,12.9986,,,
155000,,,-601.0599,5.9045,0.001,-0.0235,4.0787,251.4356,9.3306,,,
155000,7797.116,1000.0,,,,,,,,,,
155000,,,,,,,,,,1000,7252.3527,31.8992
155500,,,-603.3714,5.9063,0.0013,-0.0276,3.5438,204.978,11.344,,,
156000,,,-606.9446,8.892,0.0012,-0.0257,4.4111,454.2318,13.2536,,,
156000,,,,,,,,,,1000,7255.2408,37.1806
156500,,,-608.1751,9.024,0.0013,-0.0256,4.0157,413.4635,25.0699,,,
157000,,,-610.0834,5.9344,0.001,-0.024,3.265,113.1133,13.8466,,,
157000,,,,,,,,,,1000,7370.2747,38.0089
157500,,,-613.3806,7.0321,0.0011,-0.0236,4.3716,304.4218,10.4746,,,
158000,,,-615.0674,8.1226,0.0014,-0.0281,4.8729,613.2523,12.912,,,
158000,,,,,,,,,,1000,7428.3358,34.7265
158500,,,-618.512,8.7908,0.0014,-0.0255,4.8376,624.8995,15.4573,,,
159000,,,-622.0931,8.7343,0.0009,-0.022,4.4907,496.014,11.5265,,,
159000,,,,,,,,,,1000,7565.4287,33.9458
159500,,,-623.287,4.8693,0.001,-0.022,4.3241,518.6298,10.727,,,
160000,,,-625.1001,7.1076,0.001,-0.0232,4.3133,341.905,15.9437,,,
160000,8124.5236,1000.0,,,,,,,,,,
160000,,,,,,,,,,1000,7472.5535,29.1115
160500,,,-628.4266,14.2077,0.0014,-0.0278,4.2566,475.424,25.1398,,,
161000,,,-630.4216,5.4129,0.0011,-0.0242,4.1532,311.6842,13.7132,,,
161000,,,,,,,,,,1000,7539.1324,30.1664
161500,,,-630.2901,7.5828,0.001,-0.0235,5.321,749.5865,13.9049,,,
162000,,,-636.963,5.5966,0.0009,-0.0222,3.87,636.6418,5.3043,,,
162000,,,,,,,,,,1000,7629.9847,36.5339
162500,,,-638.9875,10.8375,0.0012,-0.0263,5.4502,769.4059,16.2576,,,
163000,,,-640.6415,11.578,0.0014,-0.0267,4.5317,207.8277,16.0158,,,
163000,,,,,,,,,,1000,7753.8636,34.1627
163500,,,-643.5444,6.433,0.0009,-0.022,4.6791,553.2276,13.1964,,,
164000,,,-643.0733,6.468,0.0011,-0.0248,4.5318,529.7671,12.9588,,,
164000,,,,,,,,,,1000,7693.8583,36.0565
164500,,,-647.3559,7.3039,0.0012,-0.0255,4.3249,446.4505,15.7846,,,
165000,,,-647.5574,7.1807,0.0009,-0.0225,5.5565,815.5673,10.1016,,,
165000,8156.7561,1000.0,,,,,,,,,,
165000,,,,,,,,,,1000,7710.0145,32.2333
165500,,,-651.5329,5.0965,0.0012,-0.0252,5.5158,893.1611,14.5578,,,
166000,,,-655.6943,10.5042,0.0011,-0.0252,4.4288,715.8885,16.3765,,,
166000,,,,,,,,,,1000,7797.1062,36.6358
166500,,,-657.4813,5.6606,0.0011,-0.025,4.4551,347.558,13.9759,,,
167000,,,-659.3505,8.0681,0.0013,-0.0265,4.6853,659.9166,15.5575,,,
167000,,,,,,,,,,1000,7743.7822,36.9213
167500,,,-661.9624,4.0101,0.0011,-0.0241,5.867,758.1271,12.475,,,
168000,,,-663.0435,8.8059,0.0008,-0.0215,3.9744,290.8109,17.3038,,,
168000,,,,,,,,,,1000,7877.9255,36.886
168500,,,-666.3718,7.6433,0.001,-0.023,4.6949,541.8263,11.3057,,,
169000,,,-670.2438,11.4913,0.001,-0.023,4.1791,405.9846,21.5885,,,
169000,,,,,,,,,,1000,7778.3156,36.858
169500,,,-669.8647,6.0652,0.0008,-0.0208,4.4858,674.4048,9.6687,,,
170000,,,-672.2321,4.5945,0.0009,-0.022,4.4368,422.5041,10.1146,,,
170000,8538.757,1000.0,,,,,,,,,,
170000,,,,,,,,,,1000,7848.6945,31.7263
170500,,,-674.6222,7.0299,0.001,-0.0225,4.6167,726.4542,11.7605,,,
171000,,,-677.1966,7.8027,0.0011,-0.0241,4.0519,331.3936,14.2566,,,
171000,,,,,,,,,,1000,7858.042,35.2677
171500,,,-678.6761,3.6582,0.0011,-0.0224,5.9994,1006.4601,6.0809,,,
172000,,,-683.1404,4.6908,0.0009,-0.0209,4.8449,636.2105,17.5748,,,
172000,,,,,,,,,,1000,8049.424,32.5568
172500,,,-684.7172,6.4459,0.0007,-0.0183,5.5981,705.3303,8.6399,,,
173000,,,-686.9875,11.0323,0.0009,-0.0218,4.162,323.3977,10.8608,,,
173000,,,,,,,,,,1000,8078.0822,33.8072
173500,,,-688.1127,7.2797,0.001,-0.0232,4.4028,385.9766,12.2598,,,
174000,,,-693.3916,8.689,0.0011,-0.0231,5.662,701.2271,15.0146,,,
174000,,,,,,,,,,1000,8066.8851,36.7674
174500,,,-693.8536,7.3954,0.0007,-0.02,5.6216,962.4175,13.3997,,,
175000,,,-696.3978,7.8085,0.001,-0.0213,4.8428,643.1395,9.6092,,,
175000,8614.8943,1000.0,,,,,,,,,,
175000,,,,,,,,,,1000,8262.3867,31.4288
175500,,,-698.8754,6.7894,0.0009,-0.0232,5.3591,829.2573,17.2648,,,
176000,,,-701.6989,11.9434,0.0008,-0.0204,4.3029,335.5629,28.343,,,
176000,,,,,,,,,,1000,8190.0909,35.7718
176500,,,-703.3902,7.9993,0.0009,-0.0229,4.4083,688.7072,20.2726,,,
177000,,,-702.5787,9.4801,0.0008,-0.0206,4.6516,820.6191,17.2351,,,
177000,,,,,,,,,,1000,8224.6308,35.8118
177500,,,-706.2213,5.7352,0.001,-0.0233,4.2525,474.4782,18.2605,,,
178000,,,-709.3326,11.3966,0.0011,-0.0242,4.9908,819.8043,21.6172,,,
178000,,,,,,,,,,1000,8233.0364,35.7185
178500,,,-711.018,8.1558,0.0012,-0.0253,6.3262,865.1057,15.8068,,,
179000,,,-714.3765,9.2436,0.0008,-0.0213,5.3075,668.8718,14.7414,,,
179000,,,,,,,,,,1000,8218.086,36.2328
179500,,,-715.4979,10.4314,0.0008,-0.0209,6.0658,953.433,23.7227,,,
180000,,,-718.2573,4.5692,0.0008,-0.0201,5.4433,707.4092,14.446,,,
180000,8935.2729,1000.0,,,,,,,,,,
180000,,,,,,,,,,1000,8154.0498,31.5619
180500,,,-721.0183,7.0163,0.001,-0.0208,6.2236,722.15,15.4497,,,
181000,,,-721.9977,8.7229,0.0008,-0.0206,5.9137,1179.928,21.0802,,,
181000,,,,,,,,,,1000,8317.8729,35.9957
181500,,,-725.1965,12.4631,0.001,-0.0213,6.4731,511.4947,23.2943,,,
182000,,,-726.4582,5.2737,0.0008,-0.0178,4.6322,593.85,15.6055,,,
182000,,,,,,,,,,1000,8236.7983,36.0069
182500,,,-726.7806,5.7654,0.0008,-0.02,5.1876,646.5278,20.9717,,,
183000,,,-730.3328,4.1181,0.0008,-0.02,5.9159,1011.9809,7.4846,,,
183000,,,,,,,,,,1000,8354.4883,35.9712
183500,,,-731.5713,9.2233,0.001,-0.0218,6.1659,948.5475,29.3474,,,
184000,,,-735.6508,8.949,0.0008,-0.0202,5.3744,734.2983,23.815,,,
184000,,,,,,,,,,1000,8416.7918,35.7632
184500,,,-733.9256,9.9683,0.001,-0.0223,5.2846,804.6636,20.9153,,,
185000,,,-738.842,8.7577,0.0008,-0.021,5.8786,620.0873,25.3258,,,
185000,9154.3497,1000.0,,,,,,,,,,
185000,,,,,,,,,,1000,1206.6717,31.0349
185500,,,-737.3809,4.6019,0.0009,-0.0222,4.8847,854.6981,9.0359,,,
186000,,,-738.3271,11.6892,0.0007,-0.0206,5.5048,390.2364,26.8001,,,
186000,,,,,,,,,,1000,8563.8722,35.9106
186500,,,-740.7233,9.1524,0.0007,-0.0188,5.2186,215.867,16.4945,,,
187000,,,-744.9301,13.7322,0.0007,-0.0178,5.7428,987.9443,22.621,,,
187000,,,,,,,,,,1000,8652.2381,36.9105
187500,,,-746.5598,10.7987,0.0009,-0.0222,6.5812,1422.5223,32.9075,,,
188000,,,-748.7349,6.5054,0.0008,-0.0214,6.3875,1161.8698,16.7965,,,
188000,,,,,,,,,,1000,8368.4225,36.8662
188500,,,-749.0833,5.7534,0.0007,-0.019,4.6261,644.1257,13.7502,,,
189000,,,-749.2523,12.4768,0.0007,-0.0189,5.6538,1038.2739,20.2041,,,
189000,,,,,,,,,,1000,8423.9493,36.7693
189500,,,-754.0167,9.8061,0.0007,-0.0192,5.7032,402.4435,19.4066,,,
190000,,,-758.7029,7.8911,0.0008,-0.0195,5.2953,663.1188,8.6339,,,
190000,8992.3512,1000.0,,,,,,,,,,
190000,,,,,,,,,,1000,8602.6973,31.4556
190500,,,-756.9309,11.1115,0.0006,-0.017,6.4382,1165.0671,13.6413,,,
191000,,,-763.8795,9.2345,0.0007,-0.018,5.804,601.2736,15.9116,,,
191000,,,,,,,,,,1000,8282.1267,36.6144
191500,,,-763.1593,5.2429,0.0007,-0.0193,7.4424,1127.5052,13.1618,,,
192000,,,-763.8012,9.5024,0.0008,-0.0218,5.2919,579.1749,25.2491,,,
192000,,,,,,,,,,1000,8551.5018,36.2895
192500,,,-762.3928,10.0187,0.0007,-0.019,7.4813,1342.1527,13.8994,,,
193000,,,-766.923,13.4582,0.0008,-0.0212,6.0763,1200.8623,36.3578,,,
193000,,,,,,,,,,1000,8608.2189,36.4008
193500,,,-769.645,15.0058,0.0007,-0.0169,6.0376,701.4471,24.9267,,,
194000,,,-771.1612,12.0669,0.0009,-0.0193,5.4805,736.8969,21.542,,,
194000,,,,,,,,,,1000,8769.2338,35.1843
194500,,,-771.1288,12.1515,0.0014,-0.0255,5.9794,780.5266,34.0087,,,
195000,,,-776.665,18.2335,0.0008,-0.0206,6.8069,1101.2996,24.3477,,,
195000,6222.2701,1000.0,,,,,,,,,,
195000,,,,,,,,,,1000,8594.0215,25.5469
195500,,,-773.8937,11.0986,0.0007,-0.017,7.5165,1564.4039,15.9836,,,
196000,,,-778.3406,4.8563,0.0005,-0.0152,6.4988,947.2796,11.1309,,,
196000,,,,,,,,,,1000,8336.6029,33.5269
196500,,,-778.3687,16.7882,0.0009,-0.0228,6.636,771.9765,18.904,,,
197000,,,-782.6901,8.7831,0.0006,-0.0183,5.6294,721.7173,7.2221,,,
197000,,,,,,,,,,1000,8664.6246,36.0062
197500,,,-784.1199,12.3777,0.0008,-0.0211,6.0513,897.6928,24.8886,,,
198000,,,-787.5286,7.4183,0.0008,-0.0198,7.4561,1683.6366,29.3739,,,
198000,,,,,,,,,,1000,8731.5896,31.7392
198500,,,-787.6158,10.17,0.0008,-0.0196,6.9726,946.0582,17.8173,,,
199000,,,-792.0822,9.7913,0.0006,-0.0172,7.0614,1233.3185,11.2576,,,
199000,,,,,,,,,,1000,8563.0875,34.1305
199500,,,-786.527,10.7133,0.0007,-0.0195,6.1114,609.777,21.4317,,,
200000,,,-790.0034,19.3374,0.0008,-0.0208,5.5438,838.7872,35.2714,,,
200000,9438.8159,1000.0,,,,,,,,,,
200000,,,,,,,,,,1000,8814.6286,28.7014
200500,,,-792.8593,6.469,0.0005,-0.0167,5.7654,183.8129,12.6614,,,
201000,,,-795.7031,6.0349,0.0007,-0.0183,5.8625,655.2781,20.9598,,,
201000,,,,,,,,,,1000,8859.3072,36.4823
201500,,,-795.0102,12.6059,0.0007,-0.018,6.077,510.9468,28.6466,,,
202000,,,-800.9523,9.1911,0.0008,-0.0208,7.1817,1330.0096,19.3256,,,
202000,,,,,,,,,,1000,8680.7668,35.9913
202500,,,-802.911,19.8731,0.0006,-0.0179,6.9849,1589.9816,27.0526,,,
203000,,,-806.5524,11.9123,0.0007,-0.0179,6.2709,641.7387,17.9348,,,
203000,,,,,,,,,,1000,9077.0649,34.0521
203500,,,-803.0817,11.3427,0.0008,-0.0209,6.9817,1310.314,15.3189,,,
204000,,,-804.4949,8.4825,0.0008,-0.0208,6.8045,973.7549,23.2961,,,
204000,,,,,,,,,,1000,9046.6899,36.0872
204500,,,-808.6835,4.9768,0.0007,-0.0181,7.0465,1283.6688,11.6199,,,
205000,,,-811.2586,7.6285,0.0008,-0.0201,6.1495,570.5847,21.3758,,,
205000,9643.1961,1000.0,,,,,,,,,,
205000,,,,,,,,,,1000,9057.5285,30.4569
205500,,,-814.6474,11.7308,0.0009,-0.0214,5.4877,435.6412,24.4115,,,
206000,,,-817.508,11.5371,0.0009,-0.0232,5.8958,926.2695,10.895,,,
206000,,,,,,,,,,1000,8931.0039,37.3006
206500,,,-818.8925,5.7163,0.0008,-0.0203,5.2951,765.874,15.9084,,,
207000,,,-817.6271,11.7183,0.0005,-0.0158,5.6933,744.2789,11.7324,,,
207000,,,,,,,,,,1000,9268.371,38.3544
207500,,,-818.9864,9.418,0.0006,-0.0169,5.1462,516.4825,14.067,,,
208000,,,-826.7449,9.5604,0.0008,-0.0211,5.5369,823.1995,14.6321,,,
208000,,,,,,,,,,1000,9092.1005,36.3366
208500,,,-825.934,6.8446,0.0007,-0.0192,5.7382,380.7253,16.8092,,,
209000,,,-825.8411,13.3099,0.0007,-0.018,6.8968,1162.6648,32.7231,,,
209000,,,,,,,,,,1000,9190.0939,35.6296
209500,,,-828.4194,14.4382,0.0005,-0.0154,7.7316,1075.2958,24.3471,,,
210000,,,-832.1621,4.954,0.0006,-0.0164,6.7605,1019.8846,15.2974,,,
210000,9819.907,1000.0,,,,,,,,,,
210000,,,,,,,,,,1000,9216.2132,31.4695
210500,,,-828.7282,4.6286,0.0005,-0.0166,7.9366,1679.5477,11.1258,,,
211000,,,-831.3221,13.1433,0.0006,-0.0188,7.677,780.768,30.5118,,,
211000,,,,,,,,,,1000,8957.0808,36.6979
211500,,,-831.1104,18.3654,0.0008,-0.0184,6.9786,929.9431,46.693,,,
212000,,,-837.2468,9.9292,0.0007,-0.0187,7.2469,1258.6926,9.2197,,,
212000,,,,,,,,,,1000,8863.4028,36.7324
212500,,,-836.1848,12.849,0.0007,-0.0207,5.6176,825.9544,24.2741,,,
213000,,,-842.3187,6.0742,0.0007,-0.0188,6.8704,800.5549,12.7999,,,
213000,,,,,,,,,,1000,9170.5182,36.1477
213500,,,-841.4408,8.0933,0.0006,-0.0136,7.1589,1641.7233,18.441,,,
214000,,,-840.8589,7.4424,0.0007,-0.0193,6.2927,623.3307,25.1568,,,
214000,,,,,,,,,,1000,9251.0335,35.8599
214500,,,-846.6436,21.1832,0.0008,-0.0196,7.22,1217.5088,45.1695,,,
215000,,,-850.7846,10.8039,0.0006,-0.0174,5.9438,759.9493,21.2719,,,
215000,10046.7044,1000.0,,,,,,,,,,
215000,,,,,,,,,,1000,9115.5346,30.913
215500,,,-845.9418,10.5318,0.0009,-0.02,7.954,1924.076,14.3566,,,
216000,,,-850.924,11.8533,0.0008,-0.0173,7.6324,1759.1357,13.9982,,,
216000,,,,,,,,,,1000,9171.6002,35.8671
216500,,,-851.8882,6.0069,0.0008,-0.0185,6.7559,1249.8209,20.377,,,
217000,,,-856.0915,15.0069,0.0006,-0.0169,6.8057,1027.9269,28.7869,,,
217000,,,,,,,,,,1000,9421.8412,36.2385
217500,,,-855.5734,14.6261,0.0008,-0.0182,5.4461,416.3367,25.4217,,,
218000,,,-855.3807,7.842,0.0008,-0.0191,7.538,1747.389,22.0374,,,
218000,,,,,,,,,,1000,9247.3823,36.6814
218500,,,-855.8963,7.6588,0.0008,-0.0206,7.1505,1049.8357,10.5944,,,
219000,,,-859.5605,12.1148,0.0008,-0.0205,7.0332,678.3354,12.8757,,,
219000,,,,,,,,,,1000,9292.1503,35.8316
219500,,,-862.5734,17.6658,0.0008,-0.0209,6.9633,671.408,26.5036,,,
220000,,,-859.5598,11.3176,0.0007,-0.0178,5.6078,533.3163,17.0076,,,
220000,10127.869,1000.0,,,,,,,,,,
220000,,,,,,,,,,1000,9386.8541,31.0738
220500,,,-865.9083,7.7766,0.0005,-0.0158,7.0149,1283.174,7.765,,,
221000,,,-866.885,25.5611,0.0007,-0.0196,8.3369,1739.6843,49.3194,,,
221000,,,,,,,,,,1000,9251.9299,35.8468
221500,,,-863.4874,6.5759,0.0006,-0.0164,5.4148,509.2506,20.7143,,,
222000,,,-869.6945,9.1493,0.0005,-0.016,7.019,1051.0922,30.8609,,,
222000,,,,,,,,,,1000,9329.6204,33.7045
222500,,,-867.4219,11.0713,0.0006,-0.0165,6.4115,1718.769,27.0352,,,
223000,,,-873.0609,15.2875,0.0007,-0.0184,6.035,642.6428,23.2002,,,
223000,,,,,,,,,,1000,9549.5729,35.7288
223500,,,-876.6552,18.2247,0.0006,-0.0174,7.0833,1455.7958,33.6206,,,
224000,,,-875.1825,8.7324,0.0007,-0.0192,8.2983,1316.412,22.243,,,
224000,,,,,,,,,,1000,9569.9031,35.7566
224500,,,-875.9724,5.2688,0.0006,-0.0178,6.4584,1434.103,13.4003,,,
225000,,,-880.5938,8.3231,0.0006,-0.0174,6.545,1320.6345,15.3874,,,
225000,10090.4104,1000.0,,,,,,,,,,
225000,,,,,,,,,,1000,9137.0165,31.0405
225500,,,-878.4136,14.9033,0.0007,-0.0204,5.0631,271.0703,15.1186,,,
226000,,,-881.9045,21.4783,0.0008,-0.0196,8.151,1358.5315,34.4913,,,
226000,,,,,,,,,,1000,9425.6164,36.1142
226500,,,-884.775,10.6818,0.0008,-0.0216,6.3369,791.6133,28.0867,,,
227000,,,-887.9836,9.5022,0.0009,-0.0197,7.0133,1319.8162,24.8815,,,
227000,,,,,,,,,,1000,9491.186,36.2637
227500,,,-887.961,10.8344,0.0007,-0.0194,6.9602,805.7289,14.2615,,,
228000,,,-890.8107,9.595,0.0006,-0.0163,5.981,923.2594,22.0942,,,
228000,,,,,,,,,,1000,9401.213,35.7428
228500,,,-890.4832,31.3654,0.0009,-0.0197,5.6988,410.7887,35.9695,,,
229000,,,-887.9548,19.0961,0.0008,-0.0205,8.1095,1832.8193,42.9502,,,
229000,,,,,,,,,,1000,9401.4526,33.6104
229500,,,-894.9205,8.7295,0.0006,-0.0178,6.9911,1595.0016,31.5439,,,
230000,,,-897.9661,14.4805,0.0007,-0.0169,6.3028,1708.0336,30.986,,,
230000,10162.9837,1000.0,,,,,,,,,,
230000,,,,,,,,,,1000,9412.1892,30.832
230500,,,-897.7245,13.3987,0.0007,-0.0176,9.0361,1407.0996,21.4248,,,
231000,,,-898.1105,9.9564,0.0006,-0.0174,7.4735,952.8423,12.812,,,
231000,,,,,,,,,,1000,9446.7235,35.6293
231500,,,-896.4365,15.8593,0.0008,-0.0183,7.0522,1299.9873,30.5376,,,
232000,,,-902.2977,8.0721,0.0007,-0.0188,5.321,606.1381,18.1593,,,
232000,,,,,,,,,,1000,9585.1273,35.8439
232500,,,-903.8515,9.2734,0.0006,-0.0162,5.9898,650.5247,15.4947,,,
233000,,,-901.9653,5.0383,0.0007,-0.0186,8.8349,1844.2137,17.924,,,
233000,,,,,,,,,,1000,9521.3132,32.7002
233500,,,-906.6204,13.4291,0.0007,-0.018,5.3338,264.3296,14.4804,,,
234000,,,-905.481,9.3604,0.0006,-0.0166,5.8763,652.7704,16.9508,,,
234000,,,,,,,,,,1000,9669.1657,35.6911
234500,,,-908.2709,19.9616,0.0005,-0.0166,5.8404,774.6952,24.5741,,,
235000,,,-910.1882,19.1645,0.0005,-0.0146,7.4303,1788.0165,35.0871,,,
235000,10261.3834,1000.0,,,,,,,,,,
235000,,,,,,,,,,1000,8969.3707,30.0059
235500,,,-910.676,16.3496,0.0006,-0.0169,9.8549,1706.6417,25.1541,,,
236000,,,-912.0953,16.1209,0.0008,-0.0188,8.6991,1794.7839,20.7337,,,
236000,,,,,,,,,,1000,9730.8845,36.2379
236500,,,-911.251,11.8643,0.0005,-0.015,5.4697,803.0169,25.5244,,,
237000,,,-916.9798,8.6682,0.0007,-0.0185,7.045,1340.9312,16.0562,,,
237000,,,,,,,,,,1000,9516.9274,36.2799
237500,,,-918.5521,14.067,0.0009,-0.0201,7.7995,1571.3043,19.9374,,,
238000,,,-914.9174,4.6019,0.0007,-0.0193,9.2537,2000.2954,20.2662,,,
238000,,,,,,,,,,1000,9575.6531,28.8791
238500,,,-917.9064,7.5023,0.0006,-0.0172,7.4771,1210.9707,20.3721,,,
239000,,,-919.1226,20.2786,0.0009,-0.0209,8.2726,2022.1539,23.1155,,,
239000,,,,,,,,,,1000,9628.8791,35.1289
239500,,,-923.1379,13.7684,0.0004,-0.0129,7.024,1291.1799,8.1564,,,
240000,,,-924.4622,5.2727,0.0007,-0.0193,7.832,1569.3812,7.0953,,,
240000,10332.5254,1000.0,,,,,,,,,,
240000,,,,,,,,,,1000,9383.2587,30.8697
240500,,,-920.5753,14.6585,0.0006,-0.0174,10.3546,2566.1992,14.0871,,,
241000,,,-923.2389,6.4299,0.0011,-0.0214,7.3925,1015.4786,16.5369,,,
241000,,,,,,,,,,1000,9588.0739,32.9835
241500,,,-925.1764,10.4354,0.0004,-0.0142,8.4935,1751.3831,11.2702,,,
242000,,,-928.5639,8.1725,0.0006,-0.0163,7.6904,1736.9093,18.6944,,,
242000,,,,,,,,,,1000,9595.3112,32.5527
242500,,,-928.4655,13.5332,0.0006,-0.017,6.8677,996.8039,22.5397,,,
243000,,,-932.3414,13.6935,0.0009,-0.0197,8.4479,1928.0682,16.2899,,,
243000,,,,,,,,,,1000,9387.7294,36.1154
243500,,,-931.9901,13.6913,0.0005,-0.0135,8.4876,1467.3199,15.4341,,,
244000,,,-934.5703,16.6951,0.0005,-0.0158,6.2665,914.6548,31.6196,,,
244000,,,,,,,,,,1000,9617.4005,36.299
244500,,,-930.9648,12.2351,0.0004,-0.014,5.4935,815.9456,12.6938,,,
245000,,,-930.3232,9.7842,0.0006,-0.0165,6.6128,1074.9556,21.8714,,,
245000,9136.3048,1000.0,,,,,,,,,,
245000,,,,,,,,,,1000,-569.6161,31.2153
245500,,,-930.9504,11.1657,0.0007,-0.0178,7.0298,1406.6899,18.1781,,,
246000,,,-932.5677,9.0659,0.0007,-0.0175,6.7023,826.9598,12.7511,,,
246000,,,,,,,,,,1000,9105.4536,36.4219
246500,,,-928.8033,20.3944,0.0005,-0.0169,9.5373,2239.0393,32.6051,,,
247000,,,-939.2012,7.6567,0.0006,-0.0166,8.1209,1663.1279,13.1122,,,
247000,,,,,,,,,,1000,9493.5451,36.7389
247500,,,-934.1512,20.4376,0.0004,-0.0129,6.6977,1269.7303,16.2672,,,
248000,,,-935.0,11.5965,0.0006,-0.0176,6.2792,1484.6791,18.1969,,,
248000,,,,,,,,,,1000,9600.5024,31.6566
248500,,,-935.7209,15.8926,0.0005,-0.0164,7.3978,353.8274,21.3583,,,
249000,,,-931.5539,4.4445,0.0005,-0.0135,7.3082,1049.7905,17.8996,,,
249000,,,,,,,,,,1000,3897.6385,33.6603
249500,,,-941.0428,5.7535,0.0007,-0.0193,8.0155,1256.5081,17.5085,,,
250000,,,-928.6143,16.5828,0.0008,-0.0204,7.7458,715.2663,27.9351,,,
250000,10092.2218,1000.0,,,,,,,,,,
250000,,,,,,,,,,1000,9196.26,25.538
250500,,,-939.6853,6.9413,0.0004,-0.0141,7.6634,1365.985,6.4186,,,
251000,,,-937.3867,8.0258,0.0008,-0.0198,6.9386,977.4406,15.6583,,,
251000,,,,,,,,,,1000,9607.9742,35.082
251500,,,-937.3721,5.3785,0.0008,-0.0187,7.3719,1260.0841,14.3098,,,
252000,,,-939.6022,7.8019,0.0006,-0.0176,8.334,2123.6946,21.7146,,,
252000,,,,,,,,,,1000,9594.4851,35.7057
252500,,,-937.2136,6.4236,0.0009,-0.0219,6.8034,1279.3456,12.8814,,,
253000,,,-937.5909,15.3403,0.0004,-0.0131,8.8678,1523.4323,31.0987,,,
253000,,,,,,,,,,1000,9763.3715,35.8292
253500,,,-942.7797,12.5069,0.0008,-0.0202,6.9834,1112.0166,19.4746,,,
254000,,,-943.3141,12.0526,0.0006,-0.0145,7.2773,1262.149,15.313,,,
254000,,,,,,,,,,1000,9731.8854,35.9411
254500,,,-947.4702,13.5003,0.0007,-0.0173,8.7159,2153.5667,17.2713,,,
255000,,,-942.7914,8.887,0.0007,-0.0191,7.1373,1759.4504,14.3018,,,
255000,10409.2563,1000.0,,,,,,,,,,
255000,,,,,,,,,,1000,9857.7838,29.7789
255500,,,-951.1631,21.2671,0.0007,-0.0193,6.0152,264.7897,32.7799,,,
256000,,,-947.2593,16.8199,0.0007,-0.0185,6.3146,679.8278,22.3808,,,
256000,,,,,,,,,,1000,9572.2282,31.634
256500,,,-947.0229,7.9348,0.0008,-0.0181,6.9833,1119.9014,9.0648,,,
257000,,,-948.6277,14.9035,0.0008,-0.0189,5.9896,1051.1744,9.6184,,,
257000,,,,,,,,,,1000,9773.4254,35.3113
257500,,,-947.0341,8.4945,0.0007,-0.0193,7.3676,759.8996,19.2696,,,
258000,,,-956.6533,16.0473,0.0005,-0.0156,7.654,1414.4908,11.8891,,,
258000,,,,,,,,,,1000,9618.1823,35.3691
258500,,,-954.9987,7.2043,0.0006,-0.0178,6.6731,1130.6538,18.7269,,,
259000,,,-956.929,12.8629,0.0009,-0.0185,7.6789,1029.9916,26.2712,,,
259000,,,,,,,,,,1000,9631.1132,34.2539
259500,,,-958.3696,10.124,0.0005,-0.0149,7.7655,1046.3085,24.9561,,,
260000,,,-956.9755,5.7879,0.0005,-0.0154,7.4577,597.9993,12.8966,,,
260000,10621.4977,1000.0,,,,,,,,,,
260000,,,,,,,,,,1000,8954.839,30.3168
260500,,,-964.2121,6.5707,0.0008,-0.0196,8.1944,1579.7346,13.8209,,,
261000,,,-956.9387,12.0908,0.0006,-0.0166,5.938,474.0436,24.0429,,,
261000,,,,,,,,,,1000,9512.5506,35.5633
261500,,,-953.7346,18.6182,0.0005,-0.0159,8.1095,1617.3824,15.133,,,
262000,,,-961.5337,12.6825,0.0005,-0.0146,8.1734,1368.4022,20.3143,,,
262000,,,,,,,,,,1000,9443.7741,35.3335
262500,,,-966.4379,5.7998,0.0005,-0.015,5.9052,979.0333,12.6347,,,
263000,,,-959.0624,13.7441,0.0008,-0.0155,7.6343,941.345,9.0642,,,
263000,,,,,,,,,,1000,8863.5759,35.8081
263500,,,-967.0206,3.6534,0.0005,-0.0149,6.9801,948.7139,14.6494,,,
264000,,,-960.2572,14.0395,0.0009,-0.0193,7.4472,743.4594,11.9383,,,
264000,,,,,,,,,,1000,9763.021,36.0893
264500,,,-967.103,9.5542,0.0007,-0.0165,8.4092,1209.3397,25.42,,,
265000,,,-960.3445,7.9879,0.0006,-0.0173,6.9451,1052.3846,16.3424,,,
265000,10582.2375,1000.0,,,,,,,,,,
265000,,,,,,,,,,1000,9455.0956,31.1917
265500,,,-964.4308,7.712,0.0008,-0.0195,7.2267,835.3329,18.2775,,,
266000,,,-969.1981,14.4832,0.0008,-0.0198,8.5061,1589.6613,21.3047,,,
266000,,,,,,,,,,1000,9875.0434,35.8797
266500,,,-968.7308,15.404,0.0008,-0.0165,6.9949,1098.1447,10.054,,,
267000,,,-966.6797,21.4825,0.0007,-0.0199,7.381,979.928,30.9157,,,
267000,,,,,,,,,,1000,10047.0424,35.9483
267500,,,-969.7432,16.8452,0.0006,-0.018,8.1331,697.4235,37.4043,,,
268000,,,-967.7002,11.1565,0.0007,-0.0182,8.0854,1457.1154,16.1369,,,
268000,,,,,,,,,,1000,9756.4654,36.0704
268500,,,-968.1911,10.2975,0.0008,-0.0212,11.9117,2662.8684,15.1484,,,
269000,,,-972.4875,11.4347,0.0005,-0.0152,6.9211,900.3957,22.1337,,,
269000,,,,,,,,,,1000,9881.9416,36.8773
269500,,,-971.1959,12.5617,0.0005,-0.0163,6.6948,773.14,10.8792,,,
270000,,,-970.7116,20.0616,0.001,-0.0181,9.2994,942.6144,15.898,,,
270000,10377.1208,1000.0,,,,,,,,,,
270000,,,,,,,,,,1000,9833.9849,31.8384
270500,,,-974.3047,10.4176,0.0006,-0.0172,7.7253,776.9617,19.955,,,
271000,,,-970.7863,13.943,0.001,-0.0237,5.6538,243.4947,15.539,,,
271000,,,,,,,,,,1000,9989.9644,36.6955
271500,,,-981.8765,9.0854,0.0007,-0.018,8.199,531.2443,14.3188,,,
272000,,,-974.056,5.5196,0.0006,-0.0167,8.6815,666.9164,14.4712,,,
272000,,,,,,,,,,1000,10204.7638,36.7034
272500,,,-981.8712,20.1988,0.0006,-0.0171,9.156,1222.902,28.9297,,,
273000,,,-981.5319,12.5883,0.0006,-0.0168,7.1922,598.9426,15.0338,,,
273000,,,,,,,,,,1000,9722.5932,36.7535
273500,,,-977.1801,12.1098,0.0009,-0.0191,13.0476,2833.0554,11.2109,,,
274000,,,-984.894,12.3554,0.0006,-0.0169,7.2045,1204.1105,19.4598,,,
274000,,,,,,,,,,1000,10003.0718,35.755
274500,,,-983.3689,5.9532,0.0006,-0.0144,6.9997,873.4578,13.1908,,,
275000,,,-980.4836,7.4376,0.0006,-0.0152,6.3811,826.5884,11.0661,,,
275000,10733.4718,1000.0,,,,,,,,,,
275000,,,,,,,,,,1000,9816.6795,31.3995
275500,,,-982.9361,14.6556,0.0005,-0.0149,7.0796,917.7378,29.4888,,,
276000,,,-976.8699,9.5365,0.0006,-0.0171,7.019,775.2115,12.6513,,,
276000,,,,,,,,,,1000,10046.7455,36.0457
276500,,,-982.0641,10.4389,0.0005,-0.0151,7.6824,1380.387,9.4962,,,
277000,,,-985.6207,8.6921,0.0007,-0.0192,7.4085,1113.1113,16.1953,,,
277000,,,,,,,,,,1000,9955.5072,35.9962
277500,,,-982.6431,11.5217,0.0007,-0.0178,7.8878,1485.9435,20.118,,,
278000,,,-988.6319,6.1343,0.0008,-0.0185,5.4604,993.9645,9.7604,,,
278000,,,,,,,,,,1000,10040.9114,35.8519
278500,,,-986.9462,8.1941,0.0005,-0.0146,5.6182,518.187,20.2858,,,
279000,,,-977.9271,10.8945,0.0006,-0.0166,6.7902,1261.6311,13.2737,,,
279000,,,,,,,,,,1000,9683.0471,36.2654
279500,,,-986.777,5.8465,0.0009,-0.0209,8.4198,1573.7422,9.8791,,,
280000,,,-990.0281,9.2161,0.0005,-0.0146,7.9525,337.2495,6.6548,,,
280000,10636.3462,1000.0,,,,,,,,,,
280000,,,,,,,,,,1000,10206.4632,27.7871
280500,,,-990.0297,13.7586,0.0009,-0.0201,7.4458,1065.6923,9.8492,,,
281000,,,-988.3076,7.11,0.0007,-0.0174,7.0021,1497.8673,6.7071,,,
281000,,,,,,,,,,1000,9953.1322,34.9535
281500,,,-992.3863,20.5543,0.0006,-0.0148,6.8,521.5606,14.5471,,,
282000,,,-995.8092,7.2336,0.0005,-0.0167,13.3956,3299.47,8.9108,,,
282000,,,,,,,,,,1000,10102.7454,35.6551
282500,,,-990.5195,8.758,0.0006,-0.0179,7.3335,1204.5128,21.3852,,,
283000,,,-988.8389,7.927,0.0007,-0.0177,5.309,976.8828,10.5687,,,
283000,,,,,,,,,,1000,10186.7879,34.8836
283500,,,-995.5677,4.5887,0.0006,-0.0178,6.3639,895.2135,8.2602,,,
284000,,,-1000.7407,8.8433,0.0005,-0.016,9.1255,2223.6018,15.5289,,,
284000,,,,,,,,,,1000,10028.002,35.7191
284500,,,-1002.0858,18.4767,0.0007,-0.0164,7.2472,1401.4526,17.5194,,,
285000,,,-993.8901,8.8041,0.0006,-0.0166,8.0647,1924.465,13.3653,,,
285000,10755.6911,1000.0,,,,,,,,,,
285000,,,,,,,,,,1000,9805.0223,30.8115
285500,,,-1000.651,8.0932,0.0006,-0.0164,6.2754,1085.1195,10.8382,,,
286000,,,-998.332,4.6959,0.0005,-0.0152,6.5459,1054.8932,15.4336,,,
286000,,,,,,,,,,1000,10226.5845,36.1369
286500,,,-1004.9218,6.6135,0.0006,-0.0126,5.3698,1138.4878,14.4524,,,
287000,,,-1004.3184,13.1045,0.0006,-0.0156,5.9086,1083.0499,26.3622,,,
287000,,,,,,,,,,1000,10138.433,35.4708
287500,,,-1002.9401,13.6857,0.0006,-0.0152,8.2087,1333.17,12.6427,,,
288000,,,-1006.5909,9.6657,0.0007,-0.0166,5.7507,670.0304,10.0519,,,
288000,,,,,,,,,,1000,10180.8829,35.4421
288500,,,-1007.924,14.2679,0.0006,-0.0165,7.3865,1288.2865,11.1987,,,
289000,,,-1002.9944,12.1425,0.0005,-0.0143,6.9028,852.8034,15.8007,,,
289000,,,,,,,,,,1000,10246.8961,29.581
289500,,,-1005.1386,16.9455,0.0004,-0.0137,8.4586,1702.2413,13.582,,,
290000,,,-1008.8353,6.2637,0.0011,-0.0208,9.3477,1880.5177,9.8879,,,
290000,10020.1279,1000.0,,,,,,,,,,
290000,,,,,,,,,,1000,10009.5441,25.6566
290500,,,-1005.6927,6.4018,0.0004,-0.0145,5.7287,1252.9888,10.2628,,,
291000,,,-1012.2975,6.0796,0.0005,-0.0134,7.1118,1744.1433,18.4747,,,
291000,,,,,,,,,,1000,10121.7333,35.488
291500,,,-1005.814,7.6355,0.0005,-0.014,8.5375,1220.0568,10.2591,,,
292000,,,-1009.6148,7.3956,0.0008,-0.0173,8.4812,1674.1288,7.8312,,,
292000,,,,,,,,,,1000,10019.3579,35.6325
292500,,,-1014.1759,11.757,0.0005,-0.0158,7.2351,1338.157,15.6252,,,
293000,,,-1007.8759,10.5542,0.0006,-0.014,6.433,1111.7544,10.1441,,,
293000,,,,,,,,,,1000,9845.5417,35.4549
293500,,,-1011.4377,7.8493,0.0008,-0.0176,7.3129,1466.5342,14.4131,,,
294000,,,-1012.7881,10.9839,0.0006,-0.0185,7.199,1333.2725,19.2345,,,
294000,,,,,,,,,,1000,10099.0534,35.4594
294500,,,-1012.7382,14.686,0.0005,-0.0134,9.2336,1982.0461,12.5154,,,
295000,,,-1009.126,12.2113,0.0005,-0.0159,8.0667,1627.6896,14.778,,,
295000,10522.3402,1000.0,,,,,,,,,,
295000,,,,,,,,,,1000,9613.4324,29.2363
295500,,,-1015.1663,14.3634,0.0009,-0.0192,13.8698,2503.7368,11.4995,,,
296000,,,-1011.8052,8.1735,0.0007,-0.0184,7.9096,722.529,14.0475,,,
296000,,,,,,,,,,1000,9561.0016,29.5565
296500,,,-1015.6512,7.258,0.0004,-0.013,5.9621,1075.2076,12.6532,,,
297000,,,-1011.9183,7.3357,0.0005,-0.0148,6.5292,1159.7643,11.8935,,,
297000,,,,,,,,,,1000,9973.556,28.325
297500,,,-1017.0405,5.1023,0.0005,-0.0146,7.4951,968.7025,6.7457,,,
298000,,,-1019.5209,5.8105,0.0007,-0.0146,6.1932,1301.4635,8.2858,,,
298000,,,,,,,,,,1000,10274.6975,33.0708
298500,,,-1015.3046,7.0656,0.0006,-0.0167,7.607,782.5144,17.7666,,,
299000,,,-1021.4962,10.8386,0.0004,-0.0128,7.0337,1237.3025,16.9507,,,
299000,,,,,,,,,,1000,10431.5383,35.9576
299500,,,-1017.7585,12.4063,0.0004,-0.0125,7.752,751.9403,22.9163,,,
300000,,,-1018.5601,10.8077,0.0005,-0.0153,7.0818,1197.0878,12.4677,,,
300000,9696.7908,1000.0,,,,,,,,,,
300000,,,,,,,,,,1000,10224.3114,31.2393
300500,,,-1018.7158,13.4426,0.0006,-0.0135,7.8062,595.6032,16.5155,,,
301000,,,-1018.4291,8.0714,0.0006,-0.0159,10.178,889.9088,17.6661,,,
301000,,,,,,,,,,1000,10145.5597,35.8453
301500,,,-1019.872,14.9787,0.0008,-0.0196,7.0097,726.683,17.8329,,,
302000,,,-1017.2842,18.1533,0.0006,-0.0151,7.4024,910.2977,26.0304,,,
302000,,,,,,,,,,1000,10315.9736,36.1317
302500,,,-1021.6996,11.2877,0.0005,-0.0145,6.8428,1255.6479,18.4993,,,
303000,,,-1022.6616,12.9732,0.0005,-0.0148,11.9308,2848.0581,14.3494,,,
303000,,,,,,,,,,1000,10121.7398,36.2082
303500,,,-1023.1605,12.2273,0.0007,-0.0162,6.7465,703.9643,10.9418,,,
304000,,,-1022.7672,9.6567,0.0006,-0.0161,6.76,1089.4487,7.2264,,,
304000,,,,,,,,,,1000,10571.2447,35.949
304500,,,-1024.4249,8.1722,0.0006,-0.0145,6.5876,1066.8566,11.7664,,,
305000,,,-1025.7446,10.9088,0.0004,-0.0127,6.0033,612.1683,19.5076,,,
305000,10610.5568,1000.0,,,,,,,,,,
305000,,,,,,,,,,1000,10260.6499,31.368
305500,,,-1026.8683,6.0753,0.0005,-0.0113,7.7639,909.3552,9.6241,,,
306000,,,-1026.8082,24.7655,0.0007,-0.0174,7.4119,996.597,13.973,,,
306000,,,,,,,,,,1000,2218.0237,35.8537
306500,,,-1022.1555,10.232,0.0004,-0.0148,7.4328,776.2373,15.5291,,,
307000,,,-1022.1241,21.2559,0.0005,-0.0144,8.7563,1363.9434,19.1799,,,
307000,,,,,,,,,,1000,10343.0413,31.8024
307500,,,-1021.3925,5.7359,0.0005,-0.0143,9.0106,1229.7245,9.4808,,,
308000,,,-1028.9811,10.6228,0.0006,-0.0142,8.5612,1748.4352,8.663,,,
308000,,,,,,,,,,1000,10344.649,35.1218
308500,,,-1027.9502,9.4184,0.0006,-0.0134,6.9375,1084.8331,23.8448,,,
309000,,,-1020.262,11.6439,0.0006,-0.0184,7.7109,540.7478,11.1769,,,
309000,,,,,,,,,,1000,10549.577,35.6803
309500,,,-1027.173,17.5985,0.0007,-0.0183,11.7786,2411.4482,25.1514,,,
310000,,,-1023.6661,10.1183,0.0007,-0.0168,9.1256,1275.8445,14.525,,,
310000,9960.4532,1000.0,,,,,,,,,,
310000,,,,,,,,,,1000,10270.0136,30.9605
310500,,,-1027.679,14.3356,0.0005,-0.016,7.6497,1213.2433,21.9451,,,
311000,,,-1018.3282,10.5063,0.0003,-0.0116,8.5564,1155.703,8.2601,,,
311000,,,,,,,,,,1000,-653.5502,36.8196
311500,,,-1019.1037,6.7708,0.0005,-0.0167,6.8161,895.1913,15.3992,,,
312000,,,-1020.0307,15.8173,0.0006,-0.0157,7.0138,1375.8993,10.5368,,,
312000,,,,,,,,,,1000,10438.344,37.6547
312500,,,-1014.3375,11.1309,0.0003,-0.0108,8.1614,865.7874,16.6373,,,
313000,,,-1021.5971,12.7114,0.0007,-0.0174,7.2052,504.3019,20.5649,,,
313000,,,,,,,,,,1000,-293.9925,36.9839
313500,,,-1017.3826,11.8317,0.0003,-0.0109,10.5153,1006.9188,11.631,,,
314000,,,-1019.2271,8.4187,0.0006,-0.0179,8.4849,541.7112,14.6925,,,
314000,,,,,,,,,,1000,10158.3157,36.1591
314500,,,-1012.7227,6.2767,0.0004,-0.0136,7.6387,1850.4448,12.5928,,,
315000,,,-1020.2693,6.5245,0.0005,-0.015,8.0126,770.0124,13.5402,,,
315000,11121.9211,1000.0,,,,,,,,,,
315000,,,,,,,,,,1000,10292.9401,31.5581
315500,,,-1012.5146,6.8628,0.0005,-0.0135,7.4472,1299.4176,10.34,,,
316000,,,-1015.1416,11.5588,0.0005,-0.016,9.1571,1480.7389,8.324,,,
316000,,,,,,,,,,1000,10403.0631,36.2681
316500,,,-1014.6829,10.1631,0.0005,-0.0134,6.7987,894.5164,9.777,,,
317000,,,-1016.0417,18.97,0.0005,-0.0166,6.1417,646.1115,16.976,,,
317000,,,,,,,,,,1000,10258.7343,36.2149
317500,,,-1014.2501,5.6981,0.0007,-0.0176,6.9006,1697.2358,9.2876,,,
318000,,,-1013.9293,11.9906,0.0004,-0.0126,7.6267,681.9086,18.3973,,,
318000,,,,,,,,,,1000,9782.433,36.1411
318500,,,-1023.1917,6.7314,0.0005,-0.0161,7.8678,1520.4852,12.2854,,,
319000,,,-1018.2098,7.4254,0.0005,-0.0146,7.5621,989.1696,15.9012,,,
319000,,,,,,,,,,1000,10232.5178,36.0215
319500,,,-1016.9653,9.7106,0.0003,-0.0107,8.6543,1153.2908,10.4041,,,
320000,,,-1022.0781,16.7972,0.0004,-0.0148,9.2449,1058.0442,12.1668,,,
320000,10913.9243,1000.0,,,,,,,,,,
320000,,,,,,,,,,1000,3036.3167,29.6807
320500,,,-1018.8385,15.2787,0.0007,-0.0183,9.2035,2021.3998,30.5814,,,
321000,,,-1013.1559,4.5654,0.0006,-0.0163,8.1629,1824.858,11.6267,,,
321000,,,,,,,,,,1000,10363.2724,35.7462
321500,,,-1022.5822,6.1332,0.0005,-0.0146,14.6983,950.8965,15.7766,,,
322000,,,-1026.8334,6.4644,0.0005,-0.0163,9.5711,1750.161,10.4089,,,
322000,,,,,,,,,,1000,10441.2232,35.4232
322500,,,-1015.8825,7.5533,0.0006,-0.017,34.9009,1057.397,23.8267,,,
323000,,,-1017.3568,7.4009,0.0007,-0.0153,9.3467,1168.2937,15.2129,,,
323000,,,,,,,,,,1000,3014.8661,31.4822
323500,,,-1009.6635,10.1363,0.0006,-0.0157,8.1951,1101.8164,8.2985,,,
324000,,,-1014.5195,3.6386,0.0005,-0.0151,13.0973,1670.8038,10.2742,,,
324000,,,,,,,,,,1000,7937.67,31.612
324500,,,-1016.1757,7.107,0.0004,-0.0117,8.8866,550.0333,12.4673,,,
325000,,,-1018.6965,5.5999,0.0004,-0.0124,7.3796,958.5317,12.0693,,,
325000,11177.776,1000.0,,,,,,,,,,
325000,,,,,,,,,,1000,10221.6159,31.8713
325500,,,-1016.0929,11.7434,0.0006,-0.015,19.0459,1044.8817,14.8862,,,
326000,,,-1016.6311,14.8295,0.0005,-0.0144,8.0713,953.8019,22.492,,,
326000,,,,,,,,,,1000,8793.0829,34.3182
326500,,,-1013.878,10.9754,0.0006,-0.0155,9.3695,1046.5392,8.5403,,,
327000,,,-1010.845,10.8255,0.0005,-0.015,11.3969,2186.2227,12.0454,,,
327000,,,,,,,,,,1000,10009.1974,32.1641
327500,,,-1017.578,4.6706,0.0005,-0.0152,7.3212,757.1453,14.5809,,,
328000,,,-1019.3712,9.7445,0.0004,-0.0124,9.0803,1163.2722,18.0896,,,
328000,,,,,,,,,,1000,10349.2888,36.447
328500,,,-1008.902,17.4931,0.0004,-0.0129,11.3324,1671.4714,16.8896,,,
329000,,,-1022.618,8.3097,0.0007,-0.0153,25.7082,1923.5735,13.9589,,,
329000,,,,,,,,,,1000,10618.3713,36.389
329500,,,-1024.2614,12.0803,0.0004,-0.0149,9.2311,1076.7607,8.078,,,
330000,,,-1015.6151,6.7998,0.0004,-0.0115,9.9369,1291.2212,8.4316,,,
330000,11032.4494,1000.0,,,,,,,,,,
330000,,,,,,,,,,1000,10058.7167,30.8514
330500,,,-1003.8541,13.2339,0.0003,-0.0124,12.9291,1002.7155,30.1926,,,
331000,,,-1019.2935,7.2561,0.0004,-0.0144,8.7202,1378.6904,10.3754,,,
331000,,,,,,,,,,1000,10025.2417,35.4514
331500,,,-1023.1658,8.1803,0.0005,-0.0147,18.0025,1007.5936,9.4414,,,
332000,,,-1013.7834,6.1946,0.0004,-0.0129,11.2248,944.655,17.2744,,,
332000,,,,,,,,,,1000,9657.4057,37.5841
332500,,,-1013.2259,11.7347,0.0004,-0.0143,6.2762,535.7597,17.3455,,,
333000,,,-1017.6605,5.0312,0.0004,-0.0131,9.063,1165.5916,6.9402,,,
333000,,,,,,,,,,1000,10064.3636,35.8289
333500,,,-1018.4938,7.6277,0.0005,-0.0126,9.1614,1276.9308,10.6157,,,
334000,,,-1006.8695,10.1047,0.0004,-0.0126,11.1205,1503.6273,16.1582,,,
334000,,,,,,,,,,1000,6369.7007,36.8823
334500,,,-1022.1464,8.628,0.0006,-0.0148,14.2992,1089.0106,13.9608,,,
335000,,,-1011.8049,6.423,0.0005,-0.0147,8.4472,1031.3444,12.5494,,,
335000,11078.9811,1000.0,,,,,,,,,,
335000,,,,,,,,,,1000,10278.2027,30.7784
335500,,,-1021.1176,14.2754,0.0004,-0.0136,7.5024,519.4675,15.8176,,,
336000,,,-1019.1287,10.353,0.0004,-0.0138,8.1526,427.5035,18.8455,,,
336000,,,,,,,,,,1000,10397.4342,36.6583
336500,,,-1017.9985,10.7601,0.0004,-0.0124,7.831,660.4895,20.4765,,,
337000,,,-1022.0371,12.3613,0.0005,-0.0153,7.8691,397.4818,17.0653,,,
337000,,,,,,,,,,1000,10253.8795,37.1989
337500,,,-1023.0217,10.2758,0.0006,-0.0155,8.3397,1247.363,20.0548,,,
338000,,,-1026.6692,12.9142,0.0005,-0.014,9.2393,790.1937,22.9039,,,
338000,,,,,,,,,,1000,9857.9257,38.3333
338500,,,-1016.9307,7.6702,0.0005,-0.0149,9.7195,1079.448,9.3533,,,
339000,,,-1023.1111,14.7035,0.0004,-0.0145,9.5309,1358.0918,12.0621,,,
339000,,,,,,,,,,1000,10041.8624,37.7764
339500,,,-1013.1382,11.7158,0.0005,-0.0147,8.4993,532.9077,11.9847,,,
340000,,,-1020.8109,10.4373,0.0006,-0.0138,9.3953,1137.6405,15.4292,,,
340000,11071.8602,1000.0,,,,,,,,,,
340000,,,,,,,,,,1000,9988.4768,31.2652
340500,,,-1023.1208,12.27,0.0005,-0.0152,8.9831,620.7953,13.9415,,,
341000,,,-1015.4827,12.3195,0.0006,-0.0136,10.4984,472.2464,11.3846,,,
341000,,,,,,,,,,1000,10034.8259,28.1753
341500,,,-1017.6878,17.3042,0.0004,-0.0133,11.0433,820.4485,16.3617,,,
342000,,,-1027.5138,8.0795,0.0004,-0.0126,12.728,1750.4586,16.8748,,,
342000,,,,,,,,,,1000,10169.5595,34.596
342500,,,-1007.0328,15.7806,0.0005,-0.0157,7.867,733.5393,24.562,,,
343000,,,-1037.1952,8.3349,0.0004,-0.0137,9.141,1315.903,13.2646,,,
343000,,,,,,,,,,1000,9455.1111,35.7497
343500,,,-1021.9057,4.785,0.0004,-0.014,7.9675,680.0214,6.4667,,,
344000,,,-1029.1786,8.6125,0.0004,-0.013,29.7974,1038.7191,17.1392,,,
344000,,,,,,,,,,1000,10565.4162,36.305
344500,,,-1046.3533,15.3121,0.0004,-0.0143,10.8729,774.4156,14.6975,,,
345000,,,-1019.9957,7.7961,0.0004,-0.0135,13.3826,1691.0898,11.1443,,,
345000,11248.2615,1000.0,,,,,,,,,,
345000,,,,,,,,,,1000,5974.9287,30.9848
345500,,,-1018.0508,9.638,0.0004,-0.012,30.3449,1633.5128,8.0782,,,
346000,,,-1042.1974,11.0854,0.0005,-0.0144,9.8126,863.7377,7.0914,,,
346000,,,,,,,,,,1000,10282.1443,35.5093
346500,,,-1030.1981,8.0702,0.0006,-0.0144,21.6904,1620.499,15.3834,,,
347000,,,-1025.8702,13.7313,0.0005,-0.0153,8.5288,684.434,14.2425,,,
347000,,,,,,,,,,1000,10400.7005,36.2104
347500,,,-1036.9963,10.2496,0.0004,-0.0139,10.7706,479.9765,10.1386,,,
348000,,,-1024.4456,6.0486,0.0005,-0.0146,20.4935,1771.7041,9.6144,,,
348000,,,,,,,,,,1000,10028.1598,36.1566
348500,,,-1036.8942,15.3796,0.0004,-0.0137,14.248,1361.6925,19.6576,,,
349000,,,-1030.2432,19.4884,0.0004,-0.0117,9.5121,614.6656,17.4638,,,
349000,,,,,,,,,,1000,10027.7081,35.352
349500,,,-1048.2429,9.4712,0.0005,-0.0168,16.6327,2873.1321,17.1064,,,
350000,,,-1030.3663,16.3782,0.0006,-0.0166,13.0435,608.9546,15.2759,,,
350000,10835.7546,1000.0,,,,,,,,,,
350000,,,,,,,,,,1000,10462.5774,30.6489
350500,,,-1037.2673,11.3197,0.0005,-0.0149,9.9613,924.2528,11.45,,,
351000,,,-1044.9647,16.8199,0.0003,-0.0113,10.1413,1445.2684,15.36,,,
351000,,,,,,,,,,1000,10252.5263,35.6171
351500,,,-1030.1281,9.7654,0.0004,-0.0138,11.0126,805.9948,15.6901,,,
352000,,,-1036.8954,6.136,0.0003,-0.0105,19.6288,1825.8391,11.9254,,,
352000,,,,,,,,,,1000,10569.8258,35.9101
352500,,,-1054.8253,14.2306,0.0004,-0.0123,10.7405,791.5424,8.7049,,,
353000,,,-1048.8044,12.1876,0.0003,-0.0101,10.1929,1033.177,9.8793,,,
353000,,,,,,,,,,1000,10518.8749,35.9784
353500,,,-1049.2065,6.8271,0.0004,-0.0125,10.4884,1475.3308,12.2436,,,
354000,,,-1050.0569,8.9581,0.0005,-0.013,11.2693,699.5793,9.2733,,,
354000,,,,,,,,,,1000,10428.2959,35.9416
354500,,,-1047.7362,5.4531,0.0004,-0.0132,9.5078,668.6431,15.732,,,
355000,,,-1047.6444,9.2704,0.0006,-0.0158,14.3067,941.0637,12.0871,,,
355000,11200.9664,1000.0,,,,,,,,,,
355000,,,,,,,,,,1000,9658.2818,31.1764
355500,,,-1049.1279,9.454,0.0004,-0.0135,11.6087,936.3782,12.8423,,,
356000,,,-1039.5171,3.9504,0.0004,-0.0138,11.605,1390.0621,7.7586,,,
356000,,,,,,,,,,1000,10266.8349,36.1727
356500,,,-1046.6832,7.7155,0.0004,-0.0136,11.2471,1159.2056,14.6284,,,
357000,,,-1041.5552,11.8654,0.0004,-0.0135,7.6529,1029.1051,16.336,,,
357000,,,,,,,,,,1000,10680.3192,33.1692
357500,,,-1047.7084,7.095,0.0006,-0.0161,8.5883,367.0262,8.2282,,,
358000,,,-1050.6982,9.5475,0.0005,-0.0151,9.5163,427.1648,17.3699,,,
358000,,,,,,,,,,1000,10636.251,37.5768
358500,,,-1055.0367,9.7285,0.0003,-0.0101,8.7202,614.5221,17.7062,,,
359000,,,-1057.7637,6.2894,0.0004,-0.0129,10.0884,1172.6788,13.6962,,,
359000,,,,,,,,,,1000,9696.016,35.2545
359500,,,-1056.8096,9.6835,0.0003,-0.0112,11.2896,1222.9495,12.2564,,,
360000,,,-1041.5651,14.854,0.0004,-0.0141,11.0611,1328.5807,27.3666,,,
360000,11357.3352,1000.0,,,,,,,,,,
360000,,,,,,,,,,1000,10366.0806,28.5291
360500,,,-1056.3044,7.1098,0.0005,-0.0158,10.0385,901.8099,9.7001,,,
361000,,,-1055.73,6.5141,0.0005,-0.0144,10.7486,720.8492,9.7445,,,
361000,,,,,,,,,,1000,10691.0949,35.5188
361500,,,-1050.7142,8.716,0.0006,-0.0163,10.8928,1035.6184,6.7061,,,
362000,,,-1054.646,8.4041,0.0004,-0.013,15.6066,2361.9583,8.9842,,,
362000,,,,,,,,,,1000,9837.2748,36.6946
362500,,,-1039.448,11.3847,0.0004,-0.0149,9.2478,1722.3986,11.8778,,,
363000,,,-1050.6128,6.0494,0.0003,-0.0113,10.7627,1572.0273,15.5965,,,
363000,,,,,,,,,,1000,10634.8034,36.887
363500,,,-1065.3409,7.3561,0.0005,-0.0144,11.1245,1607.1499,16.012,,,
364000,,,-1058.4486,12.4168,0.0005,-0.0141,11.9747,1264.4735,13.5131,,,
364000,,,,,,,,,,1000,10693.7847,36.5996
364500,,,-1060.9216,9.9367,0.0004,-0.0136,10.5585,1036.2203,16.8731,,,
365000,,,-1047.16,8.8727,0.0005,-0.0158,15.4433,1263.166,17.3483,,,
365000,11359.6498,1000.0,,,,,,,,,,
365000,,,,,,,,,,1000,10512.9804,31.4979
365500,,,-1059.3419,15.1508,0.0004,-0.0136,13.7772,1727.5465,16.3128,,,
366000,,,-1050.1121,10.4497,0.0004,-0.0137,9.7611,1068.3379,15.9967,,,
366000,,,,,,,,,,1000,10452.0287,36.6335
366500,,,-1059.4451,6.8231,0.0005,-0.0139,9.6561,687.6889,16.8106,,,
367000,,,-1062.3208,7.9139,0.0005,-0.0118,12.8355,1417.724,11.5687,,,
367000,,,,,,,,,,1000,10429.1054,31.2215
367500,,,-1064.665,12.769,0.0006,-0.0152,10.3079,1193.0984,13.6791,,,
368000,,,-1057.8038,14.7991,0.0004,-0.0121,9.8991,1393.3872,10.6317,,,
368000,,,,,,,,,,1000,9836.7194,33.8748
368500,,,-1061.0671,19.9441,0.0005,-0.0128,10.5248,1304.2352,17.9499,,,
369000,,,-1055.8386,9.9246,0.0003,-0.013,9.3428,720.2061,7.4472,,,
369000,,,,,,,,,,1000,11071.1481,33.6903
369500,,,-1070.8999,15.4088,0.0007,-0.017,10.8004,1204.3668,11.9134,,,
370000,,,-1058.0052,16.3819,0.0004,-0.0124,8.0862,883.5755,13.7622,,,
370000,11338.4094,1000.0,,,,,,,,,,
370000,,,,,,,,,,1000,10646.0373,31.3002
370500,,,-1058.5466,8.8666,0.0004,-0.0136,11.8962,2046.5319,9.4724,,,
371000,,,-1063.1912,5.8445,0.0003,-0.0119,7.4878,852.2479,8.1471,,,
371000,,,,,,,,,,1000,10944.2903,35.755
371500,,,-1064.9435,9.2484,0.0005,-0.0148,8.3017,1040.5591,12.4677,,,
372000,,,-1061.375,16.3511,0.0004,-0.0132,10.1233,1074.6788,16.0546,,,
372000,,,,,,,,,,1000,10018.955,35.582
372500,,,-1066.5648,4.0413,0.0006,-0.0154,8.6388,586.5729,7.1647,,,
373000,,,-1063.7291,11.9078,0.0004,-0.0111,11.1971,931.5933,13.9833,,,
373000,,,,,,,,,,1000,10211.1519,35.7019
373500,,,-1064.1738,15.7461,0.0003,-0.0119,8.2842,397.9659,20.9736,,,
374000,,,-1063.2897,13.2967,0.0004,-0.0124,7.8658,552.1141,11.9585,,,
374000,,,,,,,,,,1000,10874.2221,35.5778
374500,,,-1057.8903,7.1305,0.0007,-0.0185,7.9198,645.4467,9.5738,,,
375000,,,-1067.2925,5.0069,0.0005,-0.0134,8.8809,1254.7684,11.1671,,,
375000,11011.2436,1000.0,,,,,,,,,,
375000,,,,,,,,,,1000,10977.9537,31.1851
375500,,,-1071.46,8.5733,0.0005,-0.0157,10.6066,894.0818,14.2244,,,
376000,,,-1067.2363,17.5089,0.0005,-0.015,10.2594,1422.8082,26.6241,,,
376000,,,,,,,,,,1000,10353.7415,28.6299
376500,,,-1062.026,6.9414,0.0004,-0.014,9.2417,534.666,7.6578,,,
377000,,,-1068.0482,14.3424,0.0004,-0.0131,9.6786,1121.3394,9.8632,,,
377000,,,,,,,,,,1000,10644.3643,30.9415
377500,,,-1067.0284,16.2386,0.0005,-0.0141,10.94,1082.6335,19.3677,,,
378000,,,-1073.1903,14.5968,0.0006,-0.0148,9.9383,1410.2649,10.4913,,,
378000,,,,,,,,,,1000,10823.6427,36.7309
378500,,,-1070.1213,5.7129,0.0006,-0.0161,10.0026,1710.1115,11.4719,,,
379000,,,-1073.8867,12.2781,0.0004,-0.0127,11.9145,1754.2867,16.9238,,,
379000,,,,,,,,,,1000,10922.9275,35.8594
379500,,,-1080.7715,13.5257,0.0005,-0.0138,7.8678,525.6505,7.8949,,,
380000,,,-1076.0066,8.2803,0.0005,-0.0142,10.6468,941.375,16.9671,,,
380000,11078.6766,1000.0,,,,,,,,,,
380000,,,,,,,,,,1000,10926.0962,30.7402
380500,,,-1078.4763,17.1969,0.0004,-0.0114,8.2185,1004.0411,12.2949,,,
381000,,,-1066.1277,10.8349,0.0004,-0.0129,9.3806,1348.5267,8.1834,,,
381000,,,,,,,,,,1000,10701.9148,28.1267
381500,,,-1072.5006,6.2294,0.0004,-0.012,11.0322,1750.2036,14.0646,,,
382000,,,-1075.8679,19.046,0.0004,-0.0123,10.8899,1264.7614,18.7783,,,
382000,,,,,,,,,,1000,10968.0719,32.8916
382500,,,-1067.1228,6.3267,0.0005,-0.0137,10.111,880.1278,11.6003,,,
383000,,,-1074.8065,8.4539,0.0005,-0.0136,8.317,955.817,8.5765,,,
383000,,,,,,,,,,1000,10652.2651,28.414
383500,,,-1073.9554,8.6862,0.0004,-0.0128,11.9738,1063.4645,11.6389,,,
384000,,,-1067.3864,8.2287,0.0004,-0.0131,10.533,2024.416,15.8053,,,
384000,,,,,,,,,,1000,10922.3929,34.8952
384500,,,-1061.0054,7.9718,0.0004,-0.0134,11.3889,1601.5634,8.1383,,,
385000,,,-1073.8484,10.3864,0.0007,-0.0144,8.1952,1385.3739,9.5604,,,
385000,11296.5395,1000.0,,,,,,,,,,
385000,,,,,,,,,,1000,10851.2464,30.897
385500,,,-1067.5853,10.4777,0.0004,-0.0123,9.1493,1154.1127,11.1672,,,
386000,,,-1064.4895,7.6605,0.0005,-0.014,9.4725,1296.1509,9.288,,,
386000,,,,,,,,,,1000,10725.7452,35.7202
386500,,,-1060.0548,6.5226,0.0004,-0.0127,9.4351,792.605,9.8194,,,
387000,,,-1067.9446,12.4489,0.0006,-0.0152,9.5,1020.4294,14.3036,,,
387000,,,,,,,,,,1000,10868.8853,36.5322
387500,,,-1075.2135,16.879,0.0004,-0.0127,10.1652,1409.6691,21.3964,,,
388000,,,-1073.3606,18.3077,0.0006,-0.0154,10.5928,1109.277,24.7542,,,
388000,,,,,,,,,,1000,10972.5143,36.3926
388500,,,-1076.4117,9.0456,0.0006,-0.0169,10.2497,956.9997,10.5549,,,
389000,,,-1075.8423,11.28,0.0005,-0.0138,8.4189,1030.8195,14.7581,,,
389000,,,,,,,,,,1000,10851.568,30.7429
389500,,,-1081.6071,11.4659,0.0005,-0.0148,8.4856,731.0942,8.7096,,,
390000,,,-1085.5874,11.2432,0.0005,-0.0146,9.6702,1538.5242,21.8565,,,
390000,11698.4617,1000.0,,,,,,,,,,
390000,,,,,,,,,,1000,10736.6466,31.361
390500,,,-1081.5862,6.6882,0.0005,-0.0127,8.9983,652.2897,15.4162,,,
391000,,,-1086.6364,17.2827,0.0006,-0.0138,8.1845,988.7419,10.883,,,
391000,,,,,,,,,,1000,11008.6661,35.8642
391500,,,-1081.9677,12.0331,0.0004,-0.0133,8.9941,818.8865,17.8684,,,
392000,,,-1081.3164,10.7466,0.0005,-0.0132,11.0793,1563.6759,9.4122,,,
392000,,,,,,,,,,1000,10966.3395,35.2824
392500,,,-1084.7332,8.197,0.0004,-0.0132,7.4484,1042.4603,12.8974,,,
393000,,,-1085.7385,10.187,0.0005,-0.0143,8.7964,1560.83,11.9058,,,
393000,,,,,,,,,,1000,11034.2243,32.695
393500,,,-1074.2487,8.6304,0.0004,-0.0142,9.5544,1951.667,13.8154,,,
394000,,,-1086.217,13.2247,0.0005,-0.0157,8.8981,1036.6633,11.1887,,,
394000,,,,,,,,,,1000,11121.7243,35.6458
394500,,,-1091.5825,9.9765,0.0006,-0.016,8.8032,513.6722,10.0099,,,
395000,,,-1077.4452,15.8931,0.0005,-0.0149,9.4831,1166.2899,19.6121,,,
395000,11657.5596,1000.0,,,,,,,,,,
395000,,,,,,,,,,1000,10496.8821,30.7829
395500,,,-1096.8353,12.9452,0.0005,-0.0147,6.3755,915.0082,8.2424,,,
396000,,,-1090.2416,8.7736,0.0006,-0.0164,8.05,981.2864,11.724,,,
396000,,,,,,,,,,1000,10729.5811,35.4926
396500,,,-1068.7009,13.6188,0.0005,-0.0154,8.77,1193.1664,21.97,,,
397000,,,-1086.6027,7.9873,0.0005,-0.015,10.9504,2264.9395,8.9901,,,
397000,,,,,,,,,,1000,11076.6488,35.6069
397500,,,-1085.3694,6.2431,0.0004,-0.0139,11.3787,985.5444,8.007,,,
398000,,,-1094.0813,18.2135,0.0006,-0.0175,10.9723,1465.8882,17.8248,,,
398000,,,,,,,,,,1000,10847.4921,35.7067
398500,,,-1082.0167,10.8948,0.0004,-0.0146,10.0061,652.1767,15.2886,,,
399000,,,-1090.2421,14.7163,0.0005,-0.0156,11.2949,1881.4542,20.4529,,,
399000,,,,,,,,,,1000,11008.909,35.7466
399500,,,-1083.8784,8.1813,0.0005,-0.0142,8.6763,711.889,14.4595,,,
400000,,,-1085.0615,11.4262,0.0003,-0.0126,10.2978,1272.671,10.7237,,,
400000,11573.7984,1000.0,,,,,,,,,,
400000,,,,,,,,,,1000,10947.8812,27.2222
400500,,,-1082.7156,5.2263,0.0004,-0.014,9.1004,1036.2061,10.9512,,,
401000,,,-1084.885,12.3282,0.0004,-0.0116,12.538,2551.3833,12.0258,,,
401000,,,,,,,,,,1000,10899.5248,31.3203
401500,,,-1089.2961,9.4037,0.0006,-0.0162,10.6042,676.7244,9.7797,,,
402000,,,-1090.399,17.8137,0.0004,-0.0128,9.6526,1156.7413,12.636,,,
402000,,,,,,,,,,1000,10915.0993,35.9857
402500,,,-1093.6058,22.0917,0.0005,-0.0162,9.8337,1113.6243,9.8278,,,
403000,,,-1086.8826,9.272,0.0004,-0.0136,9.1809,796.6117,9.2889,,,
403000,,,,,,,,,,1000,10874.339,36.5789
403500,,,-1087.7289,9.8503,0.0005,-0.0151,10.1802,1219.9707,20.3216,,,
404000,,,-1078.5558,5.0769,0.0004,-0.0132,9.5922,977.715,7.343,,,
404000,,,,,,,,,,1000,10858.8832,36.8504
404500,,,-1086.4449,5.9561,0.0005,-0.0149,10.1847,1040.9257,6.4858,,,
405000,,,-1088.2057,9.4674,0.0005,-0.0127,12.588,1156.236,5.8794,,,
405000,5995.1623,1000.0,,,,,,,,,,
405000,,,,,,,,,,1000,7118.8609,31.5207
405500,,,-1090.4492,5.5517,0.0004,-0.0129,11.1116,1788.5947,8.5441,,,
406000,,,-1087.8838,7.4617,0.0005,-0.0148,8.7858,476.08,14.1807,,,
406000,,,,,,,,,,1000,9695.9251,36.4085
406500,,,-1093.0323,12.7598,0.0005,-0.0158,11.7247,1429.3104,13.7144,,,
407000,,,-1093.2408,12.0903,0.0005,-0.0155,10.4068,1714.5071,17.0664,,,
407000,,,,,,,,,,1000,10412.6808,36.3985
407500,,,-1093.0879,17.0899,0.0003,-0.0113,11.4919,834.7899,16.3578,,,
408000,,,-1097.8129,7.848,0.0007,-0.0167,13.5812,561.468,15.822,,,
408000,,,,,,,,,,1000,10421.9841,33.4783
408500,,,-1094.7563,10.869,0.0005,-0.015,10.886,1249.8704,10.7419,,,
409000,,,-1091.7452,11.2414,0.0004,-0.0143,18.8869,1103.6221,12.5362,,,
409000,,,,,,,,,,1000,11113.8234,35.3754
409500,,,-1092.4805,6.429,0.0004,-0.0127,10.708,1257.6224,12.482,,,
410000,,,-1099.3225,11.8706,0.0005,-0.014,11.9854,674.6044,11.5093,,,
410000,11597.2281,1000.0,,,,,,,,,,
410000,,,,,,,,,,1000,10722.0642,30.9147
410500,,,-1094.5552,9.9716,0.0004,-0.0126,14.562,1201.0946,15.6205,,,
411000,,,-1106.5157,13.9364,0.0006,-0.0165,10.0034,398.7977,19.9928,,,
411000,,,,,,,,,,1000,11034.5008,35.9702
411500,,,-1105.8431,9.0302,0.0005,-0.0134,9.2798,534.267,20.0357,,,
412000,,,-1100.615,11.2761,0.0005,-0.0133,16.5624,2707.3228,9.6325,,,
412000,,,,,,,,,,1000,10863.2628,32.7188
412500,,,-1099.6456,10.5296,0.0005,-0.0147,13.0721,1409.5485,15.31,,,
413000,,,-1109.0912,20.9896,0.0003,-0.0119,11.367,1135.1971,14.9936,,,
413000,,,,,,,,,,1000,10655.3074,35.8349
413500,,,-1102.0884,13.1303,0.0005,-0.0139,7.6143,784.3148,11.4753,,,
414000,,,-1113.0164,5.9729,0.0004,-0.0116,11.062,1404.4515,9.4606,,,
414000,,,,,,,,,,1000,11002.0995,36.8616
414500,,,-1101.381,6.5211,0.0004,-0.0136,13.0619,2490.6963,7.7756,,,
415000,,,-1114.7614,12.2596,0.0004,-0.0136,11.0349,2553.0298,10.8475,,,
415000,11671.4438,1000.0,,,,,,,,,,
415000,,,,,,,,,,1000,11177.2869,31.0911
415500,,,-1109.162,6.2543,0.0006,-0.0147,9.5913,1500.2548,9.5904,,,
416000,,,-1119.1237,9.1323,0.0004,-0.0133,11.7845,1710.3806,9.7572,,,
416000,,,,,,,,,,1000,10407.7587,35.9269
416500,,,-1109.2328,14.4956,0.0004,-0.0132,11.3921,910.8036,18.7654,,,
417000,,,-1109.2058,14.0482,0.0004,-0.013,12.975,2311.1169,13.6154,,,
417000,,,,,,,,,,1000,11098.9369,35.9352
417500,,,-1112.3173,7.1716,0.0006,-0.0172,11.2561,1079.9509,19.8173,,,
418000,,,-1114.2968,8.4651,0.0004,-0.0141,10.3102,1131.6617,13.1159,,,
418000,,,,,,,,,,1000,11134.0007,35.8396
418500,,,-1120.6001,15.3074,0.0005,-0.0124,11.6989,1684.2001,19.6988,,,
419000,,,-1115.5997,5.1917,0.0004,-0.0125,11.0364,1536.3926,12.1065,,,
419000,,,,,,,,,,1000,11054.7413,35.9427
419500,,,-1109.9154,6.5192,0.0005,-0.014,10.2552,1499.1953,8.5927,,,
420000,,,-1118.2479,11.892,0.0004,-0.0113,9.0694,1217.6472,16.1772,,,
420000,10923.8638,1000.0,,,,,,,,,,
420000,,,,,,,,,,1000,11331.2222,31.2088
420500,,,-1113.9498,11.3999,0.0004,-0.0137,9.1982,1254.3698,17.7464,,,
421000,,,-1116.7393,23.3083,0.0004,-0.0126,9.2755,1169.7335,19.3295,,,
421000,,,,,,,,,,1000,11038.733,36.412
421500,,,-1114.8542,7.3852,0.0004,-0.0117,10.3867,1720.5438,7.747,,,
422000,,,-1111.5549,7.4682,0.0005,-0.0142,7.9734,724.709,9.7112,,,
422000,,,,,,,,,,1000,11167.227,34.1704
422500,,,-1124.3807,8.7949,0.0005,-0.0149,10.2875,1346.4564,10.6247,,,
423000,,,-1128.7815,7.484,0.0003,-0.0117,8.1839,1178.4586,10.0415,,,
423000,,,,,,,,,,1000,10845.971,35.6457
423500,,,-1128.4991,12.7687,0.0005,-0.0149,11.7133,2050.5322,10.964,,,
424000,,,-1127.4292,11.1249,0.0004,-0.0114,11.1441,1126.7886,18.9636,,,
424000,,,,,,,,,,1000,10721.8885,35.7511
424500,,,-1126.7322,9.9753,0.0004,-0.0133,8.8563,1300.8939,10.1039,,,
425000,,,-1127.129,19.5668,0.0005,-0.0128,9.2173,566.4429,21.5542,,,
425000,11909.9282,1000.0,,,,,,,,,,
425000,,,,,,,,,,1000,11194.5772,30.8983
425500,,,-1132.4541,12.2446,0.0009,-0.0195,10.1045,1729.7894,11.9805,,,
426000,,,-1118.9315,13.1683,0.0004,-0.0124,10.823,1952.928,14.2611,,,
426000,,,,,,,,,,1000,4842.0862,35.5837
426500,,,-1128.995,5.4133,0.0003,-0.0106,13.6536,2867.0959,10.1517,,,
427000,,,-1125.0529,7.3789,0.0004,-0.0132,7.7153,1180.0228,10.4405,,,
427000,,,,,,,,,,1000,11071.8603,33.9036
427500,,,-1128.509,17.7476,0.0004,-0.0141,11.8714,2868.4114,18.067,,,
428000,,,-1127.256,12.9918,0.0003,-0.0119,9.5836,1139.3236,8.9314,,,
428000,,,,,,,,,,1000,11349.0723,35.5958
428500,,,-1119.0645,9.2199,0.0006,-0.0143,10.8744,1893.2183,8.52,,,
429000,,,-1126.4716,8.3267,0.0005,-0.0163,9.9767,1028.0437,8.1345,,,
429000,,,,,,,,,,1000,10965.0412,32.9601
429500,,,-1131.5564,9.6413,0.0006,-0.0151,9.5377,1910.9464,13.4605,,,
430000,,,-1131.7301,8.4626,0.0004,-0.0131,10.6114,1522.4602,16.9353,,,
430000,11744.8509,1000.0,,,,,,,,,,
430000,,,,,,,,,,1000,11098.1148,29.138
430500,,,-1132.1908,9.5689,0.0004,-0.0136,16.3264,3226.0737,10.5983,,,
431000,,,-1132.6912,11.896,0.0005,-0.015,11.915,590.6967,14.549,,,
431000,,,,,,,,,,1000,11153.5222,35.6298
431500,,,-1131.4263,11.1972,0.0004,-0.013,11.2135,1766.198,12.2253,,,
432000,,,-1130.1522,23.3847,0.0005,-0.0148,9.1965,930.22,21.1048,,,
432000,,,,,,,,,,1000,11198.2366,36.0053
432500,,,-1128.9467,9.2844,0.0005,-0.0138,11.6926,2166.6206,11.2,,,
433000,,,-1128.9055,6.0282,0.0004,-0.0117,11.998,1939.0745,7.9061,,,
433000,,,,,,,,,,1000,7058.7936,36.5812
433500,,,-1129.801,8.26,0.0004,-0.0112,10.3062,557.893,11.3998,,,
434000,,,-1140.0674,12.9256,0.0007,-0.0135,12.8402,2146.6665,12.7967,,,
434000,,,,,,,,,,1000,11088.9862,31.9113
434500,,,-1127.832,7.1904,0.0004,-0.0123,10.5354,1977.8895,13.7695,,,
435000,,,-1130.5708,8.1957,0.0004,-0.0125,10.8238,917.7323,8.9796,,,
435000,11448.4239,1000.0,,,,,,,,,,
435000,,,,,,,,,,1000,11229.3649,30.6549
435500,,,-1133.8099,7.8035,0.0004,-0.0129,11.0007,2047.9242,7.1362,,,
436000,,,-1133.395,5.9392,0.0005,-0.0131,11.2199,1225.3701,9.2014,,,
436000,,,,,,,,,,1000,10784.8985,36.6216
436500,,,-1146.4019,18.9209,0.0004,-0.0134,11.8093,2403.439,25.3354,,,
437000,,,-1135.2391,12.1652,0.0005,-0.0138,9.3657,789.2115,11.5962,,,
437000,,,,,,,,,,1000,11148.297,36.9377
437500,,,-1142.7484,6.5314,0.0004,-0.0136,10.7633,846.6702,8.7904,,,
438000,,,-1132.6046,13.5034,0.0006,-0.0159,9.7969,1481.9156,12.9038,,,
438000,,,,,,,,,,1000,10978.8852,34.3305
438500,,,-1142.9294,16.6096,0.0006,-0.0166,9.7955,1872.0183,14.333,,,
439000,,,-1131.291,17.4166,0.0004,-0.0122,10.6116,1917.981,18.138,,,
439000,,,,,,,,,,1000,10529.7917,35.6571
439500,,,-1133.7607,7.5655,0.0003,-0.0105,10.7221,2097.6924,11.1866,,,
440000,,,-1131.4432,16.04,0.0004,-0.0121,9.9682,1325.8628,18.5518,,,
440000,11086.1323,1000.0,,,,,,,,,,
440000,,,,,,,,,,1000,10974.5957,30.9131
440500,,,-1136.4941,16.1863,0.0004,-0.0113,8.838,561.7531,17.5767,,,
441000,,,-1142.8029,5.8976,0.0004,-0.0114,12.6326,1173.3323,12.1127,,,
441000,,,,,,,,,,1000,10644.0926,36.0641
441500,,,-1135.5045,6.3858,0.0006,-0.0157,10.3643,644.8875,15.5583,,,
442000,,,-1138.0366,15.4435,0.0004,-0.0117,12.405,1372.0463,19.6631,,,
442000,,,,,,,,,,1000,10190.8635,36.4911
442500,,,-1134.0682,11.4537,0.0004,-0.0125,10.5663,1974.7357,10.7816,,,
443000,,,-1139.1486,11.8668,0.0005,-0.0136,12.9519,2004.217,10.1377,,,
443000,,,,,,,,,,1000,11055.9066,36.6531
443500,,,-1137.2616,17.8812,0.0004,-0.0134,15.2656,2959.092,10.7492,,,
444000,,,-1138.7162,16.0468,0.0004,-0.0146,14.1105,2026.1322,16.9399,,,
444000,,,,,,,,,,1000,11043.2471,35.9855
444500,,,-1134.0936,10.1654,0.0004,-0.0133,14.6135,1862.2601,17.1449,,,
445000,,,-1142.4631,7.6206,0.0005,-0.0146,12.1425,1129.9764,8.6736,,,
445000,11762.4108,1000.0,,,,,,,,,,
445000,,,,,,,,,,1000,11116.2997,31.0314
445500,,,-1139.9471,7.6311,0.0004,-0.0126,12.1302,2347.5947,10.2401,,,
446000,,,-1143.9182,8.6288,0.0004,-0.0122,9.4277,639.2767,10.4971,,,
446000,,,,,,,,,,1000,5843.2101,35.9335
446500,,,-1138.5812,7.463,0.0003,-0.0118,15.5768,2094.6433,14.9675,,,
447000,,,-1142.9065,6.0468,0.0004,-0.0116,13.816,2585.3682,17.0967,,,
447000,,,,,,,,,,1000,11046.121,35.9661
447500,,,-1140.6653,11.3986,0.0005,-0.0128,9.5425,1200.1918,5.9774,,,
448000,,,-1145.7837,14.1013,0.0004,-0.0131,10.1994,750.512,12.2976,,,
448000,,,,,,,,,,1000,3179.0405,35.9571
448500,,,-1142.463,10.1092,0.0004,-0.0123,11.7361,1235.9023,14.334,,,
449000,,,-1131.3516,9.0937,0.0003,-0.0112,11.4208,1417.7938,7.4377,,,
449000,,,,,,,,,,1000,9614.2873,31.0934
449500,,,-1137.3345,6.5408,0.0005,-0.0145,11.503,1814.8553,11.417,,,
450000,,,-1136.1492,6.5199,0.0004,-0.0111,15.1644,913.893,11.1379,,,
450000,11422.0808,1000.0,,,,,,,,,,
450000,,,,,,,,,,1000,4066.4848,29.3388
450500,,,-1126.7115,10.6577,0.0006,-0.0161,10.9713,2325.8325,9.8978,,,
451000,,,-1134.3512,17.2615,0.0004,-0.0113,11.2415,2064.5764,11.7269,,,
451000,,,,,,,,,,1000,10915.4389,28.7448
451500,,,-1126.5652,11.2715,0.0003,-0.0129,9.2013,583.0502,10.7188,,,
452000,,,-1147.2107,18.2274,0.0004,-0.0117,9.1425,694.0598,18.4179,,,
452000,,,,,,,,,,1000,11100.0529,37.6044
452500,,,-1132.7814,9.4232,0.0004,-0.012,29.5224,1721.0259,13.2265,,,
453000,,,-1127.3612,7.0221,0.0003,-0.0106,10.8704,884.5604,12.838,,,
453000,,,,,,,,,,1000,-100.8966,38.0855
453500,,,-1120.1343,5.4026,0.0003,-0.0118,13.5026,2451.6477,14.0466,,,
454000,,,-1123.3586,14.0474,0.0005,-0.0127,11.3206,1233.2423,10.025,,,
454000,,,,,,,,,,1000,11073.2431,36.162
454500,,,-1121.0718,14.4729,0.0003,-0.0089,13.2262,1502.626,18.8691,,,
455000,,,-1126.1809,15.8708,0.0004,-0.0118,9.7167,1255.399,15.7818,,,
455000,11144.2981,1000.0,,,,,,,,,,
455000,,,,,,,,,,1000,11199.6615,30.9027
455500,,,-1123.4608,8.5658,0.0003,-0.0126,12.0723,2749.103,13.0322,,,
456000,,,-1127.5675,12.0009,0.0005,-0.0139,12.0121,1332.0547,19.1619,,,
456000,,,,,,,,,,1000,11183.2504,32.29
456500,,,-1133.061,13.3253,0.0004,-0.0116,11.9494,1830.4539,14.8677,,,
457000,,,-1133.156,6.6685,0.0004,-0.0118,14.8508,2174.6919,6.434,,,
457000,,,,,,,,,,1000,11312.3732,36.0424
457500,,,-1140.5482,13.6445,0.0004,-0.013,10.9136,1748.1586,13.5342,,,
458000,,,-1121.627,6.6826,0.0004,-0.0128,11.287,1793.3499,8.0224,,,
458000,,,,,,,,,,1000,7816.0961,36.0928
458500,,,-1115.4128,9.4673,0.0004,-0.0127,10.8502,1186.2544,9.7565,,,
459000,,,-1128.3417,13.1927,0.0003,-0.0128,11.5673,1464.2272,11.7851,,,
459000,,,,,,,,,,1000,9464.2628,29.9916
459500,,,-1120.478,12.1601,0.0006,-0.017,11.0326,1573.8428,12.2987,,,
460000,,,-1123.1641,9.8811,0.0004,-0.0121,15.5014,2343.8157,12.9242,,,
460000,9666.1513,1000.0,,,,,,,,,,
460000,,,,,,,,,,1000,11076.0629,29.6476
460500,,,-1127.2069,11.1573,0.0007,-0.0174,13.9188,1399.2655,11.7892,,,
461000,,,-1126.9503,20.7399,0.0004,-0.0118,16.9065,2427.3027,18.2037,,,
461000,,,,,,,,,,1000,10295.3501,35.7826
461500,,,-1123.8604,11.1789,0.0004,-0.0126,12.2632,617.343,11.9922,,,
462000,,,-1123.2623,8.8353,0.0004,-0.0125,11.1783,1455.2821,12.8741,,,
462000,,,,,,,,,,1000,1098.7261,37.2286
462500,,,-1120.7587,14.9185,0.0004,-0.0138,14.4971,1585.7919,10.8337,,,
463000,,,-1120.1697,8.1973,0.0003,-0.0097,43.9063,1083.1312,13.0881,,,
463000,,,,,,,,,,1000,10495.6604,37.1888
463500,,,-1123.1128,9.5181,0.0003,-0.0121,12.7478,1471.2042,9.6347,,,
464000,,,-1119.6971,11.7785,0.0003,-0.0111,10.1842,1060.6244,9.5478,,,
464000,,,,,,,,,,1000,10453.7798,35.5848
464500,,,-1105.556,11.4196,0.0003,-0.0125,10.3366,1210.8777,8.7179,,,
465000,,,-1121.4069,9.2354,0.0005,-0.0138,10.9863,467.3952,9.6384,,,
465000,9728.5308,1000.0,,,,,,,,,,
465000,,,,,,,,,,1000,10862.5928,31.0254
465500,,,-1119.2502,7.1258,0.0003,-0.0095,15.7478,710.5935,12.0597,,,
466000,,,-1125.3484,7.9224,0.0003,-0.0103,19.1144,2917.5564,9.1154,,,
466000,,,,,,,,,,1000,10423.1068,36.4827
466500,,,-1123.5874,7.7901,0.0003,-0.0102,11.9121,1257.4806,9.8962,,,
467000,,,-1107.5449,7.5876,0.0004,-0.0116,15.0561,1159.3524,11.9974,,,
467000,,,,,,,,,,1000,10648.0055,33.945
467500,,,-1115.8571,9.3945,0.0003,-0.0113,9.3693,904.3127,11.7958,,,
468000,,,-1114.2805,5.5005,0.0002,-0.01,18.9696,1791.5272,5.6752,,,
468000,,,,,,,,,,1000,10868.0142,32.3476
468500,,,-1120.8467,15.1222,0.0004,-0.0114,9.137,1392.8604,9.2608,,,
469000,,,-1128.2616,4.4366,0.0003,-0.0122,10.5207,1404.3923,7.1654,,,
469000,,,,,,,,,,1000,10819.9906,32.929
469500,,,-1128.6837,8.2523,0.0004,-0.0138,13.7481,1996.9862,9.6205,,,
470000,,,-1120.359,7.8404,0.0003,-0.01,11.3137,925.5098,10.1471,,,
470000,11898.5913,1000.0,,,,,,,,,,
470000,,,,,,,,,,1000,11107.1666,28.6198
470500,,,-1119.1604,19.3162,0.0003,-0.0123,10.0163,1248.5806,6.1846,,,
471000,,,-1112.6267,6.2925,0.0003,-0.0112,10.2434,1176.9614,6.9414,,,
471000,,,,,,,,,,1000,296.5054,36.7559
471500,,,-1113.2844,9.5641,0.0005,-0.0144,15.1058,933.4831,9.4224,,,
472000,,,-1106.7106,7.3606,0.0004,-0.0138,37.3302,2347.3672,10.6673,,,
472000,,,,,,,,,,1000,2770.6324,36.8143
472500,,,-1114.7511,25.8341,0.0004,-0.01,13.7964,1299.6931,18.2485,,,
473000,,,-1110.5413,5.9397,0.0003,-0.0087,12.2404,963.4976,13.6722,,,
473000,,,,,,,,,,1000,11208.4953,36.8506
473500,,,-1119.952,8.9026,0.0004,-0.0118,9.5323,672.5049,15.9055,,,
474000,,,-1123.5042,14.8171,0.0004,-0.0121,13.9,741.3751,10.2043,,,
474000,,,,,,,,,,1000,11067.8973,36.9429
474500,,,-1111.4209,7.445,0.0003,-0.0126,9.8381,1088.371,9.5417,,,
475000,,,-1108.1201,7.4487,0.0004,-0.0129,10.0211,1097.1527,10.4952,,,
475000,11188.4161,1000.0,,,,,,,,,,
475000,,,,,,,,,,1000,8352.7147,31.3987
475500,,,-1114.6428,6.2448,0.0004,-0.0125,13.5655,2050.3997,7.9096,,,
476000,,,-1107.4569,7.6878,0.0003,-0.0118,12.435,1273.47,13.4176,,,
476000,,,,,,,,,,1000,4863.134,35.9766
476500,,,-1098.4534,10.0349,0.0004,-0.0102,12.2625,920.673,11.0591,,,
477000,,,-1096.2795,7.9979,0.0004,-0.0115,15.2361,1177.8372,7.6253,,,
477000,,,,,,,,,,1000,11125.741,35.9346
477500,,,-1104.0532,9.169,0.0003,-0.0106,12.5788,926.1106,9.9573,,,
478000,,,-1113.5809,8.6698,0.0004,-0.013,12.2405,999.0173,10.0106,,,
478000,,,,,,,,,,1000,8966.3111,36.0383
478500,,,-1119.8588,13.3531,0.0004,-0.0131,10.4493,1198.4021,10.7166,,,
479000,,,-1107.7198,7.2215,0.0004,-0.0133,28.7773,1219.6476,14.311,,,
479000,,,,,,,,,,1000,9518.8446,36.1585
479500,,,-1097.277,8.1203,0.0004,-0.0114,12.3603,863.0164,14.7035,,,
480000,,,-1107.3588,8.0623,0.0005,-0.0129,13.3921,661.3889,12.798,,,
480000,11418.9172,1000.0,,,,,,,,,,
480000,,,,,,,,,,1000,10649.4532,31.1548
480500,,,-1105.2892,6.4408,0.0004,-0.0154,15.2622,1577.7087,9.6598,,,
481000,,,-1113.3929,5.9425,0.0003,-0.0113,11.2722,1896.3761,9.5568,,,
481000,,,,,,,,,,1000,11273.3495,31.779
481500,,,-1112.6301,11.3374,0.0005,-0.0153,10.9445,1309.3058,9.9895,,,
482000,,,-1112.1445,5.7088,0.0004,-0.0117,10.0904,1654.2305,8.3701,,,
482000,,,,,,,,,,1000,10525.2776,36.9081
482500,,,-1102.8853,9.4483,0.0004,-0.0123,11.3641,684.8547,14.0038,,,
483000,,,-1109.1608,14.9686,0.0003,-0.0116,15.3807,802.0436,20.2831,,,
483000,,,,,,,,,,1000,11178.1574,36.5204
483500,,,-1118.3792,9.2181,0.0003,-0.0116,15.1357,837.3555,8.4449,,,
484000,,,-1107.0099,7.8661,0.0003,-0.0111,10.703,907.7176,7.6287,,,
484000,,,,,,,,,,1000,2072.4471,36.2189
484500,,,-1111.2028,9.1092,0.0004,-0.0142,10.8779,1277.9802,8.8445,,,
485000,,,-1106.4476,9.5185,0.0003,-0.0115,11.76,1300.2186,8.4372,,,
485000,10026.177,1000.0,,,,,,,,,,
485000,,,,,,,,,,1000,11126.0561,31.556
485500,,,-1123.1614,10.4107,0.0005,-0.0143,19.1385,1808.4381,11.2799,,,
486000,,,-1104.2034,9.6767,0.0005,-0.0137,10.1299,1441.261,7.1068,,,
486000,,,,,,,,,,1000,10929.3757,35.9831
486500,,,-1099.4075,15.5297,0.0004,-0.0126,9.8729,1276.8252,6.5304,,,
487000,,,-1119.6276,5.2637,0.0004,-0.0135,10.5,1745.1172,11.0765,,,
487000,,,,,,,,,,1000,11129.2728,35.8464
487500,,,-1119.7705,5.6806,0.0004,-0.0111,12.0025,756.223,10.8855,,,
488000,,,-1103.2559,5.4435,0.0003,-0.0106,14.3213,2456.6025,7.3618,,,
488000,,,,,,,,,,1000,11217.7344,34.1598
488500,,,-1111.6702,10.8569,0.0004,-0.0128,12.9352,963.784,10.2696,,,
489000,,,-1102.5358,9.8838,0.0003,-0.0112,11.688,1696.3444,6.5092,,,
489000,,,,,,,,,,1000,10988.711,37.2053
489500,,,-1095.3833,11.8857,0.0004,-0.0128,13.8642,1346.207,10.3292,,,
490000,,,-1094.83,15.6988,0.0004,-0.0122,11.8534,910.8859,5.2409,,,
490000,8248.65,1000.0,,,,,,,,,,
490000,,,,,,,,,,1000,10956.1941,30.0552
490500,,,-1109.0416,15.7336,0.0004,-0.0123,11.7925,1056.2863,9.9676,,,
491000,,,-1111.0242,12.0029,0.0005,-0.0145,10.1484,958.5037,10.8275,,,
491000,,,,,,,,,,1000,11397.7499,33.4546
491500,,,-1111.6333,8.7405,0.0004,-0.0125,9.1733,525.0872,6.0298,,,
492000,,,-1101.9349,5.6445,0.0008,-0.0178,15.125,689.7399,11.6692,,,
492000,,,,,,,,,,1000,10985.3176,32.5959
492500,,,-1101.0369,13.9913,0.0003,-0.0116,9.8535,773.9811,15.0157,,,
493000,,,-1105.6041,10.5086,0.0005,-0.0154,8.9735,685.5084,8.8106,,,
493000,,,,,,,,,,1000,11175.2577,35.6361
493500,,,-1109.8169,20.5574,0.0005,-0.0117,12.2314,1551.2169,16.1664,,,
494000,,,-1113.7484,8.3116,0.0003,-0.0119,8.9426,601.8403,8.0174,,,
494000,,,,,,,,,,1000,11451.957,36.2557
494500,,,-1115.6511,6.8005,0.0004,-0.0121,19.2759,3733.7612,6.8836,,,
495000,,,-1120.476,14.1441,0.0004,-0.013,9.7993,782.3231,9.9432,,,
495000,10337.8065,1000.0,,,,,,,,,,
495000,,,,,,,,,,1000,11356.7261,31.4456
