env_steps,return,length,rank-3,rank-2,rank-1,cond,alm_loss,model_grad_norm,critic_loss,critic_grad_norm,actor_grad_norm,train/length,train/return,FPS
0,-49.1116,1000.0,,,,,,,,,,,,
500,,,50,50,8,25.5063,0.6096,0.5465,0.1852,0.846,0.1177,,,
1000,,,50,50,9,32.5985,0.3075,1.0814,0.2842,0.9797,0.2775,,,
1000,,,,,,,,,,,,1000,-309.3121,30.1384
1500,,,50,50,10,33.0844,0.5477,0.8759,0.407,3.002,0.3424,,,
2000,,,50,50,12,31.9995,0.014,1.07,0.4097,2.6408,0.328,,,
2000,,,,,,,,,,,,1000,-329.2449,30.8572
2500,,,50,50,14,31.9912,-0.7126,1.5294,0.5326,2.9581,0.6654,,,
3000,,,50,50,15,30.9356,-1.2789,1.5264,0.5569,4.3132,0.9795,,,
3000,,,,,,,,,,,,1000,-288.3551,30.3391
3500,,,50,50,15,29.3525,-1.886,1.1884,0.559,4.8061,0.6611,,,
4000,,,50,50,15,31.9091,-2.7929,1.5903,0.6098,7.1621,1.0546,,,
4000,,,,,,,,,,,,1000,-191.9422,21.9888
4500,,,50,50,15,32.3865,-3.739,1.7182,0.6328,8.7682,0.9637,,,
5000,,,50,50,15,31.7007,-4.7112,2.1708,0.6127,5.5053,1.2119,,,
5000,-137.8243,1000.0,,,,,,,,,,,,
5000,,,,,,,,,,,,1000,-79.0127,15.1886
5500,,,50,50,16,31.6299,-5.5378,1.221,0.7235,7.7191,0.8621,,,
6000,,,50,50,16,32.2678,-7.0771,1.3819,0.7332,9.2391,0.7243,,,
6000,,,,,,,,,,,,1000,73.2831,22.3064
6500,,,50,50,16,31.5848,-6.995,1.4517,0.6325,6.3566,0.9556,,,
7000,,,50,50,17,30.6197,-8.7507,1.5201,0.6929,4.8204,1.0495,,,
7000,,,,,,,,,,,,1000,-156.0904,21.3131
7500,,,50,50,17,30.5264,-9.8656,1.3793,0.7909,9.1546,0.9044,,,
8000,,,50,50,14,33.4968,-11.4887,1.8331,0.7521,13.9873,1.379,,,
8000,,,,,,,,,,,,1000,251.9577,21.6859
8500,,,50,50,14,32.8476,-12.8266,1.5516,0.7555,9.0438,1.1971,,,
9000,,,50,50,15,32.6124,-14.2236,1.4161,0.7769,9.6844,0.938,,,
9000,,,,,,,,,,,,1000,187.0222,22.2228
9500,,,50,50,14,35.8231,-15.8775,1.2421,0.6887,9.3935,1.1763,,,
10000,,,50,50,14,36.1401,-18.0734,1.4173,0.8209,8.1304,0.9121,,,
10000,795.371,1000.0,,,,,,,,,,,,
10000,,,,,,,,,,,,1000,333.2261,16.4949
10500,,,50,50,15,33.8347,-18.3262,1.5476,0.8635,7.0884,1.0436,,,
11000,,,50,50,14,35.1944,-20.1,1.4332,0.8582,14.0347,1.2845,,,
11000,,,,,,,,,,,,1000,65.4902,21.414
11500,,,50,50,13,37.8175,-21.7875,1.4715,0.7879,19.0969,1.216,,,
12000,,,50,50,14,37.1907,-22.8065,1.528,0.7345,16.9258,1.0098,,,
12000,,,,,,,,,,,,1000,534.4306,22.4583
12500,,,50,50,13,38.7572,-26.5332,1.3192,0.8515,19.8936,1.2114,,,
13000,,,50,50,13,39.9395,-26.8689,1.9609,0.9993,28.5796,1.6558,,,
13000,,,,,,,,,,,,1000,549.931,22.6771
13500,,,50,50,14,37.3506,-27.9842,1.8298,0.7604,7.1567,0.9846,,,
14000,,,50,50,13,38.618,-29.5206,1.8327,0.9055,14.2179,1.3224,,,
14000,,,,,,,,,,,,1000,-10.8015,23.1224
14500,,,50,50,13,37.2499,-31.1803,1.7985,1.0683,23.0258,1.5095,,,
15000,,,50,50,14,39.6438,-33.5418,2.4605,0.8464,7.0872,1.3938,,,
15000,958.5743,1000.0,,,,,,,,,,,,
15000,,,,,,,,,,,,1000,590.7308,16.9135
15500,,,50,50,14,39.7895,-34.8276,1.6197,1.0212,10.8366,1.2511,,,
16000,,,50,50,13,41.0555,-36.7327,2.2593,1.1452,15.6381,1.8089,,,
16000,,,,,,,,,,,,1000,583.5589,22.745
16500,,,50,50,14,38.8755,-35.8938,1.7465,1.1866,16.8573,1.6841,,,
17000,,,50,50,14,37.05,-37.5272,2.0147,1.0319,9.924,1.2404,,,
17000,,,,,,,,,,,,1000,214.8678,21.9189
17500,,,50,50,13,38.8654,-38.8937,2.7333,1.0806,7.969,1.7735,,,
18000,,,50,50,14,37.1017,-39.8417,1.9459,1.1039,47.0412,1.2606,,,
18000,,,,,,,,,,,,1000,293.1762,22.7235
18500,,,50,50,13,42.8392,-43.7318,1.9635,1.1559,12.222,1.1889,,,
19000,,,50,50,14,38.6135,-43.0839,2.7028,1.0046,13.6609,1.8578,,,
19000,,,,,,,,,,,,1000,380.9368,23.7477
19500,,,50,50,13,41.2243,-45.3966,2.5538,1.108,14.8756,1.8816,,,
20000,,,50,50,13,39.5078,-47.7689,2.0674,1.2867,20.4776,2.1018,,,
20000,1571.887,1000.0,,,,,,,,,,,,
20000,,,,,,,,,,,,1000,894.3112,16.6352
20500,,,50,50,12,39.3189,-51.4266,2.4643,1.1996,15.4383,1.7444,,,
21000,,,50,50,14,42.0295,-50.3279,1.6924,1.1058,15.8106,1.2946,,,
21000,,,,,,,,,,,,1000,762.753,22.8477
21500,,,50,50,13,40.487,-51.532,2.3936,1.4686,22.2708,1.5388,,,
22000,,,50,50,14,40.6926,-56.6403,1.8916,1.2885,25.2135,0.8669,,,
22000,,,,,,,,,,,,1000,864.6305,23.1369
22500,,,50,50,12,44.2236,-56.8027,2.1531,1.5274,10.667,2.0485,,,
23000,,,50,50,12,41.0088,-57.8255,1.9771,1.6153,30.0595,1.1551,,,
23000,,,,,,,,,,,,1000,968.5548,22.3234
23500,,,50,50,12,42.3015,-61.4146,2.196,1.4359,18.9697,1.8457,,,
24000,,,50,50,11,43.8826,-63.7951,3.3014,1.6682,16.9407,1.9278,,,
24000,,,,,,,,,,,,1000,1010.0443,22.5132
24500,,,50,50,13,42.8449,-63.5751,2.1366,1.7916,59.1842,2.3436,,,
25000,,,50,50,11,42.4289,-67.4267,2.9819,1.355,20.5911,2.2397,,,
25000,2056.4673,1000.0,,,,,,,,,,,,
25000,,,,,,,,,,,,1000,604.0118,16.5974
25500,,,50,50,12,44.0243,-67.9254,3.0866,1.7546,51.26,2.0905,,,
26000,,,50,50,12,42.4416,-69.6931,2.2497,1.4186,38.3953,1.4155,,,
26000,,,,,,,,,,,,1000,570.9823,23.2169
26500,,,50,50,13,42.7386,-69.3573,2.6255,1.6843,15.9992,1.9218,,,
27000,,,50,50,13,41.467,-74.4656,4.0118,1.6664,20.9998,1.7502,,,
27000,,,,,,,,,,,,1000,1124.0248,23.4779
27500,,,50,50,12,44.786,-74.5624,2.6724,1.6689,32.0479,1.9843,,,
28000,,,50,50,13,42.1513,-78.0915,2.7881,1.6333,63.8223,1.9963,,,
28000,,,,,,,,,,,,1000,443.8478,22.6647
28500,,,50,50,12,42.8133,-78.5098,3.1117,1.784,29.7581,1.801,,,
29000,,,50,50,11,41.9991,-79.3596,2.7473,1.9354,45.0647,2.3956,,,
29000,,,,,,,,,,,,1000,1239.2822,23.0758
29500,,,50,50,11,43.9671,-82.9573,2.4402,2.172,33.0997,1.5945,,,
30000,,,50,50,11,43.7566,-84.6227,2.0004,1.7757,46.9855,1.7877,,,
30000,1532.3408,1000.0,,,,,,,,,,,,
30000,,,,,,,,,,,,1000,842.0931,17.1019
30500,,,50,50,12,44.5862,-87.21,2.4044,1.7521,27.0132,1.8874,,,
31000,,,50,50,12,44.9125,-85.5105,3.0144,1.8223,21.3866,2.6795,,,
31000,,,,,,,,,,,,1000,594.8456,23.024
31500,,,50,50,12,43.7675,-89.2315,2.4073,1.9911,30.8508,2.2359,,,
32000,,,50,50,13,41.7034,-85.5464,2.8333,2.2857,27.3628,2.1101,,,
32000,,,,,,,,,,,,1000,383.0113,22.0741
32500,,,50,50,12,41.52,-88.4806,2.4669,2.0462,64.2443,2.4904,,,
33000,,,50,50,12,40.9562,-90.566,2.8349,1.867,70.8112,1.8394,,,
33000,,,,,,,,,,,,1000,432.7784,22.774
33500,,,50,50,12,40.6489,-90.8686,2.5581,2.0738,31.5488,3.0367,,,
34000,,,50,50,13,42.9835,-92.4775,2.9921,2.3413,55.146,1.812,,,
34000,,,,,,,,,,,,1000,479.314,20.101
34500,,,50,50,12,39.6995,-93.8285,2.5459,3.4396,67.1542,2.6751,,,
35000,,,50,50,12,41.8627,-97.6063,2.9645,2.0167,75.0094,1.9986,,,
35000,2243.2362,1000.0,,,,,,,,,,,,
35000,,,,,,,,,,,,1000,1065.7733,15.5227
35500,,,50,50,13,38.329,-92.6272,2.9409,1.9303,31.0641,1.8378,,,
36000,,,50,50,13,38.1036,-98.6708,2.3496,1.7294,17.9189,2.3654,,,
36000,,,,,,,,,,,,1000,464.1704,21.607
36500,,,50,50,13,36.3163,-97.7937,2.4852,1.6607,25.785,2.0618,,,
37000,,,50,50,13,36.9771,-99.7895,2.6534,1.7681,26.3359,2.071,,,
37000,,,,,,,,,,,,1000,733.5896,21.8039
37500,,,50,50,12,42.1524,-102.6496,2.939,2.3158,46.5051,2.0679,,,
38000,,,50,50,14,37.2822,-101.7526,2.9841,1.9117,26.1318,2.286,,,
38000,,,,,,,,,,,,1000,537.4516,20.7652
38500,,,50,50,12,38.4158,-102.9223,3.9528,2.6379,93.8886,2.5468,,,
39000,,,50,50,12,39.3464,-103.0702,2.995,2.0395,25.4677,3.1804,,,
39000,,,,,,,,,,,,1000,945.9988,21.7736
39500,,,50,50,14,36.5932,-106.252,2.7363,2.0758,28.8812,2.2394,,,
40000,,,50,50,14,32.4444,-101.9205,4.2473,1.9689,19.908,2.4723,,,
40000,2380.8071,1000.0,,,,,,,,,,,,
40000,,,,,,,,,,,,1000,631.939,15.8748
40500,,,50,50,13,37.562,-109.232,2.6574,2.0524,28.8531,2.2975,,,
41000,,,50,50,14,34.3943,-104.1786,2.4454,2.2351,36.9823,2.9079,,,
41000,,,,,,,,,,,,1000,849.67,20.9946
41500,,,50,50,14,35.7973,-105.1823,3.1516,2.4385,62.2085,3.4889,,,
42000,,,50,50,14,37.196,-108.9609,3.1747,2.5508,58.1703,2.387,,,
42000,,,,,,,,,,,,1000,958.6859,20.7575
42500,,,50,50,13,36.716,-114.7059,2.8015,1.8943,44.4472,1.9547,,,
43000,,,50,50,14,35.0138,-109.0983,2.3141,2.2854,50.6571,2.244,,,
43000,,,,,,,,,,,,1000,1000.9212,19.1002
43500,,,50,50,13,36.966,-117.0155,3.5112,2.4871,28.6834,2.4042,,,
44000,,,50,50,14,35.6406,-116.7007,3.0911,2.7899,52.6836,3.6886,,,
44000,,,,,,,,,,,,1000,724.5463,19.6574
44500,,,50,50,14,34.4127,-114.3396,3.0048,1.7784,35.1521,3.2199,,,
45000,,,50,50,13,37.6739,-118.3171,2.4953,3.0755,84.1005,2.4379,,,
45000,2333.1623,1000.0,,,,,,,,,,,,
45000,,,,,,,,,,,,1000,607.9729,16.1567
45500,,,50,50,13,34.7954,-117.5118,3.0292,4.1827,63.2756,1.8157,,,
46000,,,50,50,13,36.4373,-116.8624,2.6055,2.3011,37.9743,2.1978,,,
46000,,,,,,,,,,,,1000,661.7255,21.857
46500,,,50,50,14,38.157,-119.2603,2.9018,3.9287,33.7086,2.123,,,
47000,,,50,50,13,34.6488,-119.4384,2.7457,6.4471,85.09,2.6087,,,
47000,,,,,,,,,,,,1000,1126.5244,22.2233
47500,,,50,50,13,33.7952,-118.6078,4.4635,2.1211,43.218,2.3271,,,
48000,,,50,50,14,35.7636,-124.3266,3.8953,3.1392,39.3007,4.0085,,,
48000,,,,,,,,,,,,1000,1248.0668,22.7055
48500,,,50,50,13,35.4999,-121.9976,3.0227,2.6769,44.2137,2.369,,,
49000,,,50,50,13,36.1091,-124.756,2.7534,2.5236,47.0392,2.3484,,,
49000,,,,,,,,,,,,1000,719.9618,22.603
49500,,,50,50,12,37.2661,-124.5874,4.1843,3.335,41.2233,2.2897,,,
50000,,,50,50,14,33.8888,-123.1575,3.6965,5.3913,114.0642,3.1249,,,
50000,2752.1607,1000.0,,,,,,,,,,,,
50000,,,,,,,,,,,,1000,1273.982,15.7504
50500,,,50,50,13,35.6409,-127.4801,3.7327,2.5353,51.4739,3.0058,,,
51000,,,50,50,14,35.0799,-126.7058,2.8075,2.3957,66.5408,2.195,,,
51000,,,,,,,,,,,,1000,1645.0635,21.5986
51500,,,50,50,12,36.8817,-130.9778,3.6467,4.0198,108.9467,2.7998,,,
52000,,,50,50,13,37.353,-128.1199,2.6748,3.256,64.3177,2.2198,,,
52000,,,,,,,,,,,,1000,1270.5113,21.4857
52500,,,50,50,11,42.5676,-132.5245,3.9085,2.6205,52.3055,3.6687,,,
53000,,,50,50,13,36.8436,-132.1334,3.0568,2.0518,28.2382,2.0731,,,
53000,,,,,,,,,,,,1000,1872.05,20.709
53500,,,50,50,13,37.6911,-133.8694,3.4033,2.6945,66.8915,2.2967,,,
54000,,,50,50,12,40.3956,-137.7733,3.493,2.9463,77.2048,3.9501,,,
54000,,,,,,,,,,,,1000,1727.5968,20.8226
54500,,,50,50,13,36.3092,-136.0762,3.1104,3.9308,127.6292,3.4392,,,
55000,,,50,50,12,39.2934,-138.3416,3.4599,3.0679,40.8408,3.3571,,,
55000,2898.0517,1000.0,,,,,,,,,,,,
55000,,,,,,,,,,,,1000,1822.8753,16.4177
55500,,,50,50,12,37.3002,-135.9712,4.0379,3.9741,65.4463,2.9838,,,
56000,,,50,50,12,40.2222,-141.0599,2.8368,2.9471,49.3251,2.6935,,,
56000,,,,,,,,,,,,1000,1398.3738,21.1537
56500,,,50,50,12,39.119,-142.2613,3.8652,2.2377,36.3257,2.0047,,,
57000,,,50,50,11,43.5016,-144.1017,2.4593,4.3177,56.2284,3.3114,,,
57000,,,,,,,,,,,,1000,1975.0768,21.7226
57500,,,50,50,11,41.8135,-141.4914,2.7951,2.4888,31.6907,3.8676,,,
58000,,,50,50,11,41.3528,-146.3322,4.3606,4.259,88.2299,4.3514,,,
58000,,,,,,,,,,,,1000,1891.6325,22.0318
58500,,,50,50,12,40.5608,-148.2818,3.2918,4.6349,60.6566,2.8099,,,
59000,,,50,50,11,42.3064,-147.8991,4.6167,3.7558,60.7621,2.4708,,,
59000,,,,,,,,,,,,1000,848.2373,21.4708
59500,,,50,50,11,43.6753,-146.5792,3.0925,2.4306,38.0629,2.5859,,,
60000,,,50,50,11,40.6078,-150.1881,4.16,3.356,136.6512,4.8974,,,
60000,3057.3554,1000.0,,,,,,,,,,,,
60000,,,,,,,,,,,,1000,1894.5558,15.919
60500,,,50,50,10,44.7302,-151.2625,3.0586,2.6443,41.5373,2.0503,,,
61000,,,50,50,11,41.0458,-148.2242,2.8053,3.0188,64.5494,2.4012,,,
61000,,,,,,,,,,,,1000,1995.9763,21.269
61500,,,50,50,11,39.2289,-151.0313,3.7126,4.6278,104.8658,1.8132,,,
62000,,,50,50,11,43.5935,-154.795,3.2286,2.4987,67.7703,1.8092,,,
62000,,,,,,,,,,,,1000,2056.8582,21.122
62500,,,50,50,11,44.3238,-155.7737,2.8126,2.9956,65.6068,1.823,,,
63000,,,50,50,11,44.3759,-154.4126,4.0537,2.7814,60.3746,2.678,,,
63000,,,,,,,,,,,,1000,1088.3726,21.5947
63500,,,50,50,11,41.7839,-156.826,5.6437,3.3714,83.2441,3.7157,,,
64000,,,50,50,11,40.0643,-162.0348,4.6485,3.8461,75.417,1.8263,,,
64000,,,,,,,,,,,,1000,2192.8243,22.0962
64500,,,50,50,10,45.6941,-159.9317,3.0212,3.1547,43.8239,2.7877,,,
65000,,,50,50,10,43.7866,-159.944,3.8366,3.5899,45.1694,1.8198,,,
65000,3181.1673,1000.0,,,,,,,,,,,,
65000,,,,,,,,,,,,1000,2249.7321,16.025
65500,,,50,50,11,42.9988,-164.9134,3.5193,3.4257,51.9158,2.053,,,
66000,,,50,50,11,42.2746,-166.7591,3.9473,2.5298,53.8687,2.6981,,,
66000,,,,,,,,,,,,1000,2268.6311,21.5246
66500,,,50,50,11,40.6862,-164.4493,3.477,3.4413,83.3267,2.0772,,,
67000,,,50,50,11,42.2393,-171.49,4.7351,2.524,38.3148,2.0076,,,
67000,,,,,,,,,,,,1000,2382.3544,21.4552
67500,,,50,50,11,39.371,-165.609,4.3328,2.9624,28.0869,2.2958,,,
68000,,,50,50,10,43.1577,-165.5801,3.2508,3.6009,55.1608,3.0961,,,
68000,,,,,,,,,,,,1000,2221.7258,21.2422
68500,,,50,50,10,43.5818,-171.3109,3.9573,2.812,81.211,2.7799,,,
69000,,,50,50,10,47.4141,-173.7378,4.0232,3.4667,139.0041,2.9994,,,
69000,,,,,,,,,,,,1000,2265.2199,21.7763
69500,,,50,50,8,47.3543,-177.6576,3.6448,4.2874,76.2353,2.4528,,,
70000,,,50,50,11,45.3398,-175.0102,3.6638,3.2873,67.0277,3.2707,,,
70000,3571.3396,1000.0,,,,,,,,,,,,
70000,,,,,,,,,,,,1000,2617.1009,15.9869
70500,,,50,50,11,43.8943,-176.8348,6.0965,3.9007,106.1495,2.615,,,
71000,,,50,50,8,50.8094,-180.8773,4.589,3.6568,82.5037,2.3021,,,
71000,,,,,,,,,,,,1000,2698.6938,20.6704
71500,,,50,50,8,50.3925,-179.9633,3.4402,4.6505,168.1839,1.7453,,,
72000,,,50,50,9,50.0454,-186.5396,4.2388,5.2026,144.6473,2.6694,,,
72000,,,,,,,,,,,,1000,2563.9714,21.4856
72500,,,50,50,9,47.8041,-184.394,3.9409,3.4131,81.1528,2.3041,,,
73000,,,50,50,7,51.2326,-186.2712,6.4321,6.509,122.5549,3.3943,,,
73000,,,,,,,,,,,,1000,2835.9856,22.2536
73500,,,50,50,8,51.9804,-186.369,4.8348,3.7535,74.402,3.517,,,
74000,,,50,50,8,52.8041,-185.2243,3.8384,4.5589,109.8377,3.1957,,,
74000,,,,,,,,,,,,1000,2891.1107,21.561
74500,,,50,50,6,53.8962,-189.6979,4.8414,3.7474,69.9503,2.7971,,,
75000,,,50,50,6,53.9579,-192.0929,4.7253,4.066,70.6055,2.9195,,,
75000,3491.0725,1000.0,,,,,,,,,,,,
75000,,,,,,,,,,,,1000,2868.3159,16.7587
75500,,,50,50,6,54.3184,-190.4691,3.0902,5.5794,208.6549,2.7772,,,
76000,,,50,50,7,51.4315,-192.7358,5.2992,3.6122,70.5922,4.2978,,,
76000,,,,,,,,,,,,1000,2980.8574,21.1975
76500,,,50,50,8,52.3654,-193.2945,4.1243,4.0708,212.6618,4.5207,,,
77000,,,50,50,8,50.2467,-193.1575,4.821,4.4053,144.646,2.1559,,,
77000,,,,,,,,,,,,1000,2967.798,21.013
77500,,,50,50,6,54.07,-192.5143,4.9887,3.6341,80.5211,2.67,,,
78000,,,50,50,7,50.8273,-198.014,4.2685,3.2436,41.8754,2.913,,,
78000,,,,,,,,,,,,1000,2991.7941,21.8061
78500,,,50,50,6,54.7957,-201.3634,3.3733,3.7653,81.5038,3.135,,,
79000,,,50,50,6,50.2864,-201.3723,4.1301,3.8893,140.0717,3.1571,,,
79000,,,,,,,,,,,,1000,3146.0436,21.9181
79500,,,50,50,5,59.5787,-209.5123,5.4809,4.2627,108.6148,4.7968,,,
80000,,,50,50,6,54.764,-203.9597,5.6045,3.6172,63.6912,2.319,,,
80000,3710.8011,1000.0,,,,,,,,,,,,
80000,,,,,,,,,,,,1000,3229.5543,16.1731
80500,,,50,50,7,53.12,-211.5972,3.7932,4.0994,89.6475,3.2829,,,
81000,,,50,50,7,55.1228,-208.7084,6.6069,5.2535,64.3332,4.1016,,,
81000,,,,,,,,,,,,1000,3291.4617,22.1814
81500,,,50,50,5,62.5028,-211.757,3.6041,3.8936,91.5703,3.041,,,
82000,,,50,50,6,59.4343,-212.4666,3.9445,4.1047,99.9283,3.032,,,
82000,,,,,,,,,,,,1000,3225.6263,21.2544
82500,,,50,50,6,55.5669,-217.3647,6.1522,3.8393,112.5951,3.0744,,,
83000,,,50,50,5,56.2057,-218.0815,4.5912,4.7524,158.0074,3.5272,,,
83000,,,,,,,,,,,,1000,3274.6807,22.231
83500,,,50,50,5,59.854,-212.9627,3.7212,4.1219,100.2222,3.6513,,,
84000,,,50,50,5,59.4948,-214.7369,4.6434,4.6486,330.2848,2.9947,,,
84000,,,,,,,,,,,,1000,3477.0104,22.2072
84500,,,50,50,5,60.7275,-220.0211,4.6608,4.0133,151.899,3.6043,,,
85000,,,50,50,5,55.4549,-217.5479,4.972,3.9743,86.6439,3.1204,,,
85000,4000.6948,1000.0,,,,,,,,,,,,
85000,,,,,,,,,,,,1000,3606.3359,16.0936
85500,,,50,50,5,63.4392,-217.358,4.2208,3.5737,81.0953,2.5984,,,
86000,,,50,50,5,66.9228,-226.7834,6.1144,5.5772,93.0146,5.6345,,,
86000,,,,,,,,,,,,1000,3470.7854,20.7621
86500,,,50,50,5,64.0886,-227.2935,3.578,3.2795,72.6574,2.8207,,,
87000,,,50,50,5,59.8429,-230.9309,4.7955,8.3021,294.1112,3.8567,,,
87000,,,,,,,,,,,,1000,3423.9865,22.7827
87500,,,50,50,5,61.9629,-229.6975,4.683,4.4604,181.4475,3.0736,,,
88000,,,50,50,5,68.337,-237.5032,4.5938,4.9162,107.6729,2.8118,,,
88000,,,,,,,,,,,,1000,3654.4554,21.9016
88500,,,50,50,5,61.5666,-232.1115,3.6035,4.2198,112.753,2.9177,,,
89000,,,50,50,5,67.007,-237.0403,4.9582,4.4812,194.6833,2.9176,,,
89000,,,,,,,,,,,,1000,3599.3011,22.3825
89500,,,50,50,5,63.451,-242.5193,5.3077,4.6748,94.9075,2.9204,,,
90000,,,50,50,5,64.4388,-235.5175,4.1963,4.6221,168.9381,2.7603,,,
90000,4156.6223,1000.0,,,,,,,,,,,,
90000,,,,,,,,,,,,1000,3825.9157,16.6607
90500,,,50,50,5,63.1727,-238.8552,5.5622,7.2467,301.3569,2.7135,,,
91000,,,50,50,5,63.9401,-246.1998,5.5626,6.8406,191.2461,3.3787,,,
91000,,,,,,,,,,,,1000,3782.7524,21.8019
91500,,,50,50,5,62.4165,-245.5806,5.745,4.978,232.4062,4.2454,,,
92000,,,50,50,5,66.1513,-245.7815,5.9987,5.2954,217.1979,5.2967,,,
92000,,,,,,,,,,,,1000,3592.9918,21.3794
92500,,,50,50,5,64.1508,-253.2637,4.3635,4.8369,173.0303,3.4284,,,
93000,,,50,50,5,64.2617,-250.4317,5.7603,3.8898,139.7389,3.0078,,,
93000,,,,,,,,,,,,1000,3812.754,20.6659
93500,,,50,50,5,62.2617,-243.8193,6.622,4.8735,164.3337,2.621,,,
94000,,,50,50,4,67.3787,-256.4404,7.5573,4.4835,274.8655,3.4116,,,
94000,,,,,,,,,,,,1000,4192.6359,21.1322
94500,,,50,50,5,67.5772,-252.0688,9.6129,4.719,278.6195,3.6111,,,
95000,,,50,50,4,72.153,-265.3581,6.4217,8.1282,146.4539,3.4031,,,
95000,4320.3441,1000.0,,,,,,,,,,,,
95000,,,,,,,,,,,,1000,3913.5453,15.7171
95500,,,50,50,5,65.3961,-256.872,4.2715,9.3047,304.5125,4.2854,,,
96000,,,50,50,5,66.5313,-261.4935,4.8554,8.3383,226.3896,3.2835,,,
96000,,,,,,,,,,,,1000,4153.9321,22.573
96500,,,50,50,5,69.4918,-259.8518,6.3918,7.1529,189.8429,3.1745,,,
97000,,,50,50,5,67.2493,-259.8502,4.9987,5.9391,261.8688,4.75,,,
97000,,,,,,,,,,,,1000,4021.7156,20.9822
97500,,,50,50,5,68.8983,-271.1279,4.9747,7.0476,136.0931,5.7493,,,
98000,,,50,50,5,65.6465,-264.4268,5.6979,3.6965,255.0291,2.6359,,,
98000,,,,,,,,,,,,1000,4215.1518,20.9915
98500,,,50,50,5,67.8911,-267.9115,3.7943,3.7068,70.4086,2.6198,,,
99000,,,50,50,5,68.9638,-275.9833,5.0419,5.6081,240.2964,2.6621,,,
99000,,,,,,,,,,,,1000,3830.9871,20.6396
99500,,,50,50,3,76.5499,-273.7078,5.065,3.9639,169.0536,3.4778,,,
100000,,,50,50,4,71.6773,-278.6007,7.8852,10.6932,296.5967,3.1165,,,
100000,4429.8837,1000.0,,,,,,,,,,,,
100000,,,,,,,,,,,,1000,4196.7723,16.3373
100500,,,50,50,4,74.3788,-277.2372,4.208,4.1023,86.6335,3.3349,,,
101000,,,50,50,4,70.768,-267.1919,7.934,4.5725,148.4701,3.0307,,,
101000,,,,,,,,,,,,1000,4196.5693,22.2977
101500,,,50,50,3,76.3313,-276.8257,4.4249,3.7552,132.1658,5.2018,,,
102000,,,50,50,3,78.8886,-283.1606,7.7033,4.2885,110.2193,3.3914,,,
102000,,,,,,,,,,,,1000,4347.9337,21.6612
102500,,,50,50,3,77.2095,-284.9461,4.4876,4.6561,124.1312,3.0804,,,
103000,,,50,50,3,75.6538,-283.4161,8.4904,5.7543,440.0385,3.4087,,,
103000,,,,,,,,,,,,1000,4334.105,18.9905
103500,,,50,50,3,83.838,-294.5633,5.184,5.679,173.3006,2.9958,,,
104000,,,50,50,3,82.1696,-288.4042,11.1553,6.6295,254.8606,3.8432,,,
104000,,,,,,,,,,,,1000,4492.7473,21.0736
104500,,,50,50,3,79.5419,-294.2246,6.1954,5.3149,285.5891,6.6388,,,
105000,,,50,50,3,77.868,-295.3631,7.152,4.3264,161.3397,3.7381,,,
105000,4232.1915,1000.0,,,,,,,,,,,,
105000,,,,,,,,,,,,1000,4480.7413,16.0092
105500,,,50,50,3,85.4097,-303.7664,5.8487,4.8908,122.2803,2.8632,,,
106000,,,50,50,3,84.3366,-298.6506,6.394,5.3445,252.7059,5.4503,,,
106000,,,,,,,,,,,,1000,4198.1805,20.8418
106500,,,50,50,3,77.9598,-296.505,4.4258,9.9519,565.085,3.0358,,,
107000,,,50,50,3,84.0693,-312.9399,6.5341,3.8402,107.4956,4.4369,,,
107000,,,,,,,,,,,,1000,4401.7246,20.9504
107500,,,50,50,4,74.3988,-302.2593,5.2894,6.2325,233.3992,3.5319,,,
108000,,,50,50,3,74.6031,-305.8306,4.2862,4.3909,106.785,4.2267,,,
108000,,,,,,,,,,,,1000,4376.5706,20.6287
108500,,,50,50,3,83.75,-309.3601,5.1594,4.9796,298.3275,2.6525,,,
109000,,,50,50,3,83.7781,-312.6425,7.2601,4.3082,179.6736,2.7146,,,
109000,,,,,,,,,,,,1000,4266.7467,21.0659
109500,,,50,50,3,88.617,-306.582,6.2481,5.6162,125.4034,4.8545,,,
110000,,,50,50,3,83.7804,-312.7485,8.6023,5.1491,126.1762,3.4764,,,
110000,4741.0943,1000.0,,,,,,,,,,,,
110000,,,,,,,,,,,,1000,4446.0787,15.4259
110500,,,50,50,3,83.9903,-315.8322,8.2037,5.2167,131.9778,3.0397,,,
111000,,,50,50,3,84.6581,-318.42,4.7301,4.5652,212.7017,2.7613,,,
111000,,,,,,,,,,,,1000,4488.3802,21.7486
111500,,,50,50,3,90.5968,-314.5528,7.0128,6.5397,167.131,3.3279,,,
112000,,,50,50,3,83.5538,-319.7222,7.5913,5.0144,296.5677,3.3978,,,
112000,,,,,,,,,,,,1000,4544.4325,21.3724
112500,,,50,50,3,89.3474,-318.8259,8.0903,4.5422,214.7624,3.7991,,,
113000,,,50,50,3,88.8338,-325.8,5.0824,4.2304,80.5799,4.3273,,,
113000,,,,,,,,,,,,1000,4404.7538,21.3115
113500,,,50,50,3,91.9412,-333.1511,8.2097,4.5849,300.911,3.2793,,,
114000,,,50,50,3,83.5687,-332.8832,11.3898,5.9495,263.5492,3.4732,,,
114000,,,,,,,,,,,,1000,4638.6583,22.2306
114500,,,50,50,3,91.5975,-334.1746,7.1463,5.4813,158.8096,4.0727,,,
115000,,,50,50,3,93.0153,-329.9569,5.7289,6.4196,510.5401,4.2751,,,
115000,4940.6843,1000.0,,,,,,,,,,,,
115000,,,,,,,,,,,,1000,4555.7896,16.0657
115500,,,50,50,3,87.9533,-335.1266,6.0219,5.307,270.7031,4.7786,,,
116000,,,50,50,3,89.7458,-329.6069,6.4895,5.0761,106.2271,4.5591,,,
116000,,,,,,,,,,,,1000,4667.546,21.3685
116500,,,50,50,3,91.7962,-335.1703,6.8914,4.9223,267.1613,3.4852,,,
117000,,,50,50,3,86.1523,-336.9013,7.1889,13.3196,352.2732,3.4344,,,
117000,,,,,,,,,,,,1000,4506.3856,21.2442
117500,,,50,50,3,87.9993,-342.4003,6.3546,6.4619,503.6599,5.0064,,,
118000,,,50,50,3,88.0976,-339.428,6.5815,5.3574,350.0894,3.6111,,,
118000,,,,,,,,,,,,1000,4441.5689,21.7885
118500,,,50,50,3,93.8626,-350.5839,3.7995,6.3038,473.7974,3.3009,,,
119000,,,50,50,3,89.2233,-341.9813,7.1202,6.8319,268.2898,3.3612,,,
119000,,,,,,,,,,,,1000,4583.0377,21.4606
119500,,,50,50,3,96.5413,-349.2102,10.202,5.2317,246.5972,3.9348,,,
120000,,,50,50,3,88.607,-345.0351,7.9108,5.1347,224.6205,4.802,,,
120000,4857.5346,1000.0,,,,,,,,,,,,
120000,,,,,,,,,,,,1000,4621.4667,15.9935
120500,,,50,50,3,95.0487,-355.3073,5.0973,6.4679,255.6647,2.7282,,,
121000,,,50,50,3,88.1302,-363.387,5.912,4.6985,156.4486,4.6734,,,
121000,,,,,,,,,,,,1000,4642.9317,21.2495
121500,,,50,50,3,90.4105,-364.0559,8.4041,4.6594,152.3025,4.6886,,,
122000,,,50,49,3,103.3754,-360.8481,10.1583,4.6746,167.4364,3.478,,,
122000,,,,,,,,,,,,1000,4754.4633,21.386
122500,,,50,50,3,93.2591,-354.9858,4.3513,5.3179,185.5527,3.5126,,,
123000,,,50,50,3,93.5105,-358.3396,5.4982,5.1434,245.3657,4.2952,,,
123000,,,,,,,,,,,,1000,4759.2583,23.2747
123500,,,50,50,3,88.9821,-366.8213,11.2485,6.4042,329.2261,3.2798,,,
124000,,,50,50,3,93.5649,-361.5218,6.248,4.5249,130.2238,3.383,,,
124000,,,,,,,,,,,,1000,4717.1839,22.1098
124500,,,50,50,3,99.9743,-373.4504,7.7515,4.9027,195.7619,3.5308,,,
125000,,,50,50,3,92.6339,-366.9243,7.0268,6.1291,181.3246,4.3005,,,
125000,4816.3167,1000.0,,,,,,,,,,,,
125000,,,,,,,,,,,,1000,4735.9176,16.0489
125500,,,50,50,3,95.8297,-375.9801,8.591,4.1759,149.4967,3.908,,,
126000,,,50,50,3,89.6268,-371.052,8.8291,5.1374,402.2763,5.5359,,,
126000,,,,,,,,,,,,1000,4840.9094,21.7463
126500,,,50,50,3,95.275,-371.6735,6.479,4.3444,98.1679,3.3554,,,
127000,,,50,50,3,97.8405,-364.0366,10.2309,4.429,121.453,3.1938,,,
127000,,,,,,,,,,,,1000,4884.1388,22.3421
127500,,,50,50,3,93.4543,-379.1627,5.9718,5.1258,282.9333,4.2703,,,
128000,,,50,50,3,99.0812,-379.4538,11.5893,6.3336,286.0515,3.5251,,,
128000,,,,,,,,,,,,1000,4763.1769,22.1906
128500,,,50,50,3,97.5873,-382.7336,11.3378,4.74,267.7886,3.7635,,,
129000,,,50,50,3,96.3895,-380.6487,6.056,5.3986,331.4747,4.1425,,,
129000,,,,,,,,,,,,1000,4793.6441,22.0983
129500,,,50,49,3,104.3028,-382.4371,6.5127,4.3404,240.0034,3.4388,,,
130000,,,50,49,3,101.7066,-385.3589,7.2021,4.5997,240.7913,2.5206,,,
130000,4985.9372,1000.0,,,,,,,,,,,,
130000,,,,,,,,,,,,1000,4808.6158,16.7052
130500,,,50,49,3,103.2011,-395.9811,5.5968,4.3482,173.4171,3.2818,,,
131000,,,50,47,3,104.8731,-393.0127,7.9047,4.9705,435.1286,2.7415,,,
131000,,,,,,,,,,,,1000,4902.161,22.0245
131500,,,50,50,3,94.7854,-400.1621,9.5039,16.3117,505.0479,3.945,,,
132000,,,50,50,3,94.7603,-395.4696,5.9828,5.4789,289.1399,3.8703,,,
132000,,,,,,,,,,,,1000,4819.2122,21.8321
132500,,,50,50,3,99.4775,-401.0766,8.1903,4.9216,252.9574,4.2527,,,
133000,,,50,49,3,102.823,-396.3719,9.842,4.3906,135.2253,4.0334,,,
133000,,,,,,,,,,,,1000,4909.4698,22.6662
133500,,,50,50,3,93.8354,-402.8589,8.5542,4.2601,347.1353,4.9871,,,
134000,,,50,50,3,99.8669,-402.5505,8.626,4.3471,253.7262,3.1278,,,
134000,,,,,,,,,,,,1000,4892.4095,21.7501
134500,,,50,50,3,98.1053,-395.1175,10.0841,3.9637,153.8162,3.9699,,,
135000,,,50,50,3,99.832,-399.8587,8.051,6.6628,450.784,3.3624,,,
135000,5064.9253,1000.0,,,,,,,,,,,,
135000,,,,,,,,,,,,1000,4804.1421,16.6144
135500,,,50,49,3,105.0273,-409.7702,8.1683,4.8139,318.9912,5.3556,,,
136000,,,50,49,3,100.649,-418.1119,6.7803,4.9004,241.4673,3.2491,,,
136000,,,,,,,,,,,,1000,4753.0619,21.7463
136500,,,50,50,3,99.4625,-412.8701,7.3656,4.9242,154.0757,5.0632,,,
137000,,,50,50,3,97.4668,-413.5527,15.5986,6.0286,506.9291,6.0585,,,
137000,,,,,,,,,,,,1000,4986.5744,21.4427
137500,,,50,50,3,97.9527,-415.7575,5.4443,5.8877,295.2108,4.6007,,,
138000,,,50,50,3,96.6342,-418.1364,18.6085,4.0321,223.2957,3.5197,,,
138000,,,,,,,,,,,,1000,4896.9202,22.0904
138500,,,50,49,3,104.5953,-420.9072,8.3741,4.9497,371.4182,4.7039,,,
139000,,,50,49,3,101.9704,-424.626,9.123,4.3492,219.3147,4.844,,,
139000,,,,,,,,,,,,1000,4929.6424,22.3465
139500,,,50,48,3,104.3806,-435.1291,6.3031,4.9469,288.0265,4.21,,,
140000,,,50,50,3,98.9525,-428.0474,17.0227,5.2166,272.6545,3.8702,,,
140000,5414.2584,1000.0,,,,,,,,,,,,
140000,,,,,,,,,,,,1000,4971.0276,16.7174
140500,,,50,49,3,100.2856,-425.6266,9.3252,6.5523,358.6526,6.1821,,,
141000,,,50,48,3,102.5915,-432.7784,4.66,9.3902,449.5076,4.5985,,,
141000,,,,,,,,,,,,1000,4932.7826,21.8532
141500,,,50,48,3,103.207,-437.7139,16.0224,6.7459,221.0254,3.7831,,,
142000,,,50,50,3,99.3042,-436.5457,7.1667,4.0463,336.5001,2.7569,,,
142000,,,,,,,,,,,,1000,5017.1312,22.4101
142500,,,50,48,3,105.5044,-439.8661,4.7889,4.4884,98.001,5.3283,,,
143000,,,50,49,3,101.9462,-436.7653,7.1363,5.1027,130.4284,6.4326,,,
143000,,,,,,,,,,,,1000,4964.2569,22.4845
143500,,,50,49,3,100.3437,-439.3831,4.4345,4.9519,158.7059,5.0783,,,
144000,,,50,49,3,105.4954,-438.7676,10.0995,4.2431,128.2037,9.7736,,,
144000,,,,,,,,,,,,1000,4946.5731,22.1068
144500,,,50,50,3,99.6564,-449.4865,6.2298,5.6187,205.7834,3.5915,,,
145000,,,50,50,3,98.5461,-446.1879,6.6676,4.6518,182.3904,4.5723,,,
145000,5342.0319,1000.0,,,,,,,,,,,,
145000,,,,,,,,,,,,1000,5028.9999,16.8937
145500,,,50,49,3,101.514,-443.3623,8.3848,5.0065,242.0438,3.0678,,,
146000,,,50,49,3,106.9684,-453.4329,12.8915,4.3081,235.7943,4.5567,,,
146000,,,,,,,,,,,,1000,5197.7823,22.6793
146500,,,50,49,3,103.7535,-452.1166,5.7098,4.4278,385.7095,3.4758,,,
147000,,,50,49,3,102.2289,-457.2217,8.7334,3.8474,128.3822,3.3023,,,
147000,,,,,,,,,,,,1000,5192.5939,22.3196
147500,,,50,49,3,103.6343,-458.6211,5.2069,6.2361,237.125,7.1484,,,
148000,,,50,49,3,100.8501,-453.8732,7.7799,5.4593,122.6038,5.677,,,
148000,,,,,,,,,,,,1000,5283.3949,22.729
148500,,,50,48,3,109.5877,-462.986,27.6062,4.7923,90.1668,4.9591,,,
149000,,,50,49,3,103.7306,-460.5003,12.1407,4.8502,388.2278,5.0078,,,
149000,,,,,,,,,,,,1000,5124.5767,22.7205
149500,,,50,47,3,108.6849,-466.6627,7.7426,4.6235,85.1025,4.9629,,,
150000,,,50,48,3,100.9032,-464.0551,14.8478,4.7149,196.1131,3.7204,,,
150000,5274.0796,1000.0,,,,,,,,,,,,
150000,,,,,,,,,,,,1000,5072.5208,16.7985
150500,,,50,49,3,103.2568,-468.3765,7.2861,4.1383,126.431,11.0878,,,
151000,,,50,49,3,107.394,-469.8647,5.6881,4.2519,302.9992,3.42,,,
151000,,,,,,,,,,,,1000,5054.5987,23.3389
151500,,,50,50,3,97.8609,-465.9531,8.6761,4.3784,67.1245,4.3928,,,
152000,,,50,48,3,104.0316,-470.035,12.6472,3.9936,117.3327,8.6689,,,
152000,,,,,,,,,,,,1000,5110.6438,22.4271
152500,,,50,47,3,110.0594,-474.0452,8.6086,5.203,171.2553,6.1593,,,
153000,,,50,47,3,106.082,-478.0031,8.7955,4.8274,217.4014,6.4301,,,
153000,,,,,,,,,,,,1000,5283.0499,22.0617
153500,,,50,47,3,108.5719,-476.0063,8.5124,3.6917,141.0858,8.6632,,,
154000,,,50,47,3,107.0002,-480.2165,8.3317,3.8389,96.8739,8.7351,,,
154000,,,,,,,,,,,,1000,5301.5021,22.2797
154500,,,50,48,3,107.6379,-474.7896,9.6757,4.6398,273.563,6.5202,,,
155000,,,50,46,3,117.1967,-476.8968,9.1301,5.2853,436.6156,5.511,,,
155000,5477.0062,1000.0,,,,,,,,,,,,
155000,,,,,,,,,,,,1000,5037.8387,16.3063
155500,,,50,48,3,109.3169,-476.9362,9.2447,5.6622,320.5952,14.8407,,,
156000,,,50,45,3,119.199,-482.7885,9.8533,4.0981,81.3134,4.8249,,,
156000,,,,,,,,,,,,1000,5266.654,21.9391
156500,,,50,47,3,107.4592,-475.1774,8.0948,5.0307,299.7986,7.0095,,,
157000,,,50,48,3,107.1133,-484.1688,9.3288,4.4351,129.877,4.2797,,,
157000,,,,,,,,,,,,1000,5404.2386,20.7229
157500,,,50,46,3,110.6053,-483.477,6.7309,5.8705,165.3232,2.9593,,,
158000,,,50,45,3,113.2436,-488.4833,5.3964,4.8117,234.1603,4.7778,,,
158000,,,,,,,,,,,,1000,5546.9344,21.0129
158500,,,50,47,3,110.1294,-491.9605,6.5744,5.314,303.4935,5.0472,,,
159000,,,50,47,3,114.7169,-491.2459,9.1733,5.5196,349.1408,3.9284,,,
159000,,,,,,,,,,,,1000,5200.7006,21.1923
159500,,,50,46,3,111.7764,-493.3849,7.7294,4.6953,96.8998,5.089,,,
160000,,,50,47,3,116.8274,-490.295,6.3774,4.1737,272.3602,5.2465,,,
160000,5816.2637,1000.0,,,,,,,,,,,,
160000,,,,,,,,,,,,1000,5251.1571,15.5583
160500,,,50,47,3,106.9912,-493.0048,8.2014,5.2305,325.5681,4.8284,,,
161000,,,50,47,3,109.7464,-494.5556,7.5172,4.6129,158.5189,9.9962,,,
161000,,,,,,,,,,,,1000,5415.3239,21.4298
161500,,,50,44,3,119.7478,-494.4731,16.9796,8.0104,216.8424,4.3235,,,
162000,,,50,45,3,118.2586,-494.7653,20.8151,5.056,180.0907,4.3132,,,
162000,,,,,,,,,,,,1000,5206.2914,21.8027
162500,,,50,42,3,128.1881,-500.0031,13.5942,5.826,240.8582,8.3186,,,
163000,,,50,42,3,124.6515,-502.5053,5.9764,4.7022,144.6851,5.0482,,,
163000,,,,,,,,,,,,1000,5250.8913,21.541
163500,,,50,42,3,129.6533,-504.9864,11.7348,6.0872,223.5229,2.8328,,,
164000,,,50,39,3,136.3825,-503.8348,10.4804,4.9861,254.7033,5.7772,,,
164000,,,,,,,,,,,,1000,5397.2728,20.8018
164500,,,50,43,3,126.8865,-505.0859,9.9901,5.2634,340.8963,5.6819,,,
165000,,,50,37,3,149.1172,-506.5285,10.9309,5.3727,147.3442,7.3133,,,
165000,5680.8316,1000.0,,,,,,,,,,,,
165000,,,,,,,,,,,,1000,5214.8471,15.9421
165500,,,50,33,2,151.0752,-510.2286,7.3978,6.8579,904.5999,9.985,,,
166000,,,50,34,2,153.7601,-509.5638,30.6362,6.031,255.8799,10.0044,,,
166000,,,,,,,,,,,,1000,5433.2797,21.3912
166500,,,50,37,2,140.8751,-509.8988,6.6466,6.7677,306.9641,6.4628,,,
167000,,,50,36,3,136.3164,-511.8951,10.9324,5.6078,266.5072,8.4031,,,
167000,,,,,,,,,,,,1000,5522.4849,21.4224
167500,,,50,37,3,138.1985,-513.4954,11.3103,5.0906,406.827,6.479,,,
168000,,,50,32,2,158.7468,-513.172,11.7969,5.7709,147.8214,6.5825,,,
168000,,,,,,,,,,,,1000,5368.4639,22.1656
168500,,,50,38,3,135.1565,-514.6641,24.5308,4.8572,190.124,5.2717,,,
169000,,,50,37,3,145.1691,-515.4138,6.7351,5.0109,354.9997,5.1973,,,
169000,,,,,,,,,,,,1000,5248.0808,20.9715
169500,,,50,37,3,148.5057,-517.7559,8.7524,5.8234,315.2254,8.8471,,,
170000,,,50,36,3,141.0298,-516.1031,5.4004,6.1863,369.2913,8.4176,,,
170000,5722.715,1000.0,,,,,,,,,,,,
170000,,,,,,,,,,,,1000,5399.5936,16.0893
170500,,,50,34,2,159.9437,-518.1611,16.5175,5.1284,192.4892,4.9719,,,
171000,,,50,34,3,155.7652,-519.1293,6.4952,5.502,509.3535,4.7032,,,
171000,,,,,,,,,,,,1000,5626.4008,22.3831
171500,,,50,39,3,130.1943,-521.0049,7.2037,5.1211,294.0889,6.5789,,,
172000,,,50,35,3,142.1713,-522.5748,13.1526,5.5231,154.2155,8.6348,,,
172000,,,,,,,,,,,,1000,5265.768,21.2922
172500,,,50,36,3,150.0431,-520.9223,4.8608,7.0059,261.8207,5.4959,,,
173000,,,50,37,3,140.9631,-524.9116,7.0783,6.6237,383.5718,4.8615,,,
173000,,,,,,,,,,,,1000,5313.1735,22.564
173500,,,50,34,2,150.7484,-524.0287,8.3434,6.157,314.6816,9.138,,,
174000,,,50,35,2,144.7478,-526.7115,9.121,5.7026,183.3965,12.4293,,,
174000,,,,,,,,,,,,1000,5515.5165,21.2522
174500,,,50,40,3,127.6618,-529.5923,8.8581,4.2598,229.3981,5.5049,,,
175000,,,50,42,3,124.3264,-529.0736,8.4544,6.7868,243.84,6.4679,,,
175000,5299.9472,1000.0,,,,,,,,,,,,
175000,,,,,,,,,,,,1000,5571.6313,16.0812
175500,,,50,33,2,155.1671,-528.9199,15.5364,5.2935,135.4001,5.436,,,
176000,,,50,35,3,148.9555,-530.2545,7.5027,6.0474,354.8101,9.9284,,,
176000,,,,,,,,,,,,1000,5439.2771,21.7862
176500,,,50,34,2,150.5948,-531.6577,35.6468,5.2668,249.517,7.5974,,,
177000,,,50,35,2,150.7193,-531.1464,36.7926,5.7913,89.0189,9.5408,,,
177000,,,,,,,,,,,,1000,5682.1899,21.6313
177500,,,50,32,2,152.4972,-532.1251,7.6846,6.0364,133.1737,10.8819,,,
178000,,,50,32,2,155.8371,-534.6854,6.6938,4.978,144.459,13.2659,,,
178000,,,,,,,,,,,,1000,5468.0342,21.4618
178500,,,50,29,2,172.9999,-535.3553,7.99,6.4829,220.5454,5.5753,,,
179000,,,50,33,2,149.661,-537.4627,9.4896,5.4311,436.2582,15.0919,,,
179000,,,,,,,,,,,,1000,5702.5031,21.1093
179500,,,50,34,3,158.1648,-535.6431,10.0173,6.4208,160.8825,6.0567,,,
180000,,,50,32,2,161.1897,-537.358,5.7823,4.7721,181.0851,13.9516,,,
180000,5351.1511,1000.0,,,,,,,,,,,,
180000,,,,,,,,,,,,1000,5777.6795,15.6039
180500,,,50,34,2,152.6229,-540.0888,10.9132,5.0707,260.3681,3.8483,,,
181000,,,50,38,3,142.5427,-540.511,10.5905,5.3476,157.6238,6.9774,,,
181000,,,,,,,,,,,,1000,5876.7139,21.1453
181500,,,50,41,3,128.035,-540.0679,10.6132,4.4496,152.8463,5.9249,,,
182000,,,50,36,3,145.12,-539.4907,8.6885,6.2884,95.3111,5.5318,,,
182000,,,,,,,,,,,,1000,5257.0599,21.2687
182500,,,50,36,3,143.4344,-543.8865,10.9428,6.9481,353.9217,11.1231,,,
183000,,,50,36,2,146.2302,-543.9624,24.8936,5.5541,216.8114,8.1318,,,
183000,,,,,,,,,,,,1000,5846.8661,22.3127
183500,,,50,39,3,131.8566,-543.2409,10.6523,6.5209,480.3626,5.1104,,,
184000,,,50,40,3,125.7001,-538.3728,6.251,4.8266,158.1572,7.0718,,,
184000,,,,,,,,,,,,1000,148.001,21.0749
184500,,,50,36,3,149.4539,-537.277,5.3938,7.8746,325.9183,9.6552,,,
185000,,,50,38,3,130.0137,-545.2456,8.5038,5.6557,298.2474,13.5909,,,
185000,5909.6572,1000.0,,,,,,,,,,,,
185000,,,,,,,,,,,,1000,5409.8377,16.1665
185500,,,50,45,3,118.9704,-544.4059,8.3611,5.2824,195.2568,18.3862,,,
186000,,,50,41,3,129.3178,-543.7425,15.2283,6.6655,305.9469,4.0051,,,
186000,,,,,,,,,,,,1000,5500.5408,21.5397
186500,,,50,42,3,125.3845,-542.481,11.5586,5.9572,114.0188,6.8963,,,
187000,,,50,40,3,132.8979,-544.7498,9.3637,6.7115,229.8099,6.7463,,,
187000,,,,,,,,,,,,1000,5392.866,22.8613
187500,,,50,41,3,129.1864,-547.02,8.3893,6.0921,144.5568,6.9895,,,
188000,,,50,40,3,137.2549,-547.6429,6.8065,6.1719,160.8098,13.7314,,,
188000,,,,,,,,,,,,1000,5481.8019,21.7499
188500,,,50,37,3,146.1743,-549.523,11.7248,6.6644,487.6881,13.1725,,,
189000,,,50,37,3,149.039,-548.172,7.3282,6.4023,654.9404,6.983,,,
189000,,,,,,,,,,,,1000,5566.0635,21.1855
189500,,,50,35,3,146.491,-550.6907,10.5267,5.6816,234.2021,8.677,,,
190000,,,50,36,3,146.8948,-550.1987,7.9335,4.6858,228.98,8.1116,,,
190000,6152.1817,1000.0,,,,,,,,,,,,
190000,,,,,,,,,,,,1000,5813.2158,16.1016
190500,,,50,34,2,154.8443,-555.4598,9.6964,6.3857,377.5674,5.4224,,,
191000,,,50,32,2,167.1601,-551.5986,8.7255,5.5244,153.7744,10.0335,,,
191000,,,,,,,,,,,,1000,5686.8897,21.3818
191500,,,50,32,2,167.1832,-555.6895,6.505,6.4474,256.8886,8.684,,,
192000,,,50,33,3,152.9326,-554.2847,10.4668,6.8443,119.4425,6.2448,,,
192000,,,,,,,,,,,,1000,5645.586,21.9211
192500,,,50,36,3,153.1301,-557.1564,4.2832,6.0925,76.9183,4.8725,,,
193000,,,50,35,3,154.9151,-554.4386,25.8176,5.823,182.2251,6.4263,,,
193000,,,,,,,,,,,,1000,5618.1222,21.964
193500,,,50,37,3,146.8092,-559.8885,26.3593,4.9947,161.4549,7.5369,,,
194000,,,50,27,2,180.2059,-554.4833,10.9388,5.0853,281.5468,6.4633,,,
194000,,,,,,,,,,,,1000,5764.4423,21.0035
194500,,,50,30,2,173.2919,-558.3848,13.1542,5.8539,124.6959,10.1427,,,
195000,,,50,28,2,187.7098,-557.7547,5.8652,5.4907,333.018,10.1064,,,
195000,6130.7426,1000.0,,,,,,,,,,,,
195000,,,,,,,,,,,,1000,5692.3186,15.9381
195500,,,50,32,2,175.7641,-562.071,9.371,7.2562,567.2782,9.6056,,,
196000,,,50,33,3,160.2156,-558.6959,6.198,5.7553,525.6901,4.7339,,,
196000,,,,,,,,,,,,1000,5700.0822,22.6973
196500,,,50,31,2,171.911,-559.7599,4.8386,7.5697,595.7719,3.3816,,,
197000,,,50,30,2,162.1539,-565.7001,8.6467,6.1753,446.656,6.1008,,,
197000,,,,,,,,,,,,1000,5782.414,22.5307
197500,,,50,31,2,162.6139,-559.4969,4.9539,6.4437,386.1755,13.2012,,,
198000,,,50,28,2,183.7532,-559.0822,11.2975,8.2921,418.2486,6.7993,,,
198000,,,,,,,,,,,,1000,552.2313,21.7059
198500,,,50,27,2,189.4382,-561.5181,5.3932,6.4659,628.5208,4.3743,,,
199000,,,50,27,2,189.9763,-562.3079,4.4232,7.0739,347.245,6.6624,,,
199000,,,,,,,,,,,,1000,5591.0119,21.2094
199500,,,50,26,2,191.0903,-559.5186,11.0305,9.4939,673.595,11.7345,,,
200000,,,50,25,2,197.3404,-563.6216,6.8669,6.0182,289.366,6.8869,,,
200000,5983.1209,1000.0,,,,,,,,,,,,
200000,,,,,,,,,,,,1000,5894.0178,15.9827
200500,,,50,27,2,199.2724,-564.0868,6.5256,50.5321,670.0404,15.4311,,,
201000,,,50,25,2,201.7268,-563.8086,17.5715,7.0728,265.5199,8.4472,,,
201000,,,,,,,,,,,,1000,5836.0761,22.0805
201500,,,50,22,2,208.7907,-560.9078,25.9403,6.9147,265.776,8.8135,,,
202000,,,50,22,1,231.599,-569.9422,8.3812,8.2628,749.053,5.2771,,,
202000,,,,,,,,,,,,1000,5691.2253,20.9635
202500,,,50,23,2,219.8548,-565.1859,9.8606,7.1134,369.5635,7.2451,,,
203000,,,50,22,2,233.8186,-563.1824,24.3484,6.3311,422.1585,10.6715,,,
203000,,,,,,,,,,,,1000,5477.1689,17.7823
203500,,,50,24,2,205.6605,-568.3396,6.5364,6.7828,308.1279,12.4302,,,
204000,,,50,22,2,216.1481,-564.5438,6.8214,6.9827,335.552,6.7457,,,
204000,,,,,,,,,,,,1000,5427.9227,17.3752
204500,,,50,21,1,243.9356,-571.1929,12.5345,7.6392,199.9598,5.7396,,,
205000,,,50,22,2,215.7342,-573.9667,16.2699,7.0597,304.2731,12.0044,,,
205000,5078.5389,1000.0,,,,,,,,,,,,
205000,,,,,,,,,,,,1000,5704.4602,12.7791
205500,,,50,24,1,217.2388,-575.4655,8.8276,7.2066,335.4448,19.5105,,,
206000,,,50,23,2,210.6927,-572.2183,7.1433,10.0387,1301.6124,5.848,,,
206000,,,,,,,,,,,,1000,5712.207,17.1928
206500,,,50,28,2,184.3924,-569.2646,9.6371,7.0619,583.4792,8.7825,,,
207000,,,50,30,3,176.1684,-573.2092,9.0951,7.0932,177.5997,12.6116,,,
207000,,,,,,,,,,,,1000,5328.5356,16.0813
207500,,,50,26,2,189.2297,-578.1603,8.9801,7.5641,349.7719,6.2804,,,
208000,,,50,25,2,193.662,-577.5878,6.8524,6.013,302.0919,8.3719,,,
208000,,,,,,,,,,,,1000,5383.1733,20.9713
208500,,,50,24,2,212.2507,-564.8483,7.152,6.8545,181.9526,3.4263,,,
209000,,,50,26,2,194.629,-574.6784,10.7745,7.7055,276.9274,5.0481,,,
209000,,,,,,,,,,,,1000,77.2399,18.7546
209500,,,50,24,2,214.5182,-575.0051,9.6521,8.4783,365.0865,7.8453,,,
210000,,,50,25,2,194.845,-576.4664,8.6821,9.0126,1144.3589,15.7709,,,
210000,4501.2765,1000.0,,,,,,,,,,,,
210000,,,,,,,,,,,,1000,5502.9066,11.7192
210500,,,50,25,2,205.4511,-559.4412,7.0716,9.8523,185.0794,5.609,,,
211000,,,50,30,3,173.1693,-574.537,7.3463,7.1783,698.0185,8.3142,,,
211000,,,,,,,,,,,,1000,4450.3418,17.3152
211500,,,50,29,3,179.2633,-575.0171,9.6681,6.2171,361.5468,5.9658,,,
212000,,,50,33,3,164.1109,-573.6558,13.3216,8.2187,258.3637,4.1921,,,
212000,,,,,,,,,,,,1000,5792.428,16.3655
212500,,,50,32,3,167.7304,-571.7073,7.0486,6.3874,182.588,5.4623,,,
213000,,,50,35,3,166.0003,-573.6201,7.4729,20.3947,295.5177,10.3825,,,
213000,,,,,,,,,,,,1000,5553.6877,21.9334
213500,,,50,30,3,170.0145,-582.8946,9.2204,7.3182,410.7837,5.6311,,,
214000,,,50,31,3,178.1238,-571.6996,6.3904,10.0144,413.5013,12.6958,,,
214000,,,,,,,,,,,,1000,1779.8457,19.9613
214500,,,50,33,3,163.8211,-577.5461,7.9563,7.9549,269.8062,14.1883,,,
215000,,,50,33,3,162.7681,-581.7028,15.7824,7.3172,382.3541,9.0638,,,
215000,5010.9555,1000.0,,,,,,,,,,,,
215000,,,,,,,,,,,,1000,5702.0126,15.2086
215500,,,50,31,3,167.0227,-578.3982,10.4801,9.3555,442.363,11.61,,,
216000,,,50,31,3,168.0612,-576.261,10.2549,8.1994,732.4929,13.1804,,,
216000,,,,,,,,,,,,1000,3515.6005,22.2306
216500,,,50,32,3,174.3699,-573.6884,8.7038,12.7668,578.8724,5.5229,,,
217000,,,50,29,2,168.746,-575.32,7.0895,10.3863,717.267,5.8553,,,
217000,,,,,,,,,,,,1000,5510.1872,22.9113
217500,,,50,32,3,163.7417,-580.3053,19.4275,11.614,362.937,5.7637,,,
218000,,,50,34,3,157.4206,-577.0428,8.7333,5.4334,152.1172,10.0799,,,
218000,,,,,,,,,,,,1000,5453.7954,22.4676
218500,,,50,36,3,147.7592,-583.1674,7.5741,6.1329,160.7312,6.8512,,,
219000,,,50,31,3,172.1555,-578.0233,6.226,11.7289,805.64,10.334,,,
219000,,,,,,,,,,,,1000,5540.3798,22.5595
219500,,,50,29,3,173.7999,-572.6699,14.3417,7.5822,445.6693,18.9185,,,
220000,,,50,31,3,173.8357,-574.51,6.8197,7.4725,477.326,10.9012,,,
220000,4962.8163,1000.0,,,,,,,,,,,,
220000,,,,,,,,,,,,1000,5570.7305,16.4737
220500,,,50,32,3,176.4462,-578.7028,7.3466,6.6364,135.6728,8.4204,,,
221000,,,50,30,3,178.0986,-560.3707,7.5428,9.1635,285.7344,5.6476,,,
221000,,,,,,,,,,,,1000,5497.326,23.3562
221500,,,50,34,3,158.9934,-588.2317,9.1471,8.0233,233.567,10.0246,,,
222000,,,50,31,3,175.3649,-576.4202,6.1302,8.6687,594.5676,5.7858,,,
222000,,,,,,,,,,,,1000,5743.2212,22.2146
222500,,,50,31,3,163.3779,-579.9902,7.0649,9.0331,780.6649,19.4325,,,
223000,,,50,31,3,170.7536,-575.61,9.37,8.4447,457.666,7.3964,,,
223000,,,,,,,,,,,,1000,5624.9771,22.3351
223500,,,50,33,3,163.4502,-578.6443,9.2882,26.1684,923.3511,4.0856,,,
224000,,,50,31,3,169.7827,-582.0021,7.3924,7.0733,340.7548,5.6279,,,
224000,,,,,,,,,,,,1000,5928.4376,22.7862
224500,,,50,28,3,186.3363,-584.73,9.8817,8.2575,224.9212,10.3553,,,
225000,,,50,29,3,169.1952,-584.1773,7.484,10.2408,266.3601,7.8167,,,
225000,6157.279,1000.0,,,,,,,,,,,,
225000,,,,,,,,,,,,1000,5737.8232,16.514
225500,,,50,27,3,186.7719,-576.3934,7.0456,7.9675,281.2496,7.8648,,,
226000,,,50,28,3,186.209,-575.5878,7.6775,19.2162,1095.7021,3.9208,,,
226000,,,,,,,,,,,,1000,5818.7986,23.1134
226500,,,50,25,2,199.7323,-574.1994,4.8275,6.7765,155.1911,8.3716,,,
227000,,,50,26,3,193.1947,-586.9421,8.3035,7.8619,258.1681,13.6949,,,
227000,,,,,,,,,,,,1000,5810.8035,22.409
227500,,,50,26,2,198.7385,-582.3318,10.2722,7.0373,311.0083,9.3665,,,
228000,,,50,26,2,200.3774,-588.4576,7.2309,7.6809,347.4037,14.7767,,,
228000,,,,,,,,,,,,1000,5884.6716,22.8243
228500,,,50,27,2,196.5648,-581.5344,11.7771,6.8406,351.5837,9.5826,,,
229000,,,50,28,3,181.8998,-585.9767,13.7349,6.1033,133.0584,18.4662,,,
229000,,,,,,,,,,,,1000,5754.0091,22.6407
229500,,,50,25,2,200.2484,-590.6296,7.4707,8.5506,635.7347,9.2888,,,
230000,,,50,27,3,193.696,-576.576,9.5899,6.5667,193.6519,12.6924,,,
230000,6314.2015,1000.0,,,,,,,,,,,,
230000,,,,,,,,,,,,1000,5601.7212,16.7723
230500,,,50,28,3,184.8589,-586.7436,7.5409,7.5127,463.4251,6.9166,,,
231000,,,50,30,3,179.0833,-580.1857,27.4506,9.4803,288.2235,12.9189,,,
231000,,,,,,,,,,,,1000,5832.22,22.5315
231500,,,50,28,3,183.4307,-582.6356,12.8022,8.5216,944.4282,6.3104,,,
232000,,,50,26,3,190.2156,-582.7635,8.0086,7.5811,669.3442,8.0468,,,
232000,,,,,,,,,,,,1000,5448.2542,22.7263
232500,,,50,29,3,197.7109,-587.7218,8.6182,12.0453,648.5625,5.6907,,,
233000,,,50,25,2,211.4887,-584.0251,10.2728,5.9666,142.9502,8.7759,,,
233000,,,,,,,,,,,,1000,5517.3411,22.6368
233500,,,50,25,2,201.5981,-586.4119,11.2812,9.9989,582.6465,5.464,,,
234000,,,50,27,3,188.9612,-587.5148,11.6163,7.0917,385.5695,10.3626,,,
234000,,,,,,,,,,,,1000,5465.2157,23.2354
234500,,,50,24,2,215.2188,-585.1288,10.6132,8.3371,400.6235,10.8567,,,
235000,,,50,25,2,206.3066,-587.8145,10.0202,6.7744,630.0504,6.7445,,,
235000,6284.6458,1000.0,,,,,,,,,,,,
235000,,,,,,,,,,,,1000,5678.8456,16.6525
235500,,,50,23,2,219.1709,-589.7978,5.9737,6.4405,228.9041,14.6033,,,
236000,,,50,26,2,197.0282,-591.0692,12.4934,7.9955,283.8542,10.7028,,,
236000,,,,,,,,,,,,1000,5807.7908,23.2268
236500,,,50,21,2,234.7477,-586.7252,19.3179,9.8097,568.2628,14.6271,,,
237000,,,50,23,2,213.5434,-590.3124,7.4655,9.3247,733.9857,9.4845,,,
237000,,,,,,,,,,,,1000,5951.69,23.5658
237500,,,50,24,2,221.3585,-593.6892,6.8477,8.6494,415.717,10.5915,,,
238000,,,50,24,2,221.2343,-578.4816,8.3795,6.3393,821.3137,4.7888,,,
238000,,,,,,,,,,,,1000,5837.6087,23.2697
238500,,,50,25,2,211.3321,-595.9052,4.9362,6.1171,539.4943,6.4972,,,
239000,,,50,28,3,199.1194,-583.8928,7.086,7.5464,435.0018,20.4276,,,
239000,,,,,,,,,,,,1000,5674.0008,23.4473
239500,,,50,28,2,185.9091,-587.353,9.706,6.4361,334.4144,9.3316,,,
240000,,,50,29,3,186.3128,-597.6495,13.7393,8.8063,714.0782,7.1483,,,
240000,6401.3406,1000.0,,,,,,,,,,,,
240000,,,,,,,,,,,,1000,5659.2894,16.8403
240500,,,50,28,3,200.7227,-593.1757,8.976,9.216,709.6198,13.335,,,
241000,,,50,25,2,203.5681,-586.8078,8.6179,7.1025,612.2744,5.1676,,,
241000,,,,,,,,,,,,1000,5705.5576,22.8028
241500,,,50,28,2,197.3852,-590.0392,7.8165,7.5211,249.7683,6.18,,,
242000,,,50,26,2,205.586,-585.9643,8.5243,7.1427,202.1948,9.5135,,,
242000,,,,,,,,,,,,1000,5649.4165,23.0715
242500,,,50,27,2,199.2822,-592.5224,7.5824,7.3391,296.2194,7.7287,,,
243000,,,50,28,2,191.3772,-591.6941,6.7136,9.2942,373.1656,9.9078,,,
243000,,,,,,,,,,,,1000,5955.1371,23.0699
243500,,,50,26,2,205.6253,-592.2198,11.6683,6.2937,297.4116,7.4719,,,
244000,,,50,25,2,213.3078,-601.9222,4.4405,6.838,202.7487,7.8917,,,
244000,,,,,,,,,,,,1000,5644.0048,23.4144
244500,,,50,28,3,186.3742,-595.0632,10.0074,8.074,184.2711,13.3883,,,
245000,,,50,25,2,207.267,-587.2443,4.3779,8.5773,571.1451,6.2267,,,
245000,6244.9439,1000.0,,,,,,,,,,,,
245000,,,,,,,,,,,,1000,5730.5747,16.9631
245500,,,50,25,2,200.296,-587.6199,9.8918,6.58,204.7099,14.4604,,,
246000,,,50,24,2,203.0036,-591.7784,7.9125,6.476,234.596,6.3637,,,
246000,,,,,,,,,,,,1000,5722.2905,22.8688
246500,,,50,25,3,197.8473,-595.6235,11.013,6.5468,234.0658,7.3271,,,
247000,,,50,24,2,215.9394,-596.2267,8.3398,11.7928,683.7511,4.637,,,
247000,,,,,,,,,,,,1000,6057.076,23.3979
247500,,,50,23,2,236.8143,-588.4075,11.8663,6.988,410.5822,16.414,,,
248000,,,50,25,2,210.7041,-589.9464,10.293,7.539,140.2514,7.8538,,,
248000,,,,,,,,,,,,1000,6004.7345,23.1446
248500,,,50,25,2,200.838,-594.1366,3.7364,8.6238,712.3165,11.1496,,,
249000,,,50,23,2,221.7637,-598.0696,6.384,8.6294,464.9935,11.3547,,,
249000,,,,,,,,,,,,1000,5794.8872,22.5816
249500,,,50,21,2,235.4299,-604.2228,11.808,7.6301,620.1315,5.0505,,,
250000,,,50,22,2,249.5452,-599.4058,16.5611,9.153,1000.1376,9.325,,,
250000,5754.8415,1000.0,,,,,,,,,,,,
250000,,,,,,,,,,,,1000,5939.8613,16.8097
250500,,,50,22,2,236.3858,-597.6008,8.4116,6.792,214.9612,7.6152,,,
251000,,,50,22,2,232.2714,-595.6108,9.948,6.2509,374.6565,12.0937,,,
251000,,,,,,,,,,,,1000,5393.2412,23.1829
251500,,,50,23,2,232.5409,-600.0601,8.0247,7.6636,222.6462,13.2399,,,
252000,,,50,25,2,217.3319,-603.7368,11.4223,8.8931,570.0425,21.2063,,,
252000,,,,,,,,,,,,1000,5712.4407,23.8144
252500,,,50,24,2,224.7635,-590.4695,6.9308,5.8258,359.7074,9.4699,,,
253000,,,50,26,2,196.3988,-592.9954,7.7305,8.191,135.9718,6.6262,,,
253000,,,,,,,,,,,,1000,6067.9326,22.3655
253500,,,50,22,2,218.3739,-597.0373,6.8935,8.6405,481.9944,11.0531,,,
254000,,,50,26,2,216.3539,-602.4483,5.7669,7.9567,214.109,14.2905,,,
254000,,,,,,,,,,,,1000,5765.306,23.0501
254500,,,50,24,2,210.8295,-598.8961,15.9147,6.2402,287.2144,6.5841,,,
255000,,,50,27,2,185.8934,-604.5956,5.7069,8.4796,476.8722,8.7653,,,
255000,6443.3949,1000.0,,,,,,,,,,,,
255000,,,,,,,,,,,,1000,6137.8625,16.8197
255500,,,50,26,2,197.8642,-587.9614,8.3305,7.9582,335.0212,7.4343,,,
256000,,,50,27,2,206.3264,-601.8836,15.2167,7.2325,267.107,8.3502,,,
256000,,,,,,,,,,,,1000,5742.8136,23.8096
256500,,,50,24,2,216.7411,-602.9268,6.0518,8.7559,781.3027,9.2061,,,
257000,,,50,21,2,237.7954,-597.3956,8.4824,9.9234,316.1016,6.5856,,,
257000,,,,,,,,,,,,1000,5947.2766,23.7035
257500,,,50,20,2,239.7442,-607.3495,6.7251,6.5535,345.5994,11.0324,,,
258000,,,50,20,2,246.7116,-595.2062,15.1838,8.6352,432.058,8.8835,,,
258000,,,,,,,,,,,,1000,5828.4478,22.6806
258500,,,50,21,2,230.6693,-600.202,16.7114,8.3558,699.9059,12.7893,,,
259000,,,50,24,2,207.1018,-591.7896,7.2349,7.3569,299.9899,7.1095,,,
259000,,,,,,,,,,,,1000,168.8723,22.3661
259500,,,50,24,2,217.0189,-592.4452,8.4927,7.3858,259.513,10.1219,,,
260000,,,50,23,2,237.2396,-597.5478,7.5394,8.8826,682.5119,5.3423,,,
260000,6229.0788,1000.0,,,,,,,,,,,,
260000,,,,,,,,,,,,1000,5819.2188,17.033
260500,,,50,20,2,254.2214,-593.7382,10.8736,8.6479,250.7019,10.0322,,,
261000,,,50,24,2,226.0862,-596.0485,9.6299,10.2627,328.4388,8.6684,,,
261000,,,,,,,,,,,,1000,6085.6826,22.8765
261500,,,50,21,2,229.346,-599.8259,9.384,22.1269,781.6906,6.6944,,,
262000,,,50,22,2,221.7917,-596.395,10.246,11.9434,981.9692,11.9995,,,
262000,,,,,,,,,,,,1000,5895.3638,23.3581
262500,,,50,24,2,217.1011,-599.3201,6.7285,7.9176,203.5265,9.2999,,,
263000,,,50,26,2,205.3666,-589.6832,11.0331,8.1234,594.3965,8.6129,,,
263000,,,,,,,,,,,,1000,5852.5098,22.5506
263500,,,50,26,2,198.044,-597.9146,8.786,9.8277,239.4331,5.5394,,,
264000,,,50,28,2,192.3646,-597.0316,10.5159,6.6105,347.8317,5.9378,,,
264000,,,,,,,,,,,,1000,5988.6995,22.3492
264500,,,50,25,2,204.7265,-595.2407,6.454,11.49,385.4712,7.0641,,,
265000,,,50,26,2,212.9253,-602.0192,7.2369,8.3052,437.5786,8.5332,,,
265000,6278.5592,1000.0,,,,,,,,,,,,
265000,,,,,,,,,,,,1000,5913.04,14.6323
265500,,,50,24,2,217.1229,-595.1981,9.251,6.2485,250.3754,9.1316,,,
266000,,,50,24,2,207.4181,-598.8605,5.8085,7.7199,663.5001,10.2623,,,
266000,,,,,,,,,,,,1000,5775.8801,22.1866
266500,,,50,23,2,222.0977,-598.7098,11.0327,8.9231,271.9011,7.6082,,,
267000,,,50,23,2,218.494,-602.957,4.9089,7.8516,244.5584,14.5236,,,
267000,,,,,,,,,,,,1000,6002.4514,22.7101
267500,,,50,25,2,219.6996,-596.2834,6.6035,9.457,430.4481,7.8114,,,
268000,,,50,23,2,232.7341,-591.96,7.9399,8.432,310.6665,6.7021,,,
268000,,,,,,,,,,,,1000,5994.1277,22.6911
268500,,,50,20,2,243.1449,-603.6021,6.0778,7.3867,634.4109,10.2388,,,
269000,,,50,20,2,241.9494,-596.8906,8.155,8.7125,428.9018,8.3493,,,
269000,,,,,,,,,,,,1000,5816.4363,22.3223
269500,,,50,19,2,262.0027,-595.0415,12.8614,9.4814,893.4582,35.1195,,,
270000,,,50,20,2,253.2607,-603.9588,5.2403,9.0594,285.0408,6.1132,,,
270000,2618.2849,1000.0,,,,,,,,,,,,
270000,,,,,,,,,,,,1000,5569.4685,16.3886
270500,,,50,20,2,247.2284,-589.9603,6.6377,9.7941,508.593,7.3359,,,
271000,,,50,23,2,225.1234,-605.6287,6.2688,7.6302,467.1941,11.4986,,,
271000,,,,,,,,,,,,1000,5793.3317,22.8723
271500,,,50,22,2,236.4938,-601.1161,6.6944,8.5655,274.316,7.7807,,,
272000,,,50,22,2,230.4005,-597.4869,12.15,12.4393,460.3356,6.9421,,,
272000,,,,,,,,,,,,1000,4873.0763,22.6429
272500,,,50,23,2,234.1805,-604.7125,7.737,8.2073,435.6382,11.2871,,,
273000,,,50,23,2,228.1331,-589.715,4.5651,7.9436,240.0045,8.1624,,,
273000,,,,,,,,,,,,1000,14.0479,22.3453
273500,,,50,21,2,231.0717,-594.8238,10.5146,12.3034,667.0625,6.0457,,,
274000,,,50,20,2,244.2138,-599.1382,24.6914,8.5797,165.0784,6.1438,,,
274000,,,,,,,,,,,,1000,5864.5197,22.3051
274500,,,50,18,2,258.4789,-589.2991,16.7569,12.7903,773.9195,13.5674,,,
275000,,,50,19,2,247.6604,-604.8434,5.4142,7.5026,592.1484,10.6946,,,
275000,6381.0301,1000.0,,,,,,,,,,,,
275000,,,,,,,,,,,,1000,5676.5179,16.8149
275500,,,50,22,2,231.7209,-591.4423,14.1352,13.7019,514.1457,5.9674,,,
276000,,,50,22,2,228.1462,-597.2048,5.628,6.8218,372.6844,8.4849,,,
276000,,,,,,,,,,,,1000,6040.8629,23.1391
276500,,,50,19,2,269.3382,-592.359,6.9691,9.8856,813.9212,7.4852,,,
277000,,,50,22,2,233.534,-583.6351,10.5866,14.4645,626.2379,11.4419,,,
277000,,,,,,,,,,,,1000,5829.9752,22.8065
277500,,,50,21,2,233.8932,-597.1937,6.7971,9.4562,959.1362,9.8726,,,
278000,,,50,24,2,214.4228,-600.6888,5.0237,8.777,385.6147,12.8208,,,
278000,,,,,,,,,,,,1000,77.1597,22.9621
278500,,,50,23,2,215.9118,-589.3735,7.7894,10.1722,421.6381,7.4985,,,
279000,,,50,23,2,226.7998,-582.496,10.0696,10.5776,497.4561,5.9716,,,
279000,,,,,,,,,,,,1000,5774.1808,22.1551
279500,,,50,21,2,258.222,-585.6509,6.0584,10.0491,515.4149,6.9514,,,
280000,,,50,21,2,239.3759,-587.8331,13.8119,9.6887,945.7703,6.7512,,,
280000,6348.3901,1000.0,,,,,,,,,,,,
280000,,,,,,,,,,,,1000,4483.6758,16.5012
280500,,,50,23,2,250.2303,-595.0397,12.1524,6.8712,246.562,5.1741,,,
281000,,,50,23,2,224.8448,-588.9581,14.211,8.4774,429.7984,14.426,,,
281000,,,,,,,,,,,,1000,5785.1427,22.731
281500,,,50,25,2,220.0186,-595.012,7.2782,14.7645,829.454,7.6256,,,
282000,,,50,20,2,249.7149,-582.2813,13.2492,7.7639,222.2309,12.3104,,,
282000,,,,,,,,,,,,1000,5923.9556,23.094
282500,,,50,23,2,223.4037,-595.3761,16.8938,6.3985,433.7129,8.4021,,,
283000,,,50,25,2,210.2665,-600.0369,9.1502,8.4261,269.0551,10.1166,,,
283000,,,,,,,,,,,,1000,5804.22,22.7131
283500,,,50,24,2,218.9792,-598.1957,8.9834,7.5679,279.9182,7.5841,,,
284000,,,50,24,2,218.7014,-595.8486,10.4168,8.3773,270.2892,10.6573,,,
284000,,,,,,,,,,,,1000,6006.0286,22.4191
284500,,,50,21,2,236.7955,-590.5045,9.2597,6.9004,468.2065,17.5775,,,
285000,,,50,26,2,226.6563,-595.546,11.3345,8.3526,336.1857,4.7676,,,
285000,6385.4999,1000.0,,,,,,,,,,,,
285000,,,,,,,,,,,,1000,5734.1298,16.4102
285500,,,50,22,2,250.102,-600.8986,19.2132,8.495,386.534,10.0786,,,
286000,,,50,21,2,228.8405,-605.5372,9.3977,8.2904,423.6762,11.7048,,,
286000,,,,,,,,,,,,1000,5536.6673,23.7246
286500,,,50,24,2,232.8114,-597.2031,8.8031,10.3036,368.8218,13.9734,,,
287000,,,50,25,2,223.9175,-593.9401,8.3904,7.6269,570.7344,10.4492,,,
287000,,,,,,,,,,,,1000,464.9698,23.8429
287500,,,50,22,2,218.5156,-591.2563,6.588,7.1383,496.7794,17.9189,,,
288000,,,50,24,2,217.3618,-591.8077,16.0209,8.9407,437.623,5.615,,,
288000,,,,,,,,,,,,1000,5992.8375,22.8951
288500,,,50,23,2,221.5417,-595.2867,17.1344,8.243,458.8859,6.4553,,,
289000,,,50,25,2,215.3526,-598.0297,12.4863,7.9784,322.1936,12.4866,,,
289000,,,,,,,,,,,,1000,5848.7538,23.0155
289500,,,50,25,2,216.1581,-585.229,6.272,7.1076,150.6181,4.3948,,,
290000,,,50,24,2,227.5939,-586.4966,11.6826,24.3398,587.051,6.8946,,,
290000,6281.3965,1000.0,,,,,,,,,,,,
290000,,,,,,,,,,,,1000,6051.6204,16.7055
290500,,,50,25,2,198.6666,-603.7814,9.4276,10.1626,598.867,18.0665,,,
291000,,,50,23,2,260.1486,-586.0554,3.9137,7.3663,318.0536,6.6913,,,
291000,,,,,,,,,,,,1000,5822.2865,22.9218
291500,,,50,23,2,228.5413,-595.2136,6.3051,7.232,275.9395,21.1391,,,
292000,,,50,24,2,219.8263,-590.7431,8.8985,9.7006,574.652,7.2075,,,
292000,,,,,,,,,,,,1000,274.1487,22.8178
292500,,,50,25,2,212.6858,-594.7485,7.4565,11.2092,733.8057,8.4551,,,
293000,,,50,25,2,220.3314,-576.6566,8.7653,10.7024,479.9621,10.8664,,,
293000,,,,,,,,,,,,1000,5808.888,23.7182
293500,,,50,21,2,236.9142,-598.6302,5.2868,13.3698,803.7487,9.9535,,,
294000,,,50,20,2,244.3662,-590.9189,7.6527,9.2303,408.6571,7.2254,,,
294000,,,,,,,,,,,,1000,4217.1935,23.2964
294500,,,50,18,2,263.7473,-582.4504,8.6081,12.0229,516.9105,11.2992,,,
295000,,,50,21,2,236.4259,-572.2872,9.602,9.3141,345.1502,10.3161,,,
295000,6117.6659,1000.0,,,,,,,,,,,,
295000,,,,,,,,,,,,1000,5714.4538,16.3713
295500,,,50,20,2,238.9375,-581.2776,7.0214,9.2935,567.6584,6.4414,,,
296000,,,50,22,2,227.7464,-590.0764,6.5817,13.19,986.4586,10.5466,,,
296000,,,,,,,,,,,,1000,5876.8201,21.62
296500,,,50,21,2,242.8534,-584.6862,14.9998,9.806,1133.7611,4.9297,,,
297000,,,50,21,2,240.9702,-586.2062,8.0284,9.6194,613.3096,8.6124,,,
297000,,,,,,,,,,,,1000,241.9358,20.7201
297500,,,50,21,2,230.0526,-583.6199,11.7707,9.5366,522.9289,5.3911,,,
298000,,,50,20,2,245.3208,-584.5497,8.5291,10.0452,818.4628,5.4644,,,
298000,,,,,,,,,,,,1000,311.7131,20.9645
298500,,,50,22,2,242.5746,-576.2807,11.7443,18.0028,935.1869,7.2382,,,
299000,,,50,22,2,222.3332,-585.6142,5.2975,11.5156,714.6941,10.681,,,
299000,,,,,,,,,,,,1000,5702.494,20.5778
299500,,,50,24,2,218.9262,-598.4999,8.7525,28.8856,2386.0725,11.799,,,
300000,,,50,23,2,226.5595,-591.8052,8.113,18.1234,1280.0885,11.1331,,,
300000,4810.7419,1000.0,,,,,,,,,,,,
300000,,,,,,,,,,,,1000,5417.3012,15.0445
300500,,,50,19,2,257.3157,-574.5088,7.9312,9.9942,370.6261,7.8171,,,
301000,,,50,21,2,244.7598,-581.7893,5.8663,11.387,761.6718,11.8864,,,
301000,,,,,,,,,,,,1000,5976.8224,19.8274
301500,,,50,20,2,239.5854,-573.1183,12.5586,9.0394,403.1136,8.2961,,,
302000,,,50,22,2,231.8376,-586.5378,8.9491,7.6033,204.4013,13.6615,,,
302000,,,,,,,,,,,,1000,5919.8079,20.4882
302500,,,50,20,2,247.9692,-576.4569,15.0712,10.88,752.9794,9.3692,,,
303000,,,50,22,2,239.0143,-589.1107,7.9295,13.1002,644.5103,19.3566,,,
303000,,,,,,,,,,,,1000,5851.9229,20.2028
303500,,,50,24,2,237.674,-576.8332,4.24,9.8326,448.8934,7.1535,,,
304000,,,50,21,2,251.9313,-578.0408,10.9189,8.8844,222.7265,7.6696,,,
304000,,,,,,,,,,,,1000,5815.2205,20.438
304500,,,50,22,2,237.0392,-571.4077,11.566,65.9082,1574.5984,14.1685,,,
305000,,,50,24,3,209.9112,-577.8154,7.9489,11.62,451.4123,5.2133,,,
305000,4931.2825,1000.0,,,,,,,,,,,,
305000,,,,,,,,,,,,1000,4836.8507,15.4357
305500,,,50,27,3,209.5138,-580.6124,16.1434,13.6937,326.7822,8.5888,,,
306000,,,50,26,3,206.0929,-576.2808,10.7805,10.2738,422.9491,10.3023,,,
306000,,,,,,,,,,,,1000,5783.0718,21.5325
306500,,,50,23,3,227.6023,-580.6584,9.3529,7.2297,298.2344,7.7068,,,
307000,,,50,26,3,219.2093,-588.8133,5.9537,11.0082,314.728,5.7974,,,
307000,,,,,,,,,,,,1000,5502.1063,21.4701
307500,,,50,23,2,232.5255,-575.9216,10.8853,7.182,373.1597,6.7312,,,
308000,,,50,24,3,220.9707,-585.0281,6.7112,8.3605,248.2687,12.0919,,,
308000,,,,,,,,,,,,1000,5907.144,21.8751
308500,,,50,23,2,223.6662,-584.9576,6.0621,8.1543,444.4167,11.0235,,,
309000,,,50,25,2,230.9273,-594.9802,15.8713,10.1749,681.5262,17.2342,,,
309000,,,,,,,,,,,,1000,5894.8299,21.8729
309500,,,50,21,2,247.5909,-582.3875,15.3463,11.1111,297.9786,10.6852,,,
310000,,,50,23,2,221.1787,-592.3473,11.1539,8.6677,342.7731,11.7649,,,
310000,5608.3219,1000.0,,,,,,,,,,,,
310000,,,,,,,,,,,,1000,6039.9404,15.7511
310500,,,50,23,3,217.9456,-583.8279,10.9788,7.9603,368.8162,5.7227,,,
311000,,,50,23,3,227.0019,-598.8562,9.15,18.7765,2081.4568,9.3452,,,
311000,,,,,,,,,,,,1000,6124.234,21.3322
311500,,,50,23,3,225.4096,-583.2686,7.6168,10.7097,500.4878,13.9293,,,
312000,,,50,24,2,243.3486,-597.4666,7.5604,7.3681,495.2686,13.4793,,,
312000,,,,,,,,,,,,1000,396.5118,22.1988
312500,,,50,22,2,223.4503,-560.8107,17.3797,8.4338,673.5845,17.345,,,
313000,,,50,26,3,218.6143,-586.6306,10.746,10.5516,645.5984,8.5267,,,
313000,,,,,,,,,,,,1000,306.8224,22.0114
313500,,,50,25,3,226.4537,-573.8877,4.8093,7.7843,134.7228,7.4538,,,
314000,,,50,25,2,221.0515,-571.5797,4.9693,11.4146,454.0445,8.4855,,,
314000,,,,,,,,,,,,1000,5734.7841,21.5498
314500,,,50,24,2,208.4803,-594.1757,7.6966,9.9593,477.2625,18.4935,,,
315000,,,50,25,3,220.6762,-570.3286,7.332,12.4247,460.6842,8.2653,,,
315000,5412.6979,1000.0,,,,,,,,,,,,
315000,,,,,,,,,,,,1000,471.5979,16.286
315500,,,50,27,3,205.7911,-572.1898,9.7269,9.8955,256.8207,10.9099,,,
316000,,,50,25,2,213.9146,-578.0104,9.4263,9.8709,419.2049,9.5213,,,
316000,,,,,,,,,,,,1000,5773.1947,21.3732
316500,,,50,26,3,213.5759,-588.3474,5.6071,7.61,562.8275,7.2288,,,
317000,,,50,25,2,212.5417,-582.4663,6.2838,9.2508,233.4881,7.311,,,
317000,,,,,,,,,,,,1000,5904.2819,21.6783
317500,,,50,26,3,202.293,-585.6774,12.3626,8.7994,279.558,12.3848,,,
318000,,,50,26,3,217.0861,-577.5859,10.1666,7.2141,380.3946,9.6836,,,
318000,,,,,,,,,,,,1000,5494.2044,21.835
318500,,,50,23,2,227.6734,-569.8419,11.3227,9.4676,240.0527,6.1837,,,
319000,,,50,24,2,208.1519,-596.2493,8.9487,13.7699,285.6272,18.5451,,,
319000,,,,,,,,,,,,1000,6061.1437,21.4669
319500,,,50,26,3,210.5896,-580.9628,5.4729,8.5404,343.6478,13.5528,,,
320000,,,50,25,3,216.5638,-582.8229,11.3405,10.2672,201.6797,12.0713,,,
320000,6300.0177,1000.0,,,,,,,,,,,,
320000,,,,,,,,,,,,1000,437.815,15.2445
320500,,,50,24,2,226.7493,-562.8645,14.6085,9.9593,723.151,16.411,,,
321000,,,50,24,2,228.0054,-589.5574,21.9534,12.0666,793.7311,6.4892,,,
321000,,,,,,,,,,,,1000,6133.1496,20.9558
321500,,,50,20,2,244.2331,-553.8439,4.8185,7.4097,236.5605,7.676,,,
322000,,,50,23,2,237.9097,-579.7695,5.8384,15.9708,804.7028,5.5802,,,
322000,,,,,,,,,,,,1000,5644.7344,21.2657
322500,,,50,24,2,221.0914,-581.564,9.7727,6.6533,207.4003,13.2395,,,
323000,,,50,25,3,218.0462,-573.96,8.069,9.4879,449.0596,11.0976,,,
323000,,,,,,,,,,,,1000,5761.454,21.3997
323500,,,50,23,2,227.6758,-567.4963,4.7991,10.2063,223.4746,7.7302,,,
324000,,,50,23,2,223.8611,-575.2256,6.5147,40.78,2427.501,9.4522,,,
324000,,,,,,,,,,,,1000,5709.3491,21.0482
324500,,,50,24,2,228.8075,-585.0129,6.164,9.7007,652.1534,7.4533,,,
325000,,,50,24,3,218.2678,-557.9492,11.3348,8.2656,304.2425,9.6914,,,
325000,5060.6141,1000.0,,,,,,,,,,,,
325000,,,,,,,,,,,,1000,5610.0884,15.9195
325500,,,50,23,3,218.6725,-569.7473,10.2945,9.0291,435.6012,10.4104,,,
326000,,,50,24,3,228.6851,-558.364,9.253,23.4982,1141.8101,6.0203,,,
326000,,,,,,,,,,,,1000,5840.4616,21.208
326500,,,50,24,2,232.3549,-567.5681,10.2077,11.4928,588.099,8.3014,,,
327000,,,50,26,3,218.0804,-598.1695,17.0074,9.6288,255.5754,7.4634,,,
327000,,,,,,,,,,,,1000,5729.2153,21.4615
327500,,,50,21,2,229.8107,-555.5093,8.0701,11.9306,476.3168,14.575,,,
328000,,,50,24,3,225.1467,-577.7309,9.7696,9.4441,279.0227,14.0777,,,
328000,,,,,,,,,,,,1000,5874.8725,22.1198
328500,,,50,22,2,230.3962,-568.9418,12.8075,13.7313,711.8704,9.9326,,,
329000,,,50,21,2,257.0489,-559.796,14.4875,9.231,811.174,7.2554,,,
329000,,,,,,,,,,,,1000,5862.9299,20.9076
329500,,,50,24,2,228.4962,-582.9943,7.5882,11.2703,664.2844,6.6466,,,
330000,,,50,20,2,244.7389,-571.8015,8.1379,9.2134,414.7118,12.5694,,,
330000,5816.2713,1000.0,,,,,,,,,,,,
330000,,,,,,,,,,,,1000,5838.3692,15.7019
330500,,,50,21,2,250.7458,-558.4111,6.1411,9.55,261.0112,8.9472,,,
331000,,,50,20,2,253.0218,-586.4707,6.8521,30.4013,2258.7234,10.7648,,,
331000,,,,,,,,,,,,1000,5663.207,21.2049
331500,,,50,21,2,228.5061,-579.9907,5.9009,13.9858,663.1364,10.5284,,,
332000,,,50,19,2,248.3684,-572.688,5.5211,8.7319,265.7362,7.1059,,,
332000,,,,,,,,,,,,1000,5886.3878,21.2067
332500,,,50,20,2,258.5952,-586.3683,5.4099,7.6346,277.962,9.4336,,,
333000,,,50,21,3,245.9027,-575.8226,11.1722,12.9177,753.6913,14.0073,,,
333000,,,,,,,,,,,,1000,5886.9549,21.1645
333500,,,50,19,2,260.8061,-574.7028,10.3555,11.2037,1031.0215,9.7805,,,
334000,,,50,20,2,254.2338,-586.2081,15.9222,8.419,320.5058,12.4509,,,
334000,,,,,,,,,,,,1000,5911.6882,20.898
334500,,,50,22,2,241.8387,-563.5913,16.6419,11.1351,963.3859,9.2223,,,
335000,,,50,21,2,232.8312,-587.7602,7.7919,8.5683,368.1185,9.1185,,,
335000,6409.6306,1000.0,,,,,,,,,,,,
335000,,,,,,,,,,,,1000,458.3325,15.801
335500,,,50,20,2,252.0758,-548.6827,13.3616,12.441,467.4312,4.0734,,,
336000,,,50,21,2,255.9307,-571.105,9.4548,8.4054,476.081,5.9137,,,
336000,,,,,,,,,,,,1000,5861.2098,20.9892
336500,,,50,20,2,264.5873,-555.0532,8.9142,7.3402,225.348,12.7819,,,
337000,,,50,20,2,254.2457,-564.2247,8.8732,8.2171,414.5624,7.4737,,,
337000,,,,,,,,,,,,1000,5861.788,20.983
337500,,,50,20,2,259.3672,-558.593,7.4991,7.6085,620.9718,6.7709,,,
338000,,,50,19,2,260.1069,-560.8796,10.2767,7.105,480.9833,4.5171,,,
338000,,,,,,,,,,,,1000,5844.7277,21.6109
338500,,,50,19,2,269.0077,-562.7466,5.6498,8.4721,456.1799,4.8385,,,
339000,,,50,20,2,254.8626,-574.4953,8.8703,9.4245,297.9809,5.3031,,,
339000,,,,,,,,,,,,1000,5585.0451,21.3358
339500,,,50,19,2,270.3683,-570.5339,6.2497,21.5457,1325.7003,10.7132,,,
340000,,,50,20,2,255.672,-592.584,14.7696,12.3032,520.4368,15.3132,,,
340000,5908.6551,1000.0,,,,,,,,,,,,
340000,,,,,,,,,,,,1000,5916.082,15.8255
340500,,,50,19,2,267.5492,-561.7682,8.2037,11.549,319.635,9.7825,,,
341000,,,50,19,2,267.8572,-557.2798,14.4213,13.7425,820.5076,4.6714,,,
341000,,,,,,,,,,,,1000,5729.5347,21.044
341500,,,50,19,2,273.509,-573.7708,14.9635,7.0836,280.2155,5.4154,,,
342000,,,50,19,2,287.1286,-584.1092,10.6291,11.286,623.0607,8.3199,,,
342000,,,,,,,,,,,,1000,5868.0795,21.1484
342500,,,50,20,2,261.8924,-566.6334,12.4081,13.9861,728.9773,6.9901,,,
343000,,,50,20,2,289.9583,-580.3599,29.3407,8.8333,269.6766,7.9637,,,
343000,,,,,,,,,,,,1000,5468.1607,21.5584
343500,,,50,20,2,273.8065,-583.8113,21.2496,9.7139,323.5325,11.5214,,,
344000,,,50,20,2,257.7339,-558.0255,11.0711,29.4315,1971.2231,6.6221,,,
344000,,,,,,,,,,,,1000,6014.7575,21.4092
344500,,,50,22,2,234.7059,-573.056,10.3101,9.2294,442.7595,12.7429,,,
345000,,,50,22,2,238.2138,-575.8472,8.1337,11.5393,343.2532,11.4816,,,
345000,6350.6179,1000.0,,,,,,,,,,,,
345000,,,,,,,,,,,,1000,5924.9567,15.8317
345500,,,50,20,2,251.0275,-567.9932,6.4231,10.8794,385.678,6.0361,,,
346000,,,50,19,2,278.7371,-563.0243,27.1886,8.9489,352.8404,9.8173,,,
346000,,,,,,,,,,,,1000,5898.3585,23.53
346500,,,50,20,2,256.5328,-558.2898,11.591,9.4041,796.0973,15.7658,,,
347000,,,50,19,2,255.4317,-573.0602,5.4487,8.1036,178.5123,7.889,,,
347000,,,,,,,,,,,,1000,6018.2443,22.3477
347500,,,50,20,2,245.6461,-582.828,8.5375,20.0683,1942.5721,4.1576,,,
348000,,,50,21,2,247.1809,-589.3192,11.8703,22.1211,920.5314,7.352,,,
348000,,,,,,,,,,,,1000,5647.7379,23.4317
348500,,,50,22,2,258.4554,-569.3853,14.6744,7.2377,158.9189,11.0119,,,
349000,,,50,20,2,261.8517,-569.6445,11.4452,10.1033,614.3531,6.9562,,,
349000,,,,,,,,,,,,1000,5970.8886,23.6725
349500,,,50,19,2,266.2159,-577.8512,18.8943,10.3754,494.149,6.2582,,,
350000,,,50,21,2,246.7995,-563.6285,11.2505,6.6653,148.7809,6.7482,,,
350000,6498.9218,1000.0,,,,,,,,,,,,
350000,,,,,,,,,,,,1000,6054.2612,16.6792
350500,,,50,22,2,246.7897,-569.0656,13.4586,8.5282,256.8405,8.0579,,,
351000,,,50,22,2,245.0899,-569.4843,9.7071,7.9842,389.1407,5.3661,,,
351000,,,,,,,,,,,,1000,5866.3158,23.3953
351500,,,50,22,2,239.4965,-568.1633,8.0474,10.7454,315.5312,11.4377,,,
352000,,,50,21,2,244.0614,-570.3193,6.6924,8.0966,264.4394,9.4215,,,
352000,,,,,,,,,,,,1000,6119.6502,22.4027
352500,,,50,24,2,230.3664,-575.0487,9.821,8.3011,357.631,7.222,,,
353000,,,50,20,2,240.3397,-568.2766,5.0118,11.5596,326.4222,16.7436,,,
353000,,,,,,,,,,,,1000,5912.3036,22.5156
353500,,,50,23,2,234.5754,-575.1666,9.4858,8.8124,207.2031,13.1221,,,
354000,,,50,22,2,248.4464,-569.4291,5.0661,6.8892,334.5908,9.8092,,,
354000,,,,,,,,,,,,1000,530.2745,22.6586
354500,,,50,22,2,252.733,-553.0296,6.2608,11.717,243.1062,9.9393,,,
355000,,,50,24,2,241.1113,-572.7419,7.7153,11.6263,630.9745,14.224,,,
355000,6562.1619,1000.0,,,,,,,,,,,,
355000,,,,,,,,,,,,1000,6011.0229,16.3999
355500,,,50,24,3,210.7099,-553.5806,4.7964,58.3253,2091.4521,9.0593,,,
356000,,,50,22,2,232.4554,-555.1234,5.7292,7.04,197.8396,5.2836,,,
356000,,,,,,,,,,,,1000,6091.3245,22.7622
356500,,,50,24,2,226.9933,-552.3676,17.1596,12.7364,693.1052,12.0055,,,
357000,,,50,24,2,225.6661,-569.759,5.2393,11.8527,433.6753,7.8195,,,
357000,,,,,,,,,,,,1000,5705.5458,22.2194
357500,,,50,22,2,246.2339,-571.7221,6.594,8.2333,260.9745,12.7292,,,
358000,,,50,23,2,257.6063,-578.3776,6.0726,7.5824,120.5141,13.5779,,,
358000,,,,,,,,,,,,1000,6122.5161,22.8459
358500,,,50,23,2,248.1441,-564.5072,9.4376,8.752,227.376,9.6262,,,
359000,,,50,25,2,226.8753,-599.9031,10.7157,12.8186,877.265,7.0303,,,
359000,,,,,,,,,,,,1000,6117.5452,22.8472
359500,,,50,24,2,219.3239,-574.5438,19.9033,8.7066,308.2625,8.8322,,,
360000,,,50,23,2,236.775,-574.7402,9.8218,13.1023,1453.351,6.7631,,,
360000,6002.7259,1000.0,,,,,,,,,,,,
360000,,,,,,,,,,,,1000,5874.4192,16.8327
360500,,,50,25,3,216.6832,-577.724,15.8995,10.7937,302.1742,10.0593,,,
361000,,,50,26,3,221.5477,-561.4052,5.7119,13.8771,340.6346,11.6984,,,
361000,,,,,,,,,,,,1000,697.3465,22.3719
361500,,,50,23,2,235.6328,-547.7391,6.5535,47.7289,519.5705,8.5292,,,
362000,,,50,24,2,213.9721,-568.7657,10.313,8.0225,181.0661,10.4492,,,
362000,,,,,,,,,,,,1000,6091.3045,22.1886
362500,,,50,23,2,234.443,-561.4453,6.5156,7.1789,127.8414,8.366,,,
363000,,,50,26,2,221.0361,-573.3347,5.9388,9.3414,155.4283,5.7606,,,
363000,,,,,,,,,,,,1000,5905.3718,23.9115
363500,,,50,23,2,243.562,-554.4539,10.4984,15.5885,986.1517,10.5749,,,
364000,,,50,25,3,219.19,-570.4431,4.3427,14.5361,499.7649,9.7198,,,
364000,,,,,,,,,,,,1000,3392.9945,22.7542
364500,,,50,24,3,237.5109,-563.7285,9.8344,8.4984,267.7969,6.3296,,,
365000,,,50,23,2,251.4969,-559.9091,7.0047,9.6984,346.724,10.5474,,,
365000,6708.4914,1000.0,,,,,,,,,,,,
365000,,,,,,,,,,,,1000,576.3182,16.404
365500,,,50,22,2,234.8831,-546.9773,11.4943,10.5537,275.2442,16.3452,,,
366000,,,50,22,2,235.1136,-555.2861,11.8588,9.4864,568.5327,11.1811,,,
366000,,,,,,,,,,,,1000,586.3782,23.3532
366500,,,50,22,2,242.4799,-575.0935,9.9563,14.4284,1265.464,7.524,,,
367000,,,50,21,2,245.58,-539.81,10.5839,10.6867,460.2559,8.7084,,,
367000,,,,,,,,,,,,1000,5691.0107,23.06
367500,,,50,23,2,234.8249,-556.7986,24.9116,7.4994,406.4098,8.2504,,,
368000,,,50,21,2,224.6485,-562.0736,5.3525,11.1141,376.3727,8.2178,,,
368000,,,,,,,,,,,,1000,6081.9125,23.3007
368500,,,50,23,2,238.4262,-556.409,10.8754,9.2972,203.5309,12.6297,,,
369000,,,50,24,2,216.6542,-571.9724,15.8872,10.9268,507.8766,7.9623,,,
369000,,,,,,,,,,,,1000,5801.4655,23.2546
369500,,,50,24,3,226.3787,-553.7927,22.2043,8.7567,239.4267,12.4092,,,
370000,,,50,22,2,233.1004,-558.3378,7.7944,9.5374,450.5797,7.2177,,,
370000,5470.5146,1000.0,,,,,,,,,,,,
370000,,,,,,,,,,,,1000,5548.0168,16.9385
370500,,,50,23,2,245.1803,-547.4763,5.2927,13.4115,428.9778,13.9643,,,
371000,,,50,24,2,239.1754,-555.2541,5.7191,11.1062,363.2975,7.0213,,,
371000,,,,,,,,,,,,1000,6041.7854,22.7339
371500,,,50,23,2,239.9261,-542.3533,18.1113,9.6815,324.9881,7.5782,,,
372000,,,50,24,2,221.5244,-544.9178,11.7615,13.4793,279.9636,6.1959,,,
372000,,,,,,,,,,,,1000,6103.6014,22.0485
372500,,,50,25,3,221.8909,-559.4058,13.0034,10.4291,520.9794,9.5975,,,
373000,,,50,22,2,237.9107,-551.1641,13.5671,8.5634,199.2817,13.8762,,,
373000,,,,,,,,,,,,1000,5798.6536,23.4793
373500,,,50,26,2,212.9888,-576.1301,9.2812,9.2398,199.6322,8.2266,,,
374000,,,50,26,2,218.5465,-561.4622,5.4323,10.0818,314.3268,6.438,,,
374000,,,,,,,,,,,,1000,5753.063,22.7064
374500,,,50,25,3,226.3028,-564.4649,7.0056,10.6493,380.4653,7.9956,,,
375000,,,50,24,2,225.6789,-545.6382,15.8056,8.1104,239.5329,10.0342,,,
375000,6098.8749,1000.0,,,,,,,,,,,,
375000,,,,,,,,,,,,1000,5847.1813,16.6021
375500,,,50,26,3,218.9235,-550.7554,6.8558,8.7242,126.9671,9.2232,,,
376000,,,50,26,2,202.7772,-553.4079,7.3489,9.556,162.7331,8.7708,,,
376000,,,,,,,,,,,,1000,5891.426,22.7381
376500,,,50,26,3,205.2139,-563.2668,7.333,6.8371,218.0158,6.8023,,,
377000,,,50,28,3,207.5979,-568.9178,11.8871,7.4069,132.8631,7.9127,,,
377000,,,,,,,,,,,,1000,5372.8538,24.0328
377500,,,50,28,3,196.3428,-579.0035,9.6391,11.6291,296.0873,11.8678,,,
378000,,,50,28,3,206.4336,-571.2705,13.6693,11.4388,283.9297,12.1419,,,
378000,,,,,,,,,,,,1000,5608.56,22.8136
378500,,,50,29,3,195.0645,-583.5324,5.3208,7.8609,94.1235,8.2894,,,
379000,,,50,27,3,193.5078,-573.6498,5.3513,7.3212,224.7775,11.1454,,,
379000,,,,,,,,,,,,1000,6309.5248,23.5885
379500,,,50,29,3,198.9615,-552.3498,5.6202,7.7366,146.1316,8.1091,,,
380000,,,50,29,3,203.9134,-580.3188,6.7698,8.8469,157.7851,10.7189,,,
380000,6452.6044,1000.0,,,,,,,,,,,,
380000,,,,,,,,,,,,1000,5708.0264,16.4565
380500,,,50,27,3,197.3272,-563.4983,10.7481,9.4694,304.4019,21.2507,,,
381000,,,50,28,3,202.5986,-564.9722,7.5192,14.6567,355.3558,8.8779,,,
381000,,,,,,,,,,,,1000,6082.3604,22.6502
381500,,,50,29,3,197.2829,-574.4296,8.6869,9.4455,282.0528,10.3044,,,
382000,,,50,26,3,203.4984,-571.507,8.1121,7.5259,201.3362,12.7458,,,
382000,,,,,,,,,,,,1000,5696.5726,22.2588
382500,,,50,29,3,200.2963,-573.712,14.3092,10.4368,381.9812,7.9542,,,
383000,,,50,29,3,193.0138,-559.5751,5.3275,16.5715,207.7072,7.7328,,,
383000,,,,,,,,,,,,1000,5920.4714,22.8071
383500,,,50,25,3,214.1336,-553.6139,6.6097,7.9385,177.3598,5.42,,,
384000,,,50,29,3,203.9782,-573.7094,9.6097,9.5242,184.9659,9.0003,,,
384000,,,,,,,,,,,,1000,6100.7807,22.7165
384500,,,50,26,2,201.6663,-558.6309,5.7012,11.3314,404.8878,10.8196,,,
385000,,,50,27,3,198.4626,-558.3268,11.8042,8.9124,226.3677,13.1578,,,
385000,5975.4717,1000.0,,,,,,,,,,,,
385000,,,,,,,,,,,,1000,5814.2281,16.3406
385500,,,50,28,3,197.2093,-561.2291,11.1508,10.8802,302.4683,8.8829,,,
386000,,,50,26,2,201.7097,-576.2194,7.3311,7.8741,164.0215,8.4677,,,
386000,,,,,,,,,,,,1000,6098.9192,23.3962
386500,,,50,26,2,225.7412,-581.9425,7.1294,8.9964,200.4677,5.2099,,,
387000,,,50,27,3,202.9793,-579.7994,11.4876,9.2272,346.2449,10.6528,,,
387000,,,,,,,,,,,,1000,5986.5768,22.5278
387500,,,50,25,3,210.6414,-568.9935,16.9548,7.9169,285.8692,6.0744,,,
388000,,,50,25,2,214.8495,-568.301,11.6509,9.3029,257.9394,18.7329,,,
388000,,,,,,,,,,,,1000,6022.2887,24.0732
388500,,,50,27,3,200.2658,-573.9638,11.4991,8.378,269.5388,9.2755,,,
389000,,,50,26,3,208.3615,-568.7996,10.6169,8.2126,102.3621,11.4326,,,
389000,,,,,,,,,,,,1000,5878.7323,22.4499
389500,,,50,26,3,215.6276,-572.0898,5.6746,11.1145,263.0306,10.1576,,,
390000,,,50,26,3,225.2492,-554.0928,7.2844,10.1834,153.5597,9.6888,,,
390000,6552.8722,1000.0,,,,,,,,,,,,
390000,,,,,,,,,,,,1000,6098.5062,17.7304
390500,,,50,23,2,229.4752,-573.996,9.652,9.7846,223.8876,10.2236,,,
391000,,,50,26,2,210.8045,-581.8469,9.8324,11.0815,482.3351,24.0578,,,
391000,,,,,,,,,,,,1000,6066.8437,23.6361
391500,,,50,24,2,212.5946,-575.9444,15.0445,11.164,297.2366,15.1377,,,
392000,,,50,26,2,206.9712,-573.9963,6.8667,9.8291,455.4832,8.7853,,,
392000,,,,,,,,,,,,1000,5884.7916,22.8678
392500,,,50,26,2,226.2822,-587.3053,28.2369,12.954,291.0278,7.6317,,,
393000,,,50,25,2,212.2349,-580.9721,12.4898,9.0708,97.7482,10.0717,,,
393000,,,,,,,,,,,,1000,5886.4534,23.7433
393500,,,50,26,2,210.5998,-581.5294,5.8757,6.6842,293.7845,9.2015,,,
394000,,,50,26,3,218.231,-575.5973,10.8267,9.3407,217.5122,10.1447,,,
394000,,,,,,,,,,,,1000,6113.9475,23.1824
394500,,,50,28,3,204.6586,-583.5493,10.7969,6.3295,217.9665,4.2222,,,
395000,,,50,26,2,206.4452,-579.4747,8.3109,9.0918,410.5875,11.6929,,,
395000,6700.4221,1000.0,,,,,,,,,,,,
395000,,,,,,,,,,,,1000,5890.8912,16.9416
395500,,,50,26,3,204.4023,-574.5314,24.914,10.0986,398.2675,9.2502,,,
396000,,,50,25,2,218.1576,-573.6855,5.4559,6.9388,201.5488,6.7829,,,
396000,,,,,,,,,,,,1000,6100.0654,24.3091
396500,,,50,24,2,222.3279,-574.0241,16.5273,8.9854,171.6891,14.653,,,
397000,,,50,27,3,203.4054,-590.3375,11.3135,7.1827,216.6971,7.5591,,,
397000,,,,,,,,,,,,1000,5713.8047,22.1215
397500,,,50,29,3,196.6183,-599.3711,7.088,11.6419,225.0325,7.1234,,,
398000,,,50,30,3,187.0033,-603.9742,19.267,8.1626,289.6777,15.3242,,,
398000,,,,,,,,,,,,1000,5526.1818,21.8986
398500,,,50,28,3,201.7313,-578.9547,13.7675,12.0107,282.3243,12.1777,,,
399000,,,50,25,2,209.797,-588.4507,7.2678,11.5091,222.2353,11.9594,,,
399000,,,,,,,,,,,,1000,5913.5766,20.7908
399500,,,50,28,3,193.0365,-604.4637,7.3637,9.2615,343.0159,10.847,,,
400000,,,50,30,3,190.9025,-596.0635,6.579,7.2214,220.2323,7.7011,,,
400000,6693.996,1000.0,,,,,,,,,,,,
400000,,,,,,,,,,,,1000,5874.5831,16.6087
400500,,,50,27,3,212.0993,-591.1854,10.2723,8.9064,225.581,7.0182,,,
401000,,,50,28,3,192.1586,-601.4257,9.2578,10.0756,321.2664,12.826,,,
401000,,,,,,,,,,,,1000,6243.5802,21.7606
401500,,,50,29,3,197.6224,-599.9792,7.3318,9.4954,299.7387,8.0929,,,
402000,,,50,27,3,195.9093,-603.5139,12.3591,9.5903,121.4419,5.9062,,,
402000,,,,,,,,,,,,1000,5920.0328,21.815
402500,,,50,27,2,199.4948,-605.5711,24.4147,10.0312,240.5641,10.2335,,,
403000,,,50,27,2,202.5506,-595.5704,5.5336,11.8282,349.8276,7.7618,,,
403000,,,,,,,,,,,,1000,5858.0612,21.7381
403500,,,50,28,3,193.1961,-595.5005,14.083,10.447,195.1457,8.9042,,,
404000,,,50,30,3,187.8689,-601.408,9.692,9.6034,436.5823,6.8502,,,
404000,,,,,,,,,,,,1000,6050.1843,22.6131
404500,,,50,28,3,184.0174,-603.1269,7.4088,9.4157,313.0662,4.2229,,,
405000,,,50,26,3,214.6918,-588.9512,8.6068,8.5667,132.9132,11.4272,,,
405000,6775.4872,1000.0,,,,,,,,,,,,
405000,,,,,,,,,,,,1000,6204.9846,16.1301
405500,,,50,28,3,204.6008,-594.5839,14.171,9.1954,290.7325,17.1365,,,
406000,,,50,27,3,215.496,-605.6796,6.0568,13.5466,433.0791,8.874,,,
406000,,,,,,,,,,,,1000,6161.6777,21.8727
406500,,,50,23,2,218.0543,-587.4268,5.7817,9.499,260.1111,12.8568,,,
407000,,,50,28,3,212.5612,-600.4018,14.1149,11.5461,515.8121,9.3766,,,
407000,,,,,,,,,,,,1000,6193.4454,22.334
407500,,,50,28,3,193.216,-596.7424,8.8447,10.248,142.1488,8.8749,,,
408000,,,50,29,3,184.9228,-586.8729,10.9747,10.1892,204.8868,15.3083,,,
408000,,,,,,,,,,,,1000,6123.4622,22.0107
408500,,,50,29,3,203.1107,-599.2656,23.7144,8.5969,259.4656,13.375,,,
409000,,,50,32,3,176.9284,-596.9714,6.0853,8.5926,165.616,10.0872,,,
409000,,,,,,,,,,,,1000,6033.896,21.8558
409500,,,50,32,3,172.1335,-602.6375,6.7005,7.664,321.2708,15.9103,,,
410000,,,50,29,3,186.9459,-592.7341,16.4863,6.8577,135.9178,9.9903,,,
410000,6140.0748,1000.0,,,,,,,,,,,,
410000,,,,,,,,,,,,1000,545.0781,16.5514
410500,,,50,30,3,187.3407,-598.0731,12.1324,22.5972,649.3599,10.7846,,,
411000,,,50,28,3,197.5309,-579.4795,6.901,9.3016,154.1462,8.5748,,,
411000,,,,,,,,,,,,1000,6094.8991,21.3921
411500,,,50,27,3,194.6665,-587.9586,12.6927,12.5418,133.8972,5.6739,,,
412000,,,50,29,3,190.7692,-586.2274,5.8284,7.1191,161.5629,6.6394,,,
412000,,,,,,,,,,,,1000,6228.2279,22.3064
412500,,,50,26,2,211.8203,-602.1048,9.6108,7.9955,284.6432,5.2337,,,
413000,,,50,28,2,206.0778,-593.549,10.7956,12.0641,199.3888,8.271,,,
413000,,,,,,,,,,,,1000,5715.1315,21.776
413500,,,50,28,3,198.9135,-602.5828,10.825,7.7053,136.1662,17.1753,,,
414000,,,50,26,3,204.8908,-607.7167,17.9688,8.0163,114.7851,8.1457,,,
414000,,,,,,,,,,,,1000,6177.3512,21.6915
414500,,,50,27,2,205.4495,-614.4639,9.0686,10.6432,564.2532,7.6424,,,
415000,,,50,28,3,204.1671,-608.9033,7.1535,9.5159,326.1289,9.7634,,,
415000,6520.4779,1000.0,,,,,,,,,,,,
415000,,,,,,,,,,,,1000,5935.8336,16.3066
415500,,,50,29,2,194.1594,-610.3594,13.1043,10.8504,260.7809,15.3092,,,
416000,,,50,28,2,194.7217,-607.2397,6.0868,7.8254,218.275,9.3815,,,
416000,,,,,,,,,,,,1000,6069.9396,21.0454
416500,,,50,27,2,206.0524,-605.0699,10.1409,8.397,208.9953,5.7309,,,
417000,,,50,28,3,193.6765,-611.1382,16.1184,9.7412,156.5862,10.3532,,,
417000,,,,,,,,,,,,1000,6043.3283,19.913
417500,,,50,27,2,197.1309,-607.5485,15.7964,6.3401,143.8985,7.0928,,,
418000,,,50,26,2,200.8423,-608.6907,12.1886,9.0072,343.4217,12.8812,,,
418000,,,,,,,,,,,,1000,6384.4282,20.9482
418500,,,50,27,2,206.3529,-623.459,10.2036,8.6322,140.0979,14.495,,,
419000,,,50,28,3,209.8527,-608.594,12.3575,8.4203,136.6792,13.3448,,,
419000,,,,,,,,,,,,1000,6156.8917,21.8431
419500,,,50,23,2,228.9803,-600.4077,7.7494,9.0133,185.3628,14.4981,,,
420000,,,50,28,2,204.7595,-613.8257,15.695,9.6423,257.3373,30.3297,,,
420000,5958.4176,1000.0,,,,,,,,,,,,
420000,,,,,,,,,,,,1000,6292.8898,16.6002
420500,,,50,26,2,218.0136,-619.1704,27.622,11.5875,339.3393,8.4001,,,
421000,,,50,26,2,215.1123,-618.2532,9.5721,10.592,151.6587,19.249,,,
421000,,,,,,,,,,,,1000,6332.2734,22.1677
421500,,,50,26,2,204.1378,-617.3798,18.7978,8.7438,338.912,14.5398,,,
422000,,,50,26,2,225.8129,-604.9117,12.9414,11.3449,289.9503,8.1979,,,
422000,,,,,,,,,,,,1000,6168.6871,21.9352
422500,,,50,25,2,221.0247,-614.8468,27.2965,10.2493,582.6517,9.7845,,,
423000,,,50,29,2,195.2729,-621.9402,8.4464,7.2395,137.4933,17.3158,,,
423000,,,,,,,,,,,,1000,6284.4344,21.7145
423500,,,50,28,2,194.0927,-619.7345,13.0447,11.3086,290.8968,6.1434,,,
424000,,,50,27,2,215.5154,-613.0444,13.5375,10.7954,531.6859,10.8793,,,
424000,,,,,,,,,,,,1000,6301.9411,21.3965
424500,,,50,28,2,196.879,-621.3969,7.2685,9.5574,325.4268,10.0021,,,
425000,,,50,29,2,197.1922,-612.813,7.9936,8.9868,216.9346,10.6006,,,
425000,5924.411,1000.0,,,,,,,,,,,,
425000,,,,,,,,,,,,1000,6058.6808,15.7936
425500,,,50,26,2,206.4251,-619.1322,7.2598,6.9861,368.0082,12.7598,,,
426000,,,50,26,2,216.1879,-613.6999,7.4694,11.5831,579.2321,13.0089,,,
426000,,,,,,,,,,,,1000,6300.5861,20.8139
426500,,,50,25,2,224.9731,-613.0953,10.6533,9.3595,162.128,10.9986,,,
427000,,,50,27,2,211.4274,-616.6779,6.5484,11.5607,377.2305,10.2957,,,
427000,,,,,,,,,,,,1000,5957.7525,21.5935
427500,,,50,28,2,212.4835,-624.7841,4.2894,9.4534,225.0032,6.8884,,,
428000,,,50,25,2,227.3761,-610.1848,8.9425,10.9335,239.1979,9.7474,,,
428000,,,,,,,,,,,,1000,6251.3798,21.7825
428500,,,50,28,2,195.3133,-629.4026,16.525,7.905,563.4266,10.3661,,,
429000,,,50,28,3,200.3304,-615.8851,10.0883,8.1637,376.5783,8.6306,,,
429000,,,,,,,,,,,,1000,5568.5906,20.8029
429500,,,50,23,2,228.3607,-621.0372,12.0855,8.1845,209.9515,10.7338,,,
430000,,,50,28,2,202.1167,-627.8661,12.1531,11.0748,316.7625,13.8512,,,
430000,6661.4665,1000.0,,,,,,,,,,,,
430000,,,,,,,,,,,,1000,6347.9257,16.744
430500,,,50,26,2,212.7789,-625.2798,6.7611,9.7324,497.3691,13.1634,,,
431000,,,50,25,2,210.2058,-621.3618,5.41,9.2013,247.4687,6.3796,,,
431000,,,,,,,,,,,,1000,6179.539,21.6238
431500,,,50,25,2,232.0408,-604.0757,6.5719,8.8916,206.4169,14.1685,,,
432000,,,50,27,2,208.7047,-625.0699,9.4783,10.8487,187.8116,9.3517,,,
432000,,,,,,,,,,,,1000,5866.3212,21.9376
432500,,,50,24,2,227.1532,-615.4413,9.6398,10.457,190.3633,9.6398,,,
433000,,,50,26,2,205.7742,-612.622,9.2811,6.9009,221.4168,16.0082,,,
433000,,,,,,,,,,,,1000,5705.6384,21.4621
433500,,,50,23,2,230.6405,-608.669,7.6481,12.6454,314.8181,10.329,,,
434000,,,50,26,2,205.4792,-622.5943,9.3869,9.1332,361.5695,8.7338,,,
434000,,,,,,,,,,,,1000,5901.4249,21.0994
434500,,,50,25,2,209.2771,-619.1334,17.3772,8.7846,213.827,8.3919,,,
435000,,,50,26,2,215.6606,-617.9469,21.5767,9.3212,259.2212,7.1478,,,
435000,6490.4431,1000.0,,,,,,,,,,,,
435000,,,,,,,,,,,,1000,6234.0123,16.6605
435500,,,50,24,2,223.2169,-623.9728,10.7619,8.0314,304.3871,17.2856,,,
436000,,,50,28,2,208.4948,-631.2927,6.2789,10.5863,413.2605,7.9905,,,
436000,,,,,,,,,,,,1000,6068.7944,22.8475
436500,,,50,26,2,216.8274,-627.0937,10.7477,8.8679,182.8299,15.2904,,,
437000,,,50,27,2,207.0982,-646.0307,10.3497,9.809,377.3685,8.8385,,,
437000,,,,,,,,,,,,1000,5625.3356,25.5149
437500,,,50,25,2,209.5093,-629.0874,7.6146,10.246,381.704,11.4018,,,
438000,,,50,24,2,229.2053,-623.8257,14.5815,8.6588,288.1251,8.5171,,,
438000,,,,,,,,,,,,1000,6209.6021,24.2573
438500,,,50,27,2,203.6527,-622.4277,15.8601,10.5605,418.5404,9.8951,,,
439000,,,50,29,2,211.6619,-633.3042,15.1084,8.3337,232.7034,10.1074,,,
439000,,,,,,,,,,,,1000,6190.3882,24.5882
439500,,,50,25,2,220.4005,-612.9785,7.9397,10.1119,285.5281,9.5031,,,
440000,,,50,24,2,221.1296,-629.3839,6.395,9.6219,410.9857,6.5849,,,
440000,6240.4346,1000.0,,,,,,,,,,,,
440000,,,,,,,,,,,,1000,6368.0687,17.6417
440500,,,50,25,2,217.1917,-619.1664,8.5456,9.8559,572.7201,10.5789,,,
441000,,,50,25,2,223.6121,-626.993,13.93,10.446,318.293,7.387,,,
441000,,,,,,,,,,,,1000,6068.4796,23.9192
441500,,,50,25,2,215.4419,-625.6082,9.7007,12.5341,500.2086,12.3234,,,
442000,,,50,24,2,232.5168,-632.2728,8.7845,9.7979,793.3914,9.3268,,,
442000,,,,,,,,,,,,1000,6065.2595,24.7563
442500,,,50,26,2,224.3837,-622.0138,11.2563,12.1096,288.4909,12.0199,,,
443000,,,50,26,2,222.3192,-639.4633,7.0471,11.3664,398.9618,12.3077,,,
443000,,,,,,,,,,,,1000,6076.875,25.8702
443500,,,50,24,2,230.9679,-630.9709,8.4712,8.594,875.3708,13.6941,,,
444000,,,50,24,2,223.2936,-623.4342,21.6193,9.3999,446.6483,5.9459,,,
444000,,,,,,,,,,,,1000,421.8738,25.082
444500,,,50,24,2,227.6136,-622.6771,16.1552,7.4413,337.7066,7.3515,,,
445000,,,50,25,2,222.9494,-621.8561,15.823,9.4668,215.2246,11.4997,,,
445000,5301.6091,1000.0,,,,,,,,,,,,
445000,,,,,,,,,,,,1000,6143.5003,18.0936
445500,,,50,24,2,232.5462,-619.8646,9.9316,9.0572,322.3812,13.4857,,,
446000,,,50,26,2,201.1358,-625.8457,7.4026,8.7126,356.8529,11.2291,,,
446000,,,,,,,,,,,,1000,6319.1635,23.5959
446500,,,50,27,2,209.3772,-631.2103,7.8774,8.8081,274.6444,8.7024,,,
447000,,,50,23,2,231.132,-630.6396,28.4798,9.516,359.6544,12.765,,,
447000,,,,,,,,,,,,1000,6408.9452,23.6573
447500,,,50,25,2,224.1257,-623.3906,7.1805,11.5368,317.9189,12.4465,,,
448000,,,50,23,2,235.6976,-621.9977,10.5496,11.6661,461.8297,16.0092,,,
448000,,,,,,,,,,,,1000,6109.9181,23.6976
448500,,,50,25,2,216.1085,-625.1807,10.2536,11.1646,257.3471,14.133,,,
449000,,,50,27,2,209.5567,-617.5444,12.4762,11.663,676.4049,7.236,,,
449000,,,,,,,,,,,,1000,6368.6948,23.0574
449500,,,50,25,2,223.6697,-620.4205,11.7514,6.6651,133.1482,14.3971,,,
450000,,,50,26,2,215.6427,-618.2309,7.1404,10.1545,703.7791,13.197,,,
450000,6232.812,1000.0,,,,,,,,,,,,
450000,,,,,,,,,,,,1000,6191.2343,16.7404
450500,,,50,27,2,208.1881,-629.0507,12.5252,8.5515,167.2296,11.042,,,
451000,,,50,27,2,218.5376,-626.8257,19.8122,6.9183,186.2257,8.4168,,,
451000,,,,,,,,,,,,1000,5960.6908,21.3564
451500,,,50,26,2,231.2616,-620.7018,9.5666,8.835,220.4533,9.3095,,,
452000,,,50,24,2,236.0983,-628.0316,14.1167,10.7953,295.0473,11.3715,,,
452000,,,,,,,,,,,,1000,6195.6569,21.6442
452500,,,50,23,2,250.9498,-626.9873,23.5026,8.409,189.3727,11.6216,,,
453000,,,50,24,2,228.0814,-630.1076,12.8558,8.3968,253.4296,16.5797,,,
453000,,,,,,,,,,,,1000,6417.7319,21.2826
453500,,,50,24,2,230.3018,-640.0233,4.7881,9.1585,532.2231,6.1268,,,
454000,,,50,23,2,236.4683,-637.9672,13.8936,10.2604,402.0699,25.2718,,,
454000,,,,,,,,,,,,1000,5689.4026,22.6366
454500,,,50,22,2,229.5744,-635.6387,22.0682,11.6046,608.3646,11.0285,,,
455000,,,50,23,2,242.1622,-636.1674,10.358,11.6176,945.2885,13.5373,,,
455000,5425.9517,1000.0,,,,,,,,,,,,
455000,,,,,,,,,,,,1000,5698.2043,16.2983
455500,,,50,26,2,219.8819,-644.7313,19.2539,11.0719,516.8318,25.5876,,,
456000,,,50,27,2,213.0552,-640.1252,6.3898,10.6015,196.4267,20.8986,,,
456000,,,,,,,,,,,,1000,6001.5241,21.0712
456500,,,50,27,2,212.7354,-634.1461,16.0632,9.051,154.5085,9.5372,,,
457000,,,50,29,2,211.2729,-641.3986,6.7869,10.8585,476.1742,9.8334,,,
457000,,,,,,,,,,,,1000,6132.9494,20.5504
457500,,,50,23,2,238.2433,-626.8191,15.5501,10.6325,319.4636,11.3708,,,
458000,,,50,26,2,216.1038,-632.0873,14.2519,11.5978,507.796,12.7734,,,
458000,,,,,,,,,,,,1000,5713.3483,21.0624
458500,,,50,26,2,218.5539,-633.4276,9.1,10.1654,653.4237,13.0373,,,
459000,,,50,25,2,223.0422,-627.8002,13.9446,12.0901,600.1082,9.3716,,,
459000,,,,,,,,,,,,1000,6175.2471,21.5773
459500,,,50,25,2,225.1668,-633.2385,9.2549,8.7865,229.3473,11.308,,,
460000,,,50,27,2,195.2242,-639.1992,17.8485,7.8042,369.4747,10.0574,,,
460000,6947.427,1000.0,,,,,,,,,,,,
460000,,,,,,,,,,,,1000,6263.9744,16.2796
460500,,,50,27,2,199.6923,-639.4979,12.7506,8.9666,482.6637,14.2813,,,
461000,,,50,32,3,171.7377,-645.4753,12.3754,9.6095,177.8959,10.806,,,
461000,,,,,,,,,,,,1000,6265.869,21.967
461500,,,50,29,2,187.1762,-645.9874,5.2784,10.1162,274.6921,18.1414,,,
462000,,,50,29,2,197.3673,-646.196,8.628,9.1961,849.1929,9.5275,,,
462000,,,,,,,,,,,,1000,5861.6526,21.8374
462500,,,50,29,2,192.3949,-639.3947,12.4503,9.3482,296.1378,11.8731,,,
463000,,,50,27,2,204.9553,-637.4293,6.8816,9.9459,338.0286,11.9692,,,
463000,,,,,,,,,,,,1000,6221.8465,23.3392
463500,,,50,29,2,202.861,-631.742,6.4569,8.1433,182.722,7.8047,,,
464000,,,50,29,2,201.6975,-638.6198,9.7846,11.7528,922.0759,14.9781,,,
464000,,,,,,,,,,,,1000,512.8889,21.884
464500,,,50,31,2,184.6683,-650.7653,10.9318,12.5105,786.9704,10.9206,,,
465000,,,50,30,2,189.9066,-644.7882,9.861,8.8474,536.5765,17.1625,,,
465000,6937.4848,1000.0,,,,,,,,,,,,
465000,,,,,,,,,,,,1000,6309.4405,15.6316
465500,,,50,30,2,185.5942,-652.5124,7.4576,11.6308,417.8948,9.6073,,,
466000,,,50,30,2,196.9028,-639.728,13.4527,15.2328,796.267,8.5518,,,
466000,,,,,,,,,,,,1000,5808.7107,22.7335
466500,,,50,32,2,191.3985,-646.2685,7.1405,10.1409,187.3624,13.2921,,,
467000,,,50,28,3,215.6306,-637.41,8.435,10.0861,625.0416,7.3332,,,
467000,,,,,,,,,,,,1000,5858.2562,21.3511
467500,,,50,30,2,188.4704,-647.0889,8.5901,10.3921,487.1179,21.233,,,
468000,,,50,29,2,200.6751,-643.8777,8.7153,10.4839,756.4948,9.6928,,,
468000,,,,,,,,,,,,1000,5960.713,21.3658
468500,,,50,31,2,194.6839,-646.5957,7.915,10.9906,331.1255,19.4301,,,
469000,,,50,31,2,185.6221,-649.0799,6.8317,8.3907,559.1817,8.3106,,,
469000,,,,,,,,,,,,1000,5946.693,21.3598
469500,,,50,29,2,200.079,-648.9723,6.7613,8.4475,197.6858,9.2968,,,
470000,,,50,33,2,178.1947,-654.1273,6.4456,14.3523,739.6402,13.1237,,,
470000,6914.9672,1000.0,,,,,,,,,,,,
470000,,,,,,,,,,,,1000,6492.6464,16.0756
470500,,,50,29,2,200.2433,-652.8415,6.2276,6.8599,199.9077,11.8626,,,
471000,,,50,32,3,173.6489,-646.5404,12.3451,9.6559,647.4859,7.5198,,,
471000,,,,,,,,,,,,1000,6289.5187,22.8623
471500,,,50,33,2,168.7799,-654.1689,10.1002,10.3378,474.2181,9.2889,,,
472000,,,50,31,2,183.2534,-656.0148,13.1454,9.4466,324.8856,8.0804,,,
472000,,,,,,,,,,,,1000,5655.7174,24.4744
472500,,,50,30,2,190.5854,-657.3707,9.7478,19.2515,876.1223,8.6679,,,
473000,,,50,31,2,181.3772,-654.6193,8.3571,13.1521,684.9963,11.7606,,,
473000,,,,,,,,,,,,1000,5964.5112,25.2048
473500,,,50,30,2,197.9805,-645.3486,26.1014,9.235,613.6525,13.3976,,,
474000,,,50,31,3,186.5938,-646.7232,12.0811,9.7332,288.7798,7.4989,,,
474000,,,,,,,,,,,,1000,6287.1399,23.8744
474500,,,50,32,2,184.5827,-654.1735,7.3955,11.8628,463.7851,12.7269,,,
475000,,,50,30,2,195.0563,-640.4184,10.0164,11.0668,231.7532,7.7835,,,
475000,6140.7553,1000.0,,,,,,,,,,,,
475000,,,,,,,,,,,,1000,6255.2344,16.4763
475500,,,50,31,3,191.1949,-645.5186,18.1413,9.9523,240.2404,10.731,,,
476000,,,50,31,2,181.333,-659.5029,15.2703,9.4167,292.6226,8.6764,,,
476000,,,,,,,,,,,,1000,6510.4202,24.0917
476500,,,50,29,2,185.0515,-649.6581,6.1489,12.5546,231.5296,16.509,,,
477000,,,50,30,2,195.7396,-652.8869,7.9134,9.6561,130.7368,15.6319,,,
477000,,,,,,,,,,,,1000,6105.9896,23.2889
477500,,,50,30,2,200.6915,-653.4561,8.76,9.7054,184.6302,9.6616,,,
478000,,,50,29,2,187.4047,-652.0269,5.3344,10.5536,233.5538,19.3321,,,
478000,,,,,,,,,,,,1000,6183.9305,23.7556
478500,,,50,27,2,208.7882,-659.1583,9.22,10.133,265.0873,9.4797,,,
479000,,,50,28,2,198.0948,-652.7482,9.7059,9.2527,255.5653,9.6106,,,
479000,,,,,,,,,,,,1000,6073.4291,23.3309
479500,,,50,30,2,192.4252,-649.6122,6.16,13.716,694.1863,13.1642,,,
480000,,,50,32,2,179.7943,-648.3185,4.3929,9.6706,221.1602,14.348,,,
480000,7157.948,1000.0,,,,,,,,,,,,
480000,,,,,,,,,,,,1000,5564.5204,16.7734
480500,,,50,31,3,180.7781,-645.6821,8.917,13.8038,198.4539,16.3766,,,
481000,,,50,29,2,202.7013,-652.7214,17.1413,9.7846,736.6129,10.2704,,,
481000,,,,,,,,,,,,1000,6067.9208,24.6691
481500,,,50,30,2,199.568,-651.5981,6.4968,10.5363,585.1894,7.4523,,,
482000,,,50,26,2,213.6579,-654.2596,19.8646,10.0258,353.4098,13.3733,,,
482000,,,,,,,,,,,,1000,5873.5687,24.2396
482500,,,50,26,2,207.9018,-651.7975,6.7749,8.5587,279.8313,12.2523,,,
483000,,,50,26,2,212.2303,-650.7121,7.3936,14.3095,318.5413,11.5896,,,
483000,,,,,,,,,,,,1000,6187.2401,24.3013
483500,,,50,27,2,214.9612,-645.8301,15.9958,9.8509,372.2932,10.0801,,,
484000,,,50,27,2,208.9094,-648.7358,6.6074,13.2995,575.3174,9.825,,,
484000,,,,,,,,,,,,1000,1602.8487,23.0685
484500,,,50,27,2,218.9532,-647.3322,20.0012,15.2102,548.9404,18.6155,,,
485000,,,50,25,2,217.0889,-649.0016,7.1151,10.6509,288.3464,10.5507,,,
485000,6662.5468,1000.0,,,,,,,,,,,,
485000,,,,,,,,,,,,1000,6328.589,17.1912
485500,,,50,25,2,212.8554,-655.4957,20.9273,8.7113,360.1313,9.1026,,,
486000,,,50,26,2,218.0747,-648.1679,7.0836,9.3333,337.2747,12.8436,,,
486000,,,,,,,,,,,,1000,6259.5953,25.4986
486500,,,50,26,2,222.4204,-645.7504,9.679,10.4805,489.3121,7.305,,,
487000,,,50,25,2,221.4723,-641.9291,12.2546,11.3831,364.5198,11.9758,,,
487000,,,,,,,,,,,,1000,6506.4029,23.5523
487500,,,50,25,2,234.1627,-645.975,12.059,9.6354,703.9567,11.2774,,,
488000,,,50,26,2,229.6398,-650.5343,6.3527,10.1026,591.379,21.7694,,,
488000,,,,,,,,,,,,1000,6312.3003,25.2742
488500,,,50,22,2,257.8738,-649.1668,19.5468,8.0348,558.8582,9.3443,,,
489000,,,50,25,2,224.9993,-652.7295,7.6639,11.0246,187.1689,10.1096,,,
489000,,,,,,,,,,,,1000,6344.9808,23.7834
489500,,,50,26,2,227.6934,-655.1636,9.0717,23.6084,883.0497,13.7889,,,
490000,,,50,27,2,213.3049,-642.2233,17.0412,9.9001,532.9117,15.7205,,,
490000,7050.8412,1000.0,,,,,,,,,,,,
490000,,,,,,,,,,,,1000,5774.2503,17.3423
490500,,,50,25,2,231.5604,-640.5803,13.0424,11.1752,748.3345,10.8884,,,
491000,,,50,26,2,216.3784,-656.3713,31.8902,21.9775,799.5164,25.004,,,
491000,,,,,,,,,,,,1000,5831.9048,24.716
491500,,,50,25,2,235.725,-642.6074,7.6965,10.6868,896.1302,20.5923,,,
492000,,,50,25,2,226.2037,-649.8477,6.7928,8.8822,215.7534,14.4606,,,
492000,,,,,,,,,,,,1000,6108.1761,24.7337
492500,,,50,25,2,231.5025,-640.5283,8.9309,10.208,850.1666,14.3303,,,
493000,,,50,26,2,208.528,-644.8353,10.2675,11.9662,686.0218,10.272,,,
493000,,,,,,,,,,,,1000,6417.4653,25.9968
493500,,,50,26,2,231.6502,-649.26,11.3616,10.2694,296.1182,12.7886,,,
494000,,,50,26,2,227.3395,-660.126,13.7773,11.3618,250.0053,18.5107,,,
494000,,,,,,,,,,,,1000,6208.7939,21.9956
494500,,,50,27,2,209.022,-651.6042,19.4547,11.6447,176.4943,8.9013,,,
495000,,,50,26,2,215.3222,-649.317,8.3305,8.7587,329.7662,12.3269,,,
495000,6853.4759,1000.0,,,,,,,,,,,,
495000,,,,,,,,,,,,1000,6339.9437,17.056
