env_steps,return,length,train/length,train/return,FPS,rank-3,rank-2,rank-1,cond,l2,alm_loss,model_grad_norm,aux_loss,critic_loss,critic_grad_norm,actor_grad_norm
0,174.3497,34.0,,,,,,,,,,,,,,
16,,,16,76.7905,14.2285,,,,,,,,,,,
30,,,14,66.914,27.9842,,,,,,,,,,,
46,,,16,76.2566,32.9185,,,,,,,,,,,
60,,,14,66.6778,34.3981,,,,,,,,,,,
74,,,14,66.6723,33.7148,,,,,,,,,,,
88,,,14,66.6794,33.606,,,,,,,,,,,
102,,,14,66.4815,28.7393,,,,,,,,,,,
115,,,13,61.81,33.3758,,,,,,,,,,,
129,,,14,66.8077,26.0304,,,,,,,,,,,
143,,,14,66.6689,23.2712,,,,,,,,,,,
157,,,14,66.5549,30.8347,,,,,,,,,,,
172,,,15,71.2176,32.844,,,,,,,,,,,
189,,,17,83.5143,26.639,,,,,,,,,,,
203,,,14,66.6536,25.9506,,,,,,,,,,,
216,,,13,62.022,29.3018,,,,,,,,,,,
231,,,15,71.5337,29.3959,,,,,,,,,,,
245,,,14,66.9179,27.7241,,,,,,,,,,,
259,,,14,66.8133,29.0389,,,,,,,,,,,
274,,,15,71.179,27.2775,,,,,,,,,,,
289,,,15,71.6263,27.346,,,,,,,,,,,
304,,,15,71.6011,28.0208,,,,,,,,,,,
319,,,15,71.6864,32.4539,,,,,,,,,,,
335,,,16,76.482,27.8262,,,,,,,,,,,
350,,,15,71.3935,26.3569,,,,,,,,,,,
365,,,15,71.3438,27.481,,,,,,,,,,,
380,,,15,71.3207,26.0792,,,,,,,,,,,
395,,,15,71.1842,30.4902,,,,,,,,,,,
431,,,36,184.6863,29.4385,,,,,,,,,,,
467,,,36,184.74,27.66,,,,,,,,,,,
484,,,17,80.9606,26.5542,,,,,,,,,,,
500,,,,,,50,50,25,21.3383,49.7761,27.5651,98.5823,49.7761,5.5953,20.5713,0.2735
513,,,29,140.1513,26.9083,,,,,,,,,,,
541,,,28,133.6149,26.2937,,,,,,,,,,,
570,,,29,135.1316,28.6706,,,,,,,,,,,
598,,,28,132.5175,28.9994,,,,,,,,,,,
625,,,27,126.2612,27.9664,,,,,,,,,,,
652,,,27,128.1535,26.743,,,,,,,,,,,
674,,,22,109.3513,26.0808,,,,,,,,,,,
700,,,26,126.2536,27.7783,,,,,,,,,,,
733,,,33,151.4969,28.9964,,,,,,,,,,,
761,,,28,132.1051,34.4333,,,,,,,,,,,
785,,,24,117.3835,34.2877,,,,,,,,,,,
818,,,33,159.4396,28.8922,,,,,,,,,,,
853,,,35,168.5914,27.2432,,,,,,,,,,,
879,,,26,124.6009,25.0666,,,,,,,,,,,
913,,,34,163.3837,28.206,,,,,,,,,,,
932,,,19,89.1822,28.7032,,,,,,,,,,,
961,,,29,140.9382,34.8802,,,,,,,,,,,
992,,,31,157.9037,34.2268,,,,,,,,,,,
1000,,,,,,50,50,17,30.5041,29.1216,-7.9034,47.1344,29.1216,2.9233,12.4778,0.3542
1022,,,30,142.8647,29.2393,,,,,,,,,,,
1053,,,31,145.6748,32.1232,,,,,,,,,,,
1073,,,20,94.9006,26.6929,,,,,,,,,,,
1097,,,24,113.8531,27.0913,,,,,,,,,,,
1126,,,29,140.8723,27.349,,,,,,,,,,,
1152,,,26,122.5995,25.6972,,,,,,,,,,,
1177,,,25,124.6474,27.14,,,,,,,,,,,
1201,,,24,119.7202,27.5325,,,,,,,,,,,
1235,,,34,171.6638,27.4604,,,,,,,,,,,
1278,,,43,206.0991,27.1492,,,,,,,,,,,
1300,,,22,110.7925,28.791,,,,,,,,,,,
1336,,,36,183.5924,31.8585,,,,,,,,,,,
1401,,,65,321.5017,26.1952,,,,,,,,,,,
1454,,,53,276.4529,27.6303,,,,,,,,,,,
1500,,,,,,50,50,19,28.9226,29.4093,-22.206,68.7416,29.4093,5.0191,23.7221,0.3625
1502,,,48,247.1408,29.2975,,,,,,,,,,,
1580,,,78,398.5651,26.6509,,,,,,,,,,,
1641,,,61,320.867,26.8034,,,,,,,,,,,
1690,,,49,259.2541,27.7234,,,,,,,,,,,
1723,,,33,170.7427,27.0231,,,,,,,,,,,
1781,,,58,314.4041,27.5024,,,,,,,,,,,
1835,,,54,293.0074,25.8215,,,,,,,,,,,
1906,,,71,340.8485,29.2402,,,,,,,,,,,
1957,,,51,250.9128,24.8045,,,,,,,,,,,
1999,,,42,198.0685,26.2333,,,,,,,,,,,
2000,,,,,,50,50,24,26.1127,22.7748,-40.2071,33.0683,22.7748,5.4706,37.3717,0.2116
2035,,,36,172.6243,27.2303,,,,,,,,,,,
2071,,,36,182.9774,27.5678,,,,,,,,,,,
2096,,,25,121.6399,28.3223,,,,,,,,,,,
2117,,,21,104.8115,26.5954,,,,,,,,,,,
2138,,,21,105.0246,26.7184,,,,,,,,,,,
2166,,,28,148.6763,26.5572,,,,,,,,,,,
2186,,,20,98.4249,26.7206,,,,,,,,,,,
2212,,,26,126.2076,30.6368,,,,,,,,,,,
2233,,,21,104.0486,33.7588,,,,,,,,,,,
2283,,,50,240.2321,30.4694,,,,,,,,,,,
2309,,,26,126.5672,27.3701,,,,,,,,,,,
2336,,,27,132.656,27.2423,,,,,,,,,,,
2377,,,41,209.4005,26.5513,,,,,,,,,,,
2400,,,23,115.5968,28.7428,,,,,,,,,,,
2429,,,29,145.8286,26.7011,,,,,,,,,,,
2471,,,42,210.1269,24.0589,,,,,,,,,,,
2491,,,20,99.2123,26.4047,,,,,,,,,,,
2500,,,,,,50,50,32,19.7787,20.7795,-54.6679,43.4885,20.7795,9.5019,15.8189,0.3409
2524,,,33,165.5317,26.1305,,,,,,,,,,,
2549,,,25,126.0996,27.3894,,,,,,,,,,,
2575,,,26,126.9398,28.0807,,,,,,,,,,,
2606,,,31,149.6618,26.9992,,,,,,,,,,,
2628,,,22,108.8599,27.1865,,,,,,,,,,,
2683,,,55,275.6067,27.6156,,,,,,,,,,,
2701,,,18,85.9892,24.1103,,,,,,,,,,,
2741,,,40,197.5771,30.829,,,,,,,,,,,
2786,,,45,216.4635,25.4017,,,,,,,,,,,
2822,,,36,168.1816,28.1397,,,,,,,,,,,
2872,,,50,241.6607,30.5294,,,,,,,,,,,
2908,,,36,166.7967,26.7368,,,,,,,,,,,
2928,,,20,97.7949,32.6985,,,,,,,,,,,
2967,,,39,197.0433,29.4335,,,,,,,,,,,
2997,,,30,145.5546,27.542,,,,,,,,,,,
3000,,,,,,50,50,28,22.5779,20.4998,-70.3575,40.0641,20.4998,10.4559,29.3675,0.4536
3023,,,26,127.5981,27.0992,,,,,,,,,,,
3049,,,26,133.0525,25.6896,,,,,,,,,,,
3135,,,86,423.7765,29.3487,,,,,,,,,,,
3153,,,18,86.2959,29.564,,,,,,,,,,,
3173,,,20,99.3144,26.6012,,,,,,,,,,,
3202,,,29,135.4448,27.0107,,,,,,,,,,,
3246,,,44,243.2,26.1361,,,,,,,,,,,
3266,,,20,96.4843,26.9277,,,,,,,,,,,
3288,,,22,106.2123,27.5993,,,,,,,,,,,
3326,,,38,195.7704,28.4509,,,,,,,,,,,
3384,,,58,266.6888,26.4597,,,,,,,,,,,
3407,,,23,112.2992,25.9221,,,,,,,,,,,
3427,,,20,96.6412,26.9328,,,,,,,,,,,
3446,,,19,89.8192,31.4395,,,,,,,,,,,
3500,,,,,,50,50,29,23.0242,21.7304,-79.8754,40.687,21.7304,28.3581,81.3377,0.5829
3500,,,54,245.0978,31.9108,,,,,,,,,,,
3540,,,40,184.565,26.383,,,,,,,,,,,
3566,,,26,129.5702,28.7631,,,,,,,,,,,
3604,,,38,193.407,34.8577,,,,,,,,,,,
3637,,,33,159.2663,30.5773,,,,,,,,,,,
3659,,,22,108.1185,27.4816,,,,,,,,,,,
3679,,,20,96.5735,26.7772,,,,,,,,,,,
3699,,,20,96.5344,28.9215,,,,,,,,,,,
3719,,,20,96.8854,27.1443,,,,,,,,,,,
3735,,,16,76.3863,30.0147,,,,,,,,,,,
3763,,,28,135.2743,35.2125,,,,,,,,,,,
3799,,,36,156.3862,30.7584,,,,,,,,,,,
3874,,,75,395.8144,28.0793,,,,,,,,,,,
3934,,,60,273.5519,26.0312,,,,,,,,,,,
3966,,,32,165.0938,26.2735,,,,,,,,,,,
4000,,,,,,50,50,32,19.0485,19.1139,-96.0732,35.8438,19.1139,24.9716,81.8072,0.349
4012,,,46,202.6925,28.5116,,,,,,,,,,,
4033,,,21,99.5159,31.7705,,,,,,,,,,,
4090,,,57,273.2279,31.9934,,,,,,,,,,,
4117,,,27,135.0451,25.8271,,,,,,,,,,,
4143,,,26,134.2478,28.9729,,,,,,,,,,,
4188,,,45,222.541,26.6122,,,,,,,,,,,
4244,,,56,289.5027,28.0906,,,,,,,,,,,
4270,,,26,130.7991,27.8802,,,,,,,,,,,
4313,,,43,205.895,25.5617,,,,,,,,,,,
4365,,,52,287.2576,28.8821,,,,,,,,,,,
4392,,,27,129.1388,26.4693,,,,,,,,,,,
4438,,,46,229.1662,26.8073,,,,,,,,,,,
4470,,,32,162.2677,26.7978,,,,,,,,,,,
4500,,,,,,50,50,32,19.5914,19.9598,-107.5424,45.6289,19.9598,23.1082,64.8393,0.4804
4500,,,30,149.5334,30.1519,,,,,,,,,,,
4541,,,41,211.2964,30.1179,,,,,,,,,,,
4567,,,26,133.3357,29.3119,,,,,,,,,,,
4601,,,34,172.2797,27.5193,,,,,,,,,,,
4640,,,39,205.6968,28.2482,,,,,,,,,,,
4657,,,17,81.1747,28.8957,,,,,,,,,,,
4673,,,16,76.4222,31.848,,,,,,,,,,,
4719,,,46,236.8349,34.117,,,,,,,,,,,
4764,,,45,243.3214,26.9453,,,,,,,,,,,
4812,,,48,256.9408,27.8174,,,,,,,,,,,
4881,,,69,336.3645,26.7399,,,,,,,,,,,
4901,,,20,97.3422,26.8426,,,,,,,,,,,
4943,,,42,204.1685,25.9146,,,,,,,,,,,
4988,,,45,233.4774,26.7932,,,,,,,,,,,
5000,,,,,,50,50,31,18.738,19.4278,-128.2375,46.6704,19.4278,31.8087,96.081,0.485
5000,209.7586,38.9,,,,,,,,,,,,,,
5021,,,33,171.3831,18.4969,,,,,,,,,,,
5081,,,60,289.6637,30.9597,,,,,,,,,,,
5113,,,32,164.2048,28.4345,,,,,,,,,,,
5145,,,32,160.0884,29.0171,,,,,,,,,,,
5186,,,41,224.2091,30.7203,,,,,,,,,,,
5231,,,45,234.6926,26.5774,,,,,,,,,,,
5274,,,43,229.9962,28.3007,,,,,,,,,,,
5310,,,36,184.4171,26.8233,,,,,,,,,,,
5330,,,20,97.219,27.6351,,,,,,,,,,,
5373,,,43,228.9912,28.379,,,,,,,,,,,
5422,,,49,249.6186,28.0578,,,,,,,,,,,
5440,,,18,86.198,26.7065,,,,,,,,,,,
5487,,,47,251.931,26.567,,,,,,,,,,,
5500,,,,,,50,50,40,15.6407,21.9275,-127.5382,50.1597,21.9275,59.4936,360.2452,0.5369
5519,,,32,158.8761,30.2412,,,,,,,,,,,
5552,,,33,158.843,28.5295,,,,,,,,,,,
5598,,,46,246.5162,25.9524,,,,,,,,,,,
5623,,,25,121.072,24.9327,,,,,,,,,,,
5646,,,23,113.9983,26.7786,,,,,,,,,,,
5665,,,19,91.8982,25.4018,,,,,,,,,,,
5706,,,41,224.8808,29.8821,,,,,,,,,,,
5730,,,24,119.5734,26.7427,,,,,,,,,,,
5752,,,22,107.366,27.8755,,,,,,,,,,,
5789,,,37,191.9242,27.7905,,,,,,,,,,,
5810,,,21,103.0845,28.1047,,,,,,,,,,,
5862,,,52,263.5493,30.0523,,,,,,,,,,,
5890,,,28,136.3876,31.8181,,,,,,,,,,,
5925,,,35,183.2919,35.2958,,,,,,,,,,,
5972,,,47,246.8903,27.7462,,,,,,,,,,,
6000,,,,,,50,50,38,16.7882,20.7372,-154.3858,52.7542,20.7372,57.047,98.6372,0.4417
6021,,,49,264.5405,27.1625,,,,,,,,,,,
6065,,,44,237.794,30.4994,,,,,,,,,,,
6093,,,28,137.1597,28.9336,,,,,,,,,,,
6112,,,19,91.4308,26.3373,,,,,,,,,,,
6147,,,35,183.7578,27.6764,,,,,,,,,,,
6193,,,46,227.9808,31.9103,,,,,,,,,,,
6243,,,50,258.245,28.2791,,,,,,,,,,,
6289,,,46,244.7975,31.6668,,,,,,,,,,,
6313,,,24,116.0767,24.1693,,,,,,,,,,,
6355,,,42,207.8743,27.8614,,,,,,,,,,,
6394,,,39,197.5149,30.8248,,,,,,,,,,,
6431,,,37,188.7929,26.6591,,,,,,,,,,,
6494,,,63,297.1874,28.0873,,,,,,,,,,,
6500,,,,,,50,50,38,15.0731,19.173,-166.5268,45.9448,19.173,55.7079,121.1237,0.6255
6531,,,37,177.5699,34.125,,,,,,,,,,,
6579,,,48,269.7504,28.885,,,,,,,,,,,
6644,,,65,354.2632,26.2367,,,,,,,,,,,
6678,,,34,169.5764,26.5585,,,,,,,,,,,
6725,,,47,244.1921,30.746,,,,,,,,,,,
6757,,,32,158.1746,32.6325,,,,,,,,,,,
6794,,,37,174.4754,26.8498,,,,,,,,,,,
6841,,,47,248.4436,30.5666,,,,,,,,,,,
6878,,,37,186.3092,28.0565,,,,,,,,,,,
6940,,,62,306.5693,30.7932,,,,,,,,,,,
6979,,,39,208.9298,28.3907,,,,,,,,,,,
7000,,,,,,50,50,38,16.5086,18.8145,-175.6903,51.0967,18.8145,53.4304,136.3238,0.7505
7008,,,29,146.4814,28.4077,,,,,,,,,,,
7028,,,20,97.4438,33.9174,,,,,,,,,,,
7070,,,42,202.4232,30.8326,,,,,,,,,,,
7113,,,43,229.7289,26.5792,,,,,,,,,,,
7164,,,51,278.7021,28.2245,,,,,,,,,,,
7198,,,34,169.3356,27.2192,,,,,,,,,,,
7227,,,29,146.6174,25.7313,,,,,,,,,,,
7259,,,32,160.6775,26.2373,,,,,,,,,,,
7315,,,56,298.8756,28.7729,,,,,,,,,,,
7350,,,35,176.729,26.6888,,,,,,,,,,,
7370,,,20,97.1973,26.8179,,,,,,,,,,,
7416,,,46,233.7714,25.7162,,,,,,,,,,,
7433,,,17,80.9044,28.9535,,,,,,,,,,,
7468,,,35,174.6826,27.6284,,,,,,,,,,,
7500,,,,,,50,50,42,14.337,20.4974,-190.1116,53.2586,20.4974,80.1675,540.1133,0.7615
7515,,,47,254.081,27.1604,,,,,,,,,,,
7552,,,37,185.7205,25.0937,,,,,,,,,,,
7591,,,39,194.814,27.7556,,,,,,,,,,,
7651,,,60,288.4151,27.1027,,,,,,,,,,,
7673,,,22,110.5616,29.728,,,,,,,,,,,
7715,,,42,206.4204,28.2845,,,,,,,,,,,
7741,,,26,129.4819,26.4631,,,,,,,,,,,
7783,,,42,231.2411,27.7664,,,,,,,,,,,
7830,,,47,209.1715,30.383,,,,,,,,,,,
7869,,,39,201.7067,25.7172,,,,,,,,,,,
7889,,,20,97.8202,27.3241,,,,,,,,,,,
7919,,,30,153.2199,27.1444,,,,,,,,,,,
7972,,,53,285.1031,34.3565,,,,,,,,,,,
7988,,,16,76.2373,33.6696,,,,,,,,,,,
8000,,,,,,50,50,40,14.7456,17.9875,-194.7218,46.9411,17.9875,73.3907,266.8566,0.7946
8096,,,108,502.2169,32.641,,,,,,,,,,,
8159,,,63,320.6456,34.2485,,,,,,,,,,,
8206,,,47,264.3212,34.6077,,,,,,,,,,,
8224,,,18,85.9401,34.1501,,,,,,,,,,,
8245,,,21,104.1271,34.6721,,,,,,,,,,,
8282,,,37,181.607,32.2166,,,,,,,,,,,
8323,,,41,210.6777,26.1374,,,,,,,,,,,
8356,,,33,155.9095,25.7649,,,,,,,,,,,
8374,,,18,86.4831,26.6717,,,,,,,,,,,
8390,,,16,76.0387,29.3442,,,,,,,,,,,
8446,,,56,278.9961,27.1928,,,,,,,,,,,
8495,,,49,258.9935,27.6639,,,,,,,,,,,
8500,,,,,,50,50,37,18.0785,18.7643,-224.6829,56.4691,18.7643,158.6879,620.4576,0.5766
8540,,,45,232.4529,26.0734,,,,,,,,,,,
8558,,,18,85.6957,24.8272,,,,,,,,,,,
8579,,,21,99.1552,32.9485,,,,,,,,,,,
8601,,,22,106.8472,27.8586,,,,,,,,,,,
8625,,,24,119.4901,26.4737,,,,,,,,,,,
8678,,,53,280.3214,30.0605,,,,,,,,,,,
8727,,,49,246.7332,27.0653,,,,,,,,,,,
8746,,,19,91.8047,26.1116,,,,,,,,,,,
8764,,,18,86.4302,28.8136,,,,,,,,,,,
8792,,,28,140.5093,27.1255,,,,,,,,,,,
8812,,,20,96.7682,27.6991,,,,,,,,,,,
8856,,,44,238.2992,32.7877,,,,,,,,,,,
8883,,,27,131.0985,33.6758,,,,,,,,,,,
8914,,,31,145.065,32.8125,,,,,,,,,,,
8950,,,36,184.1379,27.7434,,,,,,,,,,,
8976,,,26,125.4735,27.0849,,,,,,,,,,,
8999,,,23,110.4795,33.5365,,,,,,,,,,,
9000,,,,,,50,50,38,14.6721,17.5643,-230.3313,49.9899,17.5643,143.0416,463.2866,0.7484
9064,,,65,320.2353,29.4667,,,,,,,,,,,
9089,,,25,121.9443,34.1842,,,,,,,,,,,
9153,,,64,314.0305,26.0063,,,,,,,,,,,
9172,,,19,91.6712,25.7969,,,,,,,,,,,
9217,,,45,236.7755,24.9483,,,,,,,,,,,
9298,,,81,362.2331,29.5967,,,,,,,,,,,
9315,,,17,81.0227,30.2687,,,,,,,,,,,
9346,,,31,151.4725,27.6351,,,,,,,,,,,
9364,,,18,86.8741,28.7577,,,,,,,,,,,
9381,,,17,81.252,29.8855,,,,,,,,,,,
9434,,,53,272.5784,28.5931,,,,,,,,,,,
9457,,,23,114.841,29.9302,,,,,,,,,,,
9480,,,23,110.1251,28.7942,,,,,,,,,,,
9496,,,16,76.2173,29.5324,,,,,,,,,,,
9500,,,,,,50,50,41,14.012,18.5223,-247.3969,54.5543,18.5223,375.7376,1123.3458,0.92
9521,,,25,125.4672,32.9045,,,,,,,,,,,
9549,,,28,131.4036,30.0546,,,,,,,,,,,
9597,,,48,242.4036,29.2053,,,,,,,,,,,
9614,,,17,81.3061,24.9406,,,,,,,,,,,
9660,,,46,237.9632,29.2575,,,,,,,,,,,
9711,,,51,261.109,28.5847,,,,,,,,,,,
9731,,,20,97.059,31.2893,,,,,,,,,,,
9813,,,82,398.8946,28.5187,,,,,,,,,,,
9854,,,41,216.1029,34.9458,,,,,,,,,,,
9907,,,53,251.9779,33.0686,,,,,,,,,,,
9954,,,47,250.6168,31.0195,,,,,,,,,,,
9997,,,43,205.8989,28.9883,,,,,,,,,,,
10000,,,,,,50,50,41,13.8566,18.2512,-255.5533,55.2357,18.2512,251.6905,819.9395,1.0814
10000,259.9395,49.7,,,,,,,,,,,,,,
10018,,,21,103.5704,14.8075,,,,,,,,,,,
10041,,,23,113.4394,25.635,,,,,,,,,,,
10084,,,43,227.99,27.7104,,,,,,,,,,,
10110,,,26,128.5892,28.368,,,,,,,,,,,
10127,,,17,81.466,27.962,,,,,,,,,,,
10148,,,21,103.4758,27.8568,,,,,,,,,,,
10173,,,25,124.122,24.8899,,,,,,,,,,,
10192,,,19,92.8106,28.9677,,,,,,,,,,,
10214,,,22,108.7243,26.4499,,,,,,,,,,,
10253,,,39,211.532,27.0422,,,,,,,,,,,
10299,,,46,244.8527,27.2378,,,,,,,,,,,
10339,,,40,209.9287,28.1609,,,,,,,,,,,
10411,,,72,315.1862,27.6218,,,,,,,,,,,
10439,,,28,141.7942,30.1535,,,,,,,,,,,
10468,,,29,138.1317,26.3407,,,,,,,,,,,
10494,,,26,131.2207,28.2074,,,,,,,,,,,
10500,,,,,,50,50,40,15.7004,17.8002,-268.1688,54.9074,17.8002,205.927,691.2703,2.1718
10549,,,55,293.5672,27.1765,,,,,,,,,,,
10601,,,52,279.6181,26.5212,,,,,,,,,,,
10619,,,18,86.2082,30.9104,,,,,,,,,,,
10639,,,20,98.0596,33.9078,,,,,,,,,,,
10717,,,78,411.5726,26.8024,,,,,,,,,,,
10737,,,20,97.2026,25.3934,,,,,,,,,,,
10804,,,67,355.7278,25.5124,,,,,,,,,,,
10853,,,49,252.5951,33.8298,,,,,,,,,,,
10872,,,19,91.9882,30.1894,,,,,,,,,,,
10892,,,20,97.6754,28.8136,,,,,,,,,,,
10914,,,22,108.1032,28.9945,,,,,,,,,,,
10936,,,22,108.3944,31.5959,,,,,,,,,,,
11000,,,,,,50,50,40,15.1775,19.3876,-265.0083,71.7057,19.3876,264.106,758.9725,1.6115
11004,,,68,360.8374,25.5892,,,,,,,,,,,
11029,,,25,126.712,27.4525,,,,,,,,,,,
11063,,,34,166.5758,31.1959,,,,,,,,,,,
11083,,,20,97.732,27.0451,,,,,,,,,,,
11102,,,19,92.348,26.9273,,,,,,,,,,,
11135,,,33,163.5136,27.3007,,,,,,,,,,,
11158,,,23,113.7834,26.8293,,,,,,,,,,,
11184,,,26,127.0233,27.2926,,,,,,,,,,,
11205,,,21,102.8181,29.1362,,,,,,,,,,,
11224,,,19,92.0128,24.8416,,,,,,,,,,,
11245,,,21,101.7089,31.5264,,,,,,,,,,,
11276,,,31,157.5577,25.6823,,,,,,,,,,,
11294,,,18,86.2559,34.4757,,,,,,,,,,,
11339,,,45,245.124,27.1034,,,,,,,,,,,
11391,,,52,283.6507,27.449,,,,,,,,,,,
11417,,,26,128.9769,27.9176,,,,,,,,,,,
11438,,,21,102.7986,22.9957,,,,,,,,,,,
11480,,,42,222.5186,27.5218,,,,,,,,,,,
11500,,,,,,50,50,43,12.7151,17.9682,-289.6174,61.161,17.9682,218.5748,870.9568,1.5085
11500,,,20,97.2507,26.2951,,,,,,,,,,,
11522,,,22,106.8948,24.4221,,,,,,,,,,,
11608,,,86,430.9009,27.6198,,,,,,,,,,,
11628,,,20,98.4,27.7451,,,,,,,,,,,
11647,,,19,91.733,27.0326,,,,,,,,,,,
11667,,,20,97.8583,27.8056,,,,,,,,,,,
11689,,,22,107.9487,28.3103,,,,,,,,,,,
11709,,,20,97.3823,35.4671,,,,,,,,,,,
11787,,,78,387.7021,27.6288,,,,,,,,,,,
11806,,,19,91.6463,32.7245,,,,,,,,,,,
11858,,,52,270.1981,32.3851,,,,,,,,,,,
11905,,,47,258.8137,26.5733,,,,,,,,,,,
11978,,,73,389.21,26.3803,,,,,,,,,,,
12000,,,,,,50,50,42,15.1008,16.5405,-317.4674,58.0259,16.5405,158.815,597.4556,2.4635
12002,,,24,116.1093,31.9019,,,,,,,,,,,
12022,,,20,96.4406,30.9566,,,,,,,,,,,
12055,,,33,163.5593,28.3128,,,,,,,,,,,
12119,,,64,332.5178,25.6692,,,,,,,,,,,
12156,,,37,180.4205,30.4904,,,,,,,,,,,
12222,,,66,346.2094,29.0679,,,,,,,,,,,
12241,,,19,91.7074,25.7088,,,,,,,,,,,
12308,,,67,326.5667,27.0034,,,,,,,,,,,
12354,,,46,244.2644,27.5508,,,,,,,,,,,
12375,,,21,103.8874,27.9598,,,,,,,,,,,
12394,,,19,92.3561,28.867,,,,,,,,,,,
12436,,,42,228.8831,29.2332,,,,,,,,,,,
12454,,,18,86.7371,29.7689,,,,,,,,,,,
12480,,,26,127.9485,27.2369,,,,,,,,,,,
12500,,,,,,50,50,44,13.4596,17.3856,-326.1664,54.153,17.3856,567.1313,535.1446,2.2706
12526,,,46,244.0569,25.484,,,,,,,,,,,
12597,,,71,413.7131,26.7887,,,,,,,,,,,
12621,,,24,119.3276,26.6238,,,,,,,,,,,
12663,,,42,229.2966,31.166,,,,,,,,,,,
12684,,,21,103.3692,25.3068,,,,,,,,,,,
12706,,,22,108.1094,25.7957,,,,,,,,,,,
12730,,,24,119.7837,24.4673,,,,,,,,,,,
12755,,,25,126.1464,28.1885,,,,,,,,,,,
12780,,,25,125.3377,28.4768,,,,,,,,,,,
12801,,,21,103.5591,25.5913,,,,,,,,,,,
12824,,,23,114.2701,27.8306,,,,,,,,,,,
12890,,,66,336.9854,29.8059,,,,,,,,,,,
12913,,,23,114.4073,35.5997,,,,,,,,,,,
12934,,,21,105.1771,32.9319,,,,,,,,,,,
12957,,,23,113.2287,35.0104,,,,,,,,,,,
13000,,,,,,50,50,42,14.1346,17.8499,-323.3591,69.2205,17.8499,319.2974,1217.9777,2.7586
13031,,,74,373.7325,26.3424,,,,,,,,,,,
13053,,,22,109.2186,28.6991,,,,,,,,,,,
13073,,,20,99.176,30.9988,,,,,,,,,,,
13157,,,84,407.8238,26.7719,,,,,,,,,,,
13181,,,24,119.9621,26.3077,,,,,,,,,,,
13236,,,55,292.1843,28.6898,,,,,,,,,,,
13258,,,22,110.5031,28.8189,,,,,,,,,,,
13281,,,23,115.6096,29.7665,,,,,,,,,,,
13300,,,19,92.9584,25.8377,,,,,,,,,,,
13340,,,40,211.1887,26.3898,,,,,,,,,,,
13359,,,19,92.0164,27.9019,,,,,,,,,,,
13387,,,28,139.561,32.8237,,,,,,,,,,,
13404,,,17,81.2062,35.0564,,,,,,,,,,,
13436,,,32,164.7915,35.0107,,,,,,,,,,,
13455,,,19,92.5321,27.9414,,,,,,,,,,,
13483,,,28,142.9947,27.3816,,,,,,,,,,,
13499,,,16,76.0928,26.7123,,,,,,,,,,,
13500,,,,,,50,50,44,13.725,16.6474,-335.3599,53.7193,16.6474,270.2662,999.2214,1.8449
13520,,,21,104.634,28.6598,,,,,,,,,,,
13543,,,23,114.3234,26.7609,,,,,,,,,,,
13567,,,24,121.4373,30.4527,,,,,,,,,,,
13587,,,20,98.0155,32.0884,,,,,,,,,,,
13606,,,19,92.6343,27.4644,,,,,,,,,,,
13627,,,21,103.4384,27.6057,,,,,,,,,,,
13646,,,19,91.2018,24.4305,,,,,,,,,,,
13665,,,19,92.4611,26.5247,,,,,,,,,,,
13706,,,41,219.7646,26.062,,,,,,,,,,,
13725,,,19,92.2824,24.2074,,,,,,,,,,,
13743,,,18,86.9425,27.7265,,,,,,,,,,,
13761,,,18,86.6628,25.6907,,,,,,,,,,,
13807,,,46,242.2171,27.7157,,,,,,,,,,,
13882,,,75,333.8524,26.3138,,,,,,,,,,,
13923,,,41,206.3303,27.5002,,,,,,,,,,,
13958,,,35,185.9296,28.1253,,,,,,,,,,,
13999,,,41,213.9701,26.4578,,,,,,,,,,,
14000,,,,,,50,50,43,14.8544,17.3017,-357.7298,61.5296,17.3017,647.3619,3078.3469,2.2947
14042,,,43,234.4243,26.8074,,,,,,,,,,,
14064,,,22,108.4216,25.6065,,,,,,,,,,,
14086,,,22,108.5865,32.9136,,,,,,,,,,,
14126,,,40,205.7456,31.0656,,,,,,,,,,,
14146,,,20,96.3369,30.1467,,,,,,,,,,,
14166,,,20,96.5465,31.6381,,,,,,,,,,,
14192,,,26,130.1129,28.9954,,,,,,,,,,,
14218,,,26,131.9721,28.7888,,,,,,,,,,,
14262,,,44,214.6505,30.3843,,,,,,,,,,,
14288,,,26,130.4094,28.3281,,,,,,,,,,,
14329,,,41,219.759,29.1661,,,,,,,,,,,
14372,,,43,232.6952,32.7517,,,,,,,,,,,
14392,,,20,98.0855,31.1217,,,,,,,,,,,
14413,,,21,102.7854,30.0188,,,,,,,,,,,
14446,,,33,172.6026,27.2499,,,,,,,,,,,
14466,,,20,97.1484,25.7146,,,,,,,,,,,
14500,,,,,,50,50,42,14.6226,17.5461,-367.45,60.4502,17.5461,297.5599,669.4059,2.1726
14503,,,37,195.6651,24.4246,,,,,,,,,,,
14521,,,18,86.6346,27.9287,,,,,,,,,,,
14574,,,53,284.9189,28.8495,,,,,,,,,,,
14594,,,20,97.477,28.0385,,,,,,,,,,,
14617,,,23,114.6312,25.5634,,,,,,,,,,,
14635,,,18,86.6034,28.8451,,,,,,,,,,,
14654,,,19,91.3663,29.3703,,,,,,,,,,,
14672,,,18,86.7782,25.3544,,,,,,,,,,,
14692,,,20,98.0807,26.4783,,,,,,,,,,,
14714,,,22,107.8193,26.4011,,,,,,,,,,,
14735,,,21,103.507,28.0054,,,,,,,,,,,
14754,,,19,90.6741,29.981,,,,,,,,,,,
14780,,,26,130.6104,29.1389,,,,,,,,,,,
14799,,,19,91.9199,26.0902,,,,,,,,,,,
14821,,,22,108.8759,28.1747,,,,,,,,,,,
14840,,,19,91.8797,29.9147,,,,,,,,,,,
14883,,,43,231.4115,26.6323,,,,,,,,,,,
14900,,,17,81.0049,25.4937,,,,,,,,,,,
14940,,,40,215.4027,26.4242,,,,,,,,,,,
14977,,,37,194.0169,27.3083,,,,,,,,,,,
14994,,,17,81.1078,29.4244,,,,,,,,,,,
15000,,,,,,50,50,45,13.1934,18.204,-362.5689,62.7651,18.204,790.4452,3580.9045,2.688
15000,225.681,44.2,,,,,,,,,,,,,,
15014,,,20,97.3568,15.4169,,,,,,,,,,,
15035,,,21,102.2588,29.2345,,,,,,,,,,,
15060,,,25,123.6363,28.5613,,,,,,,,,,,
15079,,,19,93.4492,26.3363,,,,,,,,,,,
15098,,,19,91.5651,25.972,,,,,,,,,,,
15118,,,20,95.7669,28.5562,,,,,,,,,,,
15138,,,20,97.1222,28.1619,,,,,,,,,,,
15164,,,26,129.5599,28.6247,,,,,,,,,,,
15189,,,25,119.8391,26.7289,,,,,,,,,,,
15209,,,20,97.4641,33.2712,,,,,,,,,,,
15260,,,51,273.9391,27.9099,,,,,,,,,,,
15280,,,20,98.3891,28.2574,,,,,,,,,,,
15300,,,20,96.98,28.0198,,,,,,,,,,,
15319,,,19,91.6835,26.4017,,,,,,,,,,,
15382,,,63,342.5758,27.434,,,,,,,,,,,
15407,,,25,124.5914,29.4711,,,,,,,,,,,
15450,,,43,217.9514,27.5126,,,,,,,,,,,
15470,,,20,98.1253,28.7858,,,,,,,,,,,
15500,,,,,,50,50,42,13.7164,17.2272,-379.1702,71.496,17.2272,482.4857,1678.0677,2.0854
15506,,,36,179.7757,27.6977,,,,,,,,,,,
15524,,,18,86.8299,30.289,,,,,,,,,,,
15544,,,20,98.0707,27.1356,,,,,,,,,,,
15563,,,19,91.2504,25.4945,,,,,,,,,,,
15580,,,17,81.3555,25.4718,,,,,,,,,,,
15598,,,18,86.5904,29.5082,,,,,,,,,,,
15650,,,52,282.767,27.8525,,,,,,,,,,,
15671,,,21,103.0454,26.5359,,,,,,,,,,,
15695,,,24,117.7503,29.7633,,,,,,,,,,,
15744,,,49,266.2932,27.8157,,,,,,,,,,,
15763,,,19,92.1277,28.4191,,,,,,,,,,,
15803,,,40,201.6294,28.2107,,,,,,,,,,,
15821,,,18,86.6188,27.9387,,,,,,,,,,,
15839,,,18,86.5339,34.9099,,,,,,,,,,,
15895,,,56,295.7627,27.0297,,,,,,,,,,,
15955,,,60,313.745,27.914,,,,,,,,,,,
15974,,,19,92.1208,26.317,,,,,,,,,,,
15997,,,23,112.5391,27.396,,,,,,,,,,,
16000,,,,,,50,50,43,13.2805,17.0626,-407.5143,61.7386,17.0626,623.2634,2343.1753,3.2722
16049,,,52,250.2969,31.1762,,,,,,,,,,,
16071,,,22,106.067,31.0268,,,,,,,,,,,
16090,,,19,91.0555,34.2697,,,,,,,,,,,
16119,,,29,147.8796,30.4729,,,,,,,,,,,
16139,,,20,95.8332,33.3028,,,,,,,,,,,
16157,,,18,86.9032,33.9131,,,,,,,,,,,
16181,,,24,117.9587,28.2009,,,,,,,,,,,
16202,,,21,102.5707,30.6903,,,,,,,,,,,
16225,,,23,113.1151,34.1488,,,,,,,,,,,
16247,,,22,108.1218,31.4786,,,,,,,,,,,
16271,,,24,117.5108,26.859,,,,,,,,,,,
16314,,,43,233.3153,31.0568,,,,,,,,,,,
16337,,,23,113.7532,25.1695,,,,,,,,,,,
16372,,,35,191.217,26.8771,,,,,,,,,,,
16391,,,19,93.0418,24.9555,,,,,,,,,,,
16417,,,26,131.7681,25.8112,,,,,,,,,,,
16472,,,55,295.8966,28.6947,,,,,,,,,,,
16493,,,21,103.6832,29.1552,,,,,,,,,,,
16500,,,,,,50,50,42,15.1625,16.3271,-408.0907,68.237,16.3271,854.5155,1761.7004,3.076
16514,,,21,101.5398,29.0879,,,,,,,,,,,
16535,,,21,101.9401,27.3606,,,,,,,,,,,
16605,,,70,344.6808,26.7993,,,,,,,,,,,
16628,,,23,110.3819,29.2776,,,,,,,,,,,
16660,,,32,155.4752,29.0255,,,,,,,,,,,
16717,,,57,272.7593,27.1187,,,,,,,,,,,
16771,,,54,276.8873,26.6296,,,,,,,,,,,
16807,,,36,172.1865,30.1368,,,,,,,,,,,
16850,,,43,232.7153,26.932,,,,,,,,,,,
16901,,,51,264.8092,29.1532,,,,,,,,,,,
16928,,,27,133.5869,25.9695,,,,,,,,,,,
16978,,,50,264.5666,27.8556,,,,,,,,,,,
17000,,,,,,50,50,43,15.9279,18.4722,-414.2559,77.8446,18.4722,1252.1362,6699.3613,3.4267
17018,,,40,214.6076,28.3692,,,,,,,,,,,
17047,,,29,139.6596,34.4841,,,,,,,,,,,
17114,,,67,354.0431,29.0347,,,,,,,,,,,
17165,,,51,274.7409,25.457,,,,,,,,,,,
17186,,,21,101.817,27.5469,,,,,,,,,,,
17209,,,23,113.2896,26.6595,,,,,,,,,,,
17233,,,24,117.7839,26.1302,,,,,,,,,,,
17262,,,29,137.6139,26.7446,,,,,,,,,,,
17299,,,37,196.334,25.9114,,,,,,,,,,,
17324,,,25,118.747,26.8651,,,,,,,,,,,
17375,,,51,272.0431,28.0747,,,,,,,,,,,
17398,,,23,113.7913,27.892,,,,,,,,,,,
17419,,,21,102.4869,26.2219,,,,,,,,,,,
17441,,,22,108.5028,28.271,,,,,,,,,,,
17463,,,22,107.5368,29.8259,,,,,,,,,,,
17500,,,,,,50,50,44,13.6022,16.962,-410.5067,64.705,16.962,543.3497,1596.8813,3.4144
17507,,,44,230.0164,26.2747,,,,,,,,,,,
17566,,,59,317.6487,27.8213,,,,,,,,,,,
17606,,,40,212.6182,27.6276,,,,,,,,,,,
17656,,,50,272.1744,29.3652,,,,,,,,,,,
17685,,,29,144.3901,24.6203,,,,,,,,,,,
17742,,,57,285.37,26.1207,,,,,,,,,,,
17760,,,18,86.4636,28.3658,,,,,,,,,,,
17782,,,22,107.6308,26.3923,,,,,,,,,,,
17825,,,43,236.6597,26.135,,,,,,,,,,,
17862,,,37,202.2821,29.4087,,,,,,,,,,,
17885,,,23,112.0781,29.8221,,,,,,,,,,,
17931,,,46,245.5706,25.4709,,,,,,,,,,,
17978,,,47,252.1916,28.7824,,,,,,,,,,,
17997,,,19,91.1538,27.4015,,,,,,,,,,,
18000,,,,,,50,50,44,13.0981,17.5297,-431.9265,71.4082,17.5297,533.7643,1449.85,4.7082
18022,,,25,125.4452,25.3989,,,,,,,,,,,
18059,,,37,182.0662,29.6417,,,,,,,,,,,
18094,,,35,185.4035,25.4119,,,,,,,,,,,
18121,,,27,133.7237,27.8849,,,,,,,,,,,
18173,,,52,283.0144,26.8787,,,,,,,,,,,
18219,,,46,244.5118,27.239,,,,,,,,,,,
18247,,,28,137.2464,28.0298,,,,,,,,,,,
18276,,,29,148.7127,27.2187,,,,,,,,,,,
18303,,,27,138.9587,31.0061,,,,,,,,,,,
18326,,,23,114.4867,34.5295,,,,,,,,,,,
18349,,,23,114.1849,29.0039,,,,,,,,,,,
18367,,,18,86.0367,27.958,,,,,,,,,,,
18389,,,22,107.842,24.316,,,,,,,,,,,
18412,,,23,113.3864,27.6254,,,,,,,,,,,
18450,,,38,203.7007,26.5174,,,,,,,,,,,
18468,,,18,86.5502,30.1717,,,,,,,,,,,
18489,,,21,102.8273,28.652,,,,,,,,,,,
18500,,,,,,50,50,41,15.989,17.0723,-451.7513,78.2977,17.0723,688.8759,2653.8669,5.7306
18536,,,47,250.0686,25.8912,,,,,,,,,,,
18558,,,22,108.1931,27.1762,,,,,,,,,,,
18590,,,32,168.5019,27.6603,,,,,,,,,,,
18611,,,21,102.903,28.9377,,,,,,,,,,,
18637,,,26,130.2074,29.3913,,,,,,,,,,,
18658,,,21,101.4047,26.4917,,,,,,,,,,,
18709,,,51,243.1763,30.2834,,,,,,,,,,,
18728,,,19,91.5739,27.8844,,,,,,,,,,,
18755,,,27,132.0274,29.293,,,,,,,,,,,
18797,,,42,227.7713,30.1698,,,,,,,,,,,
18823,,,26,124.0645,26.3711,,,,,,,,,,,
18842,,,19,92.5108,27.4124,,,,,,,,,,,
18863,,,21,103.2319,26.837,,,,,,,,,,,
18884,,,21,102.7301,28.946,,,,,,,,,,,
18939,,,55,247.3416,30.7991,,,,,,,,,,,
18961,,,22,108.6578,33.3763,,,,,,,,,,,
18996,,,35,185.5939,34.9045,,,,,,,,,,,
19000,,,,,,50,50,42,15.133,16.9902,-459.3773,79.1129,16.9902,810.5129,3459.7756,3.7285
19120,,,124,594.6385,28.1362,,,,,,,,,,,
19144,,,24,115.7667,31.2046,,,,,,,,,,,
19218,,,74,387.0381,29.1748,,,,,,,,,,,
19245,,,27,132.4131,35.5977,,,,,,,,,,,
19268,,,23,111.6975,31.4155,,,,,,,,,,,
19292,,,24,118.9485,31.5698,,,,,,,,,,,
19317,,,25,119.3655,28.6394,,,,,,,,,,,
19343,,,26,127.3789,28.3997,,,,,,,,,,,
19364,,,21,102.4454,27.6592,,,,,,,,,,,
19470,,,106,500.6521,31.0142,,,,,,,,,,,
19500,,,,,,50,50,44,14.2758,17.1919,-474.1058,79.8577,17.1919,659.4229,2154.9868,4.3942
19518,,,48,256.486,34.383,,,,,,,,,,,
19542,,,24,118.0199,31.6814,,,,,,,,,,,
19562,,,20,96.1164,25.5192,,,,,,,,,,,
19583,,,21,102.9361,26.3608,,,,,,,,,,,
19613,,,30,154.5567,27.1714,,,,,,,,,,,
19639,,,26,127.7138,27.1772,,,,,,,,,,,
19672,,,33,165.7705,29.2907,,,,,,,,,,,
19719,,,47,211.7663,28.5105,,,,,,,,,,,
19825,,,106,519.6032,26.3033,,,,,,,,,,,
19844,,,19,92.3776,28.8564,,,,,,,,,,,
19864,,,20,97.0311,32.2421,,,,,,,,,,,
19902,,,38,205.4501,32.6773,,,,,,,,,,,
19932,,,30,142.0235,26.4131,,,,,,,,,,,
19964,,,32,160.8445,26.6688,,,,,,,,,,,
19990,,,26,127.7843,27.8488,,,,,,,,,,,
20000,,,,,,50,50,45,13.0028,17.0531,-474.8593,87.5871,17.0531,525.2544,1723.1138,5.4315
20000,214.8585,50.5,,,,,,,,,,,,,,
20011,,,21,103.2191,16.2404,,,,,,,,,,,
20034,,,23,113.8551,27.6919,,,,,,,,,,,
20056,,,22,107.9591,27.7206,,,,,,,,,,,
20075,,,19,92.1965,25.6279,,,,,,,,,,,
20098,,,23,110.0405,25.0398,,,,,,,,,,,
20120,,,22,106.3251,27.6228,,,,,,,,,,,
20204,,,84,382.1995,27.8922,,,,,,,,,,,
20231,,,27,132.9463,31.7818,,,,,,,,,,,
20250,,,19,90.2275,28.8376,,,,,,,,,,,
20271,,,21,103.09,29.123,,,,,,,,,,,
20334,,,63,283.3292,27.8857,,,,,,,,,,,
20387,,,53,288.2498,29.3785,,,,,,,,,,,
20423,,,36,168.2055,25.8163,,,,,,,,,,,
20447,,,24,118.11,24.5079,,,,,,,,,,,
20500,,,,,,50,50,40,15.4408,18.1167,-474.2059,86.6982,18.1167,711.111,3436.2949,6.7997
20501,,,54,211.0989,25.8178,,,,,,,,,,,
20529,,,28,135.958,26.4436,,,,,,,,,,,
20551,,,22,106.2267,30.9051,,,,,,,,,,,
20590,,,39,161.8,30.253,,,,,,,,,,,
20626,,,36,179.739,30.388,,,,,,,,,,,
20673,,,47,191.1542,27.656,,,,,,,,,,,
20695,,,22,103.896,29.1252,,,,,,,,,,,
20722,,,27,131.3096,25.7948,,,,,,,,,,,
20758,,,36,163.459,27.9946,,,,,,,,,,,
20791,,,33,152.825,34.8127,,,,,,,,,,,
20825,,,34,165.8667,33.7279,,,,,,,,,,,
20891,,,66,305.0528,27.2635,,,,,,,,,,,
20910,,,19,89.9647,29.6675,,,,,,,,,,,
20961,,,51,186.7581,28.1095,,,,,,,,,,,
20982,,,21,101.4657,26.9542,,,,,,,,,,,
21000,,,,,,50,50,44,14.1728,17.227,-505.7429,85.6201,17.227,575.4155,1846.4613,3.8831
21021,,,39,182.8303,27.157,,,,,,,,,,,
21046,,,25,122.9144,28.3946,,,,,,,,,,,
21129,,,83,349.6282,28.0054,,,,,,,,,,,
21182,,,53,208.4928,27.0115,,,,,,,,,,,
21222,,,40,180.0017,26.5863,,,,,,,,,,,
21269,,,47,204.3705,27.037,,,,,,,,,,,
21323,,,54,250.2456,28.2641,,,,,,,,,,,
21340,,,17,81.3442,29.6887,,,,,,,,,,,
21365,,,25,113.3985,28.0516,,,,,,,,,,,
21433,,,68,296.3099,28.1136,,,,,,,,,,,
21456,,,23,107.0673,29.0793,,,,,,,,,,,
21500,,,,,,50,50,42,14.786,17.8698,-497.9417,100.0553,17.8698,900.9064,2312.0515,4.9205
21521,,,65,304.651,27.9242,,,,,,,,,,,
21587,,,66,308.8089,28.0014,,,,,,,,,,,
21651,,,64,263.5289,27.1895,,,,,,,,,,,
21671,,,20,97.4222,26.5079,,,,,,,,,,,
21713,,,42,188.4794,26.7975,,,,,,,,,,,
21781,,,68,304.3823,26.4407,,,,,,,,,,,
21832,,,51,237.2337,28.5035,,,,,,,,,,,
21904,,,72,365.2423,28.869,,,,,,,,,,,
21960,,,56,297.1202,25.8159,,,,,,,,,,,
22000,,,,,,50,50,43,14.5289,17.6776,-533.1243,88.8956,17.6776,718.4321,2741.7212,4.9787
22021,,,61,261.1217,26.4958,,,,,,,,,,,
22050,,,29,144.9499,25.2147,,,,,,,,,,,
22117,,,67,298.3221,30.3673,,,,,,,,,,,
22167,,,50,228.374,28.1928,,,,,,,,,,,
22257,,,90,413.3707,28.2557,,,,,,,,,,,
22291,,,34,166.5862,26.7839,,,,,,,,,,,
22339,,,48,231.6601,27.5541,,,,,,,,,,,
22388,,,49,241.1998,27.5598,,,,,,,,,,,
22458,,,70,326.4084,29.0143,,,,,,,,,,,
22500,,,,,,50,50,42,14.0366,17.8679,-512.4758,92.7215,17.8679,891.0769,4227.6138,5.6455
22541,,,83,377.2563,29.2528,,,,,,,,,,,
22597,,,56,275.7913,30.8407,,,,,,,,,,,
22693,,,96,459.3948,28.2726,,,,,,,,,,,
22740,,,47,218.0356,28.3403,,,,,,,,,,,
22789,,,49,233.5296,25.9961,,,,,,,,,,,
22825,,,36,174.6406,26.896,,,,,,,,,,,
22860,,,35,162.1931,33.0212,,,,,,,,,,,
22919,,,59,307.5749,28.5403,,,,,,,,,,,
22984,,,65,313.7003,27.0587,,,,,,,,,,,
23000,,,,,,50,50,45,13.2644,17.0654,-521.8379,81.2263,17.0654,754.4752,2843.5972,8.0905
23034,,,50,246.2161,29.6431,,,,,,,,,,,
23098,,,64,312.3725,28.1623,,,,,,,,,,,
23169,,,71,362.3064,28.5365,,,,,,,,,,,
23208,,,39,175.6927,33.4632,,,,,,,,,,,
23260,,,52,267.8535,32.4079,,,,,,,,,,,
23311,,,51,241.6783,27.1465,,,,,,,,,,,
23358,,,47,234.4147,28.6509,,,,,,,,,,,
23419,,,61,309.5265,26.835,,,,,,,,,,,
23500,,,,,,50,50,41,18.3393,17.1187,-543.3565,93.9385,17.1187,1271.4769,6703.2446,7.4186
23504,,,85,457.0095,26.8996,,,,,,,,,,,
23559,,,55,238.5537,25.915,,,,,,,,,,,
23607,,,48,236.053,26.9063,,,,,,,,,,,
23691,,,84,398.1557,29.5238,,,,,,,,,,,
23738,,,47,202.3939,35.2342,,,,,,,,,,,
23808,,,70,332.0429,27.955,,,,,,,,,,,
23873,,,65,305.4526,25.901,,,,,,,,,,,
23927,,,54,244.6383,32.0979,,,,,,,,,,,
23967,,,40,171.897,27.1883,,,,,,,,,,,
23988,,,21,102.2442,32.1523,,,,,,,,,,,
24000,,,,,,50,50,40,18.8008,15.935,-554.0262,84.7503,15.935,996.077,3431.5149,11.5726
24008,,,20,97.7876,30.5947,,,,,,,,,,,
24057,,,49,237.4363,26.8331,,,,,,,,,,,
24081,,,24,117.6008,27.0608,,,,,,,,,,,
24128,,,47,229.132,28.5364,,,,,,,,,,,
24234,,,106,497.6823,26.1594,,,,,,,,,,,
24313,,,79,403.8397,29.6515,,,,,,,,,,,
24381,,,68,316.4046,29.3084,,,,,,,,,,,
24458,,,77,394.5008,33.4557,,,,,,,,,,,
24476,,,18,85.6433,35.6899,,,,,,,,,,,
24500,,,,,,50,50,43,14.8695,17.0791,-554.366,112.1175,17.0791,1187.6343,4971.2681,11.4055
24537,,,61,250.5406,27.706,,,,,,,,,,,
24558,,,21,103.7285,28.0282,,,,,,,,,,,
24577,,,19,91.7894,26.7164,,,,,,,,,,,
24623,,,46,194.383,25.7276,,,,,,,,,,,
24645,,,22,106.2953,26.7555,,,,,,,,,,,
24705,,,60,274.266,27.4519,,,,,,,,,,,
24782,,,77,360.5499,29.8993,,,,,,,,,,,
24827,,,45,242.2342,26.306,,,,,,,,,,,
24894,,,67,284.3244,29.991,,,,,,,,,,,
24914,,,20,94.5198,29.7779,,,,,,,,,,,
24949,,,35,165.9623,28.8464,,,,,,,,,,,
24998,,,49,203.2622,31.6418,,,,,,,,,,,
25000,,,,,,50,50,43,14.384,16.3786,-579.3906,100.6719,16.3786,1419.6382,5590.1606,10.6154
25000,195.0928,47.9,,,,,,,,,,,,,,
25076,,,78,347.883,22.434,,,,,,,,,,,
25151,,,75,317.7429,30.9761,,,,,,,,,,,
25245,,,94,421.3177,27.9152,,,,,,,,,,,
25307,,,62,248.8893,28.0767,,,,,,,,,,,
25329,,,22,107.5346,33.7506,,,,,,,,,,,
25354,,,25,122.9313,26.5056,,,,,,,,,,,
25403,,,49,205.6097,33.3599,,,,,,,,,,,
25454,,,51,214.6177,28.8609,,,,,,,,,,,
25487,,,33,162.7365,28.2489,,,,,,,,,,,
25500,,,,,,50,50,41,14.5996,16.6634,-571.8104,100.4136,16.6634,1221.6996,5128.4966,7.9866
25534,,,47,198.7998,29.332,,,,,,,,,,,
25565,,,31,156.6654,28.4185,,,,,,,,,,,
25585,,,20,98.538,34.2824,,,,,,,,,,,
25676,,,91,432.3728,30.9363,,,,,,,,,,,
25700,,,24,115.4958,29.0303,,,,,,,,,,,
25727,,,27,131.8833,28.8765,,,,,,,,,,,
25774,,,47,197.03,28.245,,,,,,,,,,,
25820,,,46,197.3041,26.1642,,,,,,,,,,,
25843,,,23,114.2926,34.1992,,,,,,,,,,,
25905,,,62,271.0039,26.5705,,,,,,,,,,,
25925,,,20,97.1222,24.0339,,,,,,,,,,,
26000,,,,,,50,50,41,15.1507,16.7344,-574.0702,95.9216,16.7344,1565.8893,5330.188,12.5003
26025,,,100,428.6261,28.1985,,,,,,,,,,,
26077,,,52,262.8049,27.3119,,,,,,,,,,,
26103,,,26,124.9219,24.6384,,,,,,,,,,,
26127,,,24,119.2576,31.6721,,,,,,,,,,,
26159,,,32,158.2857,27.3338,,,,,,,,,,,
26181,,,22,108.0424,30.6719,,,,,,,,,,,
26256,,,75,330.3794,31.2907,,,,,,,,,,,
26304,,,48,214.014,27.6315,,,,,,,,,,,
26330,,,26,129.6006,27.6365,,,,,,,,,,,
26386,,,56,292.6473,28.2625,,,,,,,,,,,
26415,,,29,140.1046,30.63,,,,,,,,,,,
26442,,,27,129.7958,29.1237,,,,,,,,,,,
26490,,,48,254.7658,26.0652,,,,,,,,,,,
26500,,,,,,50,50,41,15.7435,16.543,-624.6088,120.7311,16.543,2841.7351,5669.6045,10.1404
26584,,,94,463.5496,32.9604,,,,,,,,,,,
26678,,,94,432.6392,26.0937,,,,,,,,,,,
26700,,,22,107.4134,26.611,,,,,,,,,,,
26729,,,29,149.4213,26.7614,,,,,,,,,,,
26805,,,76,342.9474,32.4831,,,,,,,,,,,
26830,,,25,122.1244,33.8964,,,,,,,,,,,
26874,,,44,235.3941,29.6919,,,,,,,,,,,
26918,,,44,221.0276,28.5449,,,,,,,,,,,
26965,,,47,247.7225,26.615,,,,,,,,,,,
26986,,,21,99.0782,26.2438,,,,,,,,,,,
27000,,,,,,50,50,42,17.2768,17.1326,-629.121,108.072,17.1326,1401.9309,5487.8398,11.4311
27044,,,58,295.6791,26.8224,,,,,,,,,,,
27092,,,48,240.0561,26.573,,,,,,,,,,,
27113,,,21,102.5569,26.4174,,,,,,,,,,,
27157,,,44,234.9499,27.3437,,,,,,,,,,,
27180,,,23,113.3148,25.7478,,,,,,,,,,,
27203,,,23,109.1517,28.8397,,,,,,,,,,,
27225,,,22,107.2998,28.2739,,,,,,,,,,,
27246,,,21,103.3813,30.352,,,,,,,,,,,
27267,,,21,102.2782,35.2469,,,,,,,,,,,
27298,,,31,151.7874,34.4521,,,,,,,,,,,
27320,,,22,108.2628,34.3529,,,,,,,,,,,
27355,,,35,173.2812,29.0386,,,,,,,,,,,
27379,,,24,116.7147,27.3917,,,,,,,,,,,
27457,,,78,385.2257,31.4222,,,,,,,,,,,
27491,,,34,168.988,34.746,,,,,,,,,,,
27500,,,,,,50,50,41,16.5656,16.5596,-663.4293,112.0393,16.5596,2078.9822,7518.48,11.4513
27514,,,23,111.1289,33.7404,,,,,,,,,,,
27532,,,18,87.476,27.6414,,,,,,,,,,,
27622,,,90,482.4079,27.2691,,,,,,,,,,,
27684,,,62,325.4566,26.0856,,,,,,,,,,,
27736,,,52,282.0476,26.8994,,,,,,,,,,,
27755,,,19,93.1062,27.1449,,,,,,,,,,,
27818,,,63,274.5241,27.4889,,,,,,,,,,,
27840,,,22,108.0024,24.8382,,,,,,,,,,,
27861,,,21,103.1256,27.8417,,,,,,,,,,,
27924,,,63,340.8092,28.7225,,,,,,,,,,,
27943,,,19,91.8238,31.8366,,,,,,,,,,,
28000,,,,,,50,50,42,16.341,16.5374,-626.6813,112.0999,16.5374,1744.5291,10329.2871,10.2316
28014,,,71,325.0949,26.6453,,,,,,,,,,,
28052,,,38,189.9593,27.2966,,,,,,,,,,,
28079,,,27,131.1211,27.396,,,,,,,,,,,
28128,,,49,258.8826,33.9068,,,,,,,,,,,
28147,,,19,91.4419,35.6836,,,,,,,,,,,
28170,,,23,113.7244,29.8888,,,,,,,,,,,
28239,,,69,322.5149,28.2092,,,,,,,,,,,
28289,,,50,264.8118,26.4987,,,,,,,,,,,
28334,,,45,227.1094,30.9249,,,,,,,,,,,
28372,,,38,188.2261,26.9526,,,,,,,,,,,
28423,,,51,260.7061,31.3686,,,,,,,,,,,
28473,,,50,264.1873,27.6109,,,,,,,,,,,
28500,,,,,,50,50,41,21.0359,15.8872,-669.2872,141.0166,15.8872,1641.7896,6933.3789,16.595
28528,,,55,267.4352,27.761,,,,,,,,,,,
28577,,,49,229.6246,27.95,,,,,,,,,,,
28603,,,26,128.7091,27.6584,,,,,,,,,,,
28656,,,53,284.3566,29.0511,,,,,,,,,,,
28682,,,26,129.3559,25.0166,,,,,,,,,,,
28753,,,71,331.0364,26.276,,,,,,,,,,,
28800,,,47,241.2112,27.6675,,,,,,,,,,,
28853,,,53,263.0135,30.8331,,,,,,,,,,,
28873,,,20,98.0554,35.3424,,,,,,,,,,,
28894,,,21,102.8272,35.6517,,,,,,,,,,,
28914,,,20,98.4089,32.0175,,,,,,,,,,,
28969,,,55,269.6465,29.8731,,,,,,,,,,,
29000,,,,,,50,50,41,15.7672,16.2618,-657.9268,140.0233,16.2618,2416.2529,10305.3896,13.7334
29006,,,37,182.6541,33.5151,,,,,,,,,,,
29068,,,62,304.419,27.8638,,,,,,,,,,,
29090,,,22,108.0087,28.2059,,,,,,,,,,,
29154,,,64,310.4692,27.6803,,,,,,,,,,,
29176,,,22,107.0225,26.7088,,,,,,,,,,,
29198,,,22,106.563,27.6822,,,,,,,,,,,
29247,,,49,222.9964,28.0225,,,,,,,,,,,
29330,,,83,412.9711,27.8351,,,,,,,,,,,
29381,,,51,233.7532,28.7656,,,,,,,,,,,
29402,,,21,103.4948,26.8991,,,,,,,,,,,
29428,,,26,127.869,27.6687,,,,,,,,,,,
29449,,,21,101.1863,27.271,,,,,,,,,,,
29473,,,24,119.4277,27.7021,,,,,,,,,,,
29500,,,,,,50,50,39,16.1599,15.9076,-660.7917,132.1522,15.9076,2253.1504,11472.2783,16.8747
29533,,,60,281.5294,29.8159,,,,,,,,,,,
29552,,,19,92.1719,34.6846,,,,,,,,,,,
29579,,,27,133.2637,35.0176,,,,,,,,,,,
29658,,,79,419.3292,29.6928,,,,,,,,,,,
29715,,,57,274.117,30.7887,,,,,,,,,,,
29765,,,50,243.4367,27.3424,,,,,,,,,,,
29789,,,24,117.6596,28.533,,,,,,,,,,,
29815,,,26,128.1426,31.0735,,,,,,,,,,,
29856,,,41,213.9132,26.2829,,,,,,,,,,,
29881,,,25,122.6902,28.5295,,,,,,,,,,,
29903,,,22,107.9221,28.7843,,,,,,,,,,,
29927,,,24,118.3476,27.7518,,,,,,,,,,,
29987,,,60,285.9538,26.6657,,,,,,,,,,,
30000,,,,,,50,50,43,15.409,17.0275,-692.3484,135.2994,17.0275,2979.4507,10070.7764,12.2145
30000,332.8392,68.0,,,,,,,,,,,,,,
30010,,,23,112.4766,13.6066,,,,,,,,,,,
30100,,,90,403.9348,28.8428,,,,,,,,,,,
30120,,,20,98.0164,25.7313,,,,,,,,,,,
30179,,,59,258.2896,29.846,,,,,,,,,,,
30268,,,89,424.4848,27.8286,,,,,,,,,,,
30290,,,22,107.7886,24.8533,,,,,,,,,,,
30347,,,57,265.433,27.4782,,,,,,,,,,,
30384,,,37,187.2785,25.8405,,,,,,,,,,,
30411,,,27,133.3278,31.287,,,,,,,,,,,
30433,,,22,106.8562,31.6337,,,,,,,,,,,
30491,,,58,298.4712,34.5955,,,,,,,,,,,
30500,,,,,,50,50,40,18.04,15.6295,-732.3181,105.853,15.6295,3019.2339,14316.4795,16.5051
30529,,,38,190.2024,27.6187,,,,,,,,,,,
30573,,,44,240.0262,27.4024,,,,,,,,,,,
30597,,,24,119.2662,25.9704,,,,,,,,,,,
30619,,,22,107.9048,28.2552,,,,,,,,,,,
30648,,,29,145.2515,31.6546,,,,,,,,,,,
30706,,,58,307.4028,28.6351,,,,,,,,,,,
30770,,,64,320.0351,29.8967,,,,,,,,,,,
30792,,,22,108.303,34.5766,,,,,,,,,,,
30855,,,63,292.9269,28.5273,,,,,,,,,,,
30912,,,57,306.8041,32.7516,,,,,,,,,,,
30933,,,21,102.3837,34.6224,,,,,,,,,,,
31000,,,,,,50,50,42,16.4524,17.0782,-686.7924,134.1595,17.0782,2105.4282,7181.4341,22.0329
31042,,,109,474.7183,32.792,,,,,,,,,,,
31107,,,65,300.8316,29.2578,,,,,,,,,,,
31141,,,34,165.7153,28.2051,,,,,,,,,,,
31228,,,87,418.2754,28.0656,,,,,,,,,,,
31292,,,64,276.9488,27.4634,,,,,,,,,,,
31336,,,44,238.7973,32.3613,,,,,,,,,,,
31367,,,31,162.4909,30.051,,,,,,,,,,,
31500,,,,,,50,50,41,16.2553,15.0127,-762.3677,110.517,15.0127,2106.4897,8840.3096,16.8556
31535,,,168,808.2216,28.3806,,,,,,,,,,,
31585,,,50,246.5818,27.623,,,,,,,,,,,
31618,,,33,171.821,26.518,,,,,,,,,,,
31667,,,49,215.7674,28.3919,,,,,,,,,,,
31704,,,37,184.4006,27.3708,,,,,,,,,,,
31774,,,70,350.9402,26.0486,,,,,,,,,,,
31823,,,49,230.7289,26.9818,,,,,,,,,,,
31870,,,47,240.5147,29.107,,,,,,,,,,,
31944,,,74,383.551,28.0034,,,,,,,,,,,
31968,,,24,116.5432,28.9191,,,,,,,,,,,
32000,,,,,,50,50,42,15.2751,16.9401,-746.5843,133.2072,16.9401,2006.2849,7428.5952,12.7944
32014,,,46,228.2612,24.9525,,,,,,,,,,,
32064,,,50,248.1835,29.1403,,,,,,,,,,,
32149,,,85,444.7558,26.9296,,,,,,,,,,,
32187,,,38,191.1834,29.3048,,,,,,,,,,,
32241,,,54,267.8308,28.6376,,,,,,,,,,,
32337,,,96,505.415,27.7697,,,,,,,,,,,
32446,,,109,578.14,29.1342,,,,,,,,,,,
32500,,,,,,50,50,40,16.4822,16.7374,-733.7516,120.9185,16.7374,2242.563,12014.9004,13.0535
32566,,,120,623.0464,27.3385,,,,,,,,,,,
32610,,,44,201.5224,33.5558,,,,,,,,,,,
32661,,,51,252.5431,27.7256,,,,,,,,,,,
32724,,,63,335.3721,29.6076,,,,,,,,,,,
32781,,,57,305.4856,27.7265,,,,,,,,,,,
32842,,,61,314.3297,27.9462,,,,,,,,,,,
32867,,,25,122.8464,34.6133,,,,,,,,,,,
32916,,,49,243.9449,30.2016,,,,,,,,,,,
32971,,,55,298.3333,30.024,,,,,,,,,,,
33000,,,,,,50,50,41,15.5675,16.6291,-797.1132,137.4782,16.6291,2744.7197,9452.5986,20.5597
33016,,,45,232.6349,33.9646,,,,,,,,,,,
33058,,,42,212.8983,32.4942,,,,,,,,,,,
33118,,,60,294.771,30.5092,,,,,,,,,,,
33205,,,87,406.9177,29.4441,,,,,,,,,,,
33269,,,64,292.5361,27.0954,,,,,,,,,,,
33333,,,64,338.18,31.5538,,,,,,,,,,,
33414,,,81,418.3311,29.6681,,,,,,,,,,,
33472,,,58,301.1851,26.9038,,,,,,,,,,,
33500,,,,,,50,50,40,16.8902,17.3504,-783.013,154.2882,17.3504,3864.9131,20449.8535,14.5065
33537,,,65,313.9226,30.7551,,,,,,,,,,,
33609,,,72,385.5226,33.5598,,,,,,,,,,,
33692,,,83,419.7683,34.6739,,,,,,,,,,,
33766,,,74,393.2806,28.9007,,,,,,,,,,,
33818,,,52,268.4015,28.0078,,,,,,,,,,,
33840,,,22,107.235,32.6611,,,,,,,,,,,
33932,,,92,425.6239,31.6979,,,,,,,,,,,
33988,,,56,297.9776,34.378,,,,,,,,,,,
34000,,,,,,50,50,40,15.9566,17.0967,-849.0703,157.4723,17.0967,2849.0024,14917.0215,20.7487
34094,,,106,502.5045,33.3073,,,,,,,,,,,
34122,,,28,137.3472,35.1411,,,,,,,,,,,
34172,,,50,253.2035,26.8282,,,,,,,,,,,
34193,,,21,101.7731,28.3673,,,,,,,,,,,
34215,,,22,107.3603,32.2233,,,,,,,,,,,
34240,,,25,123.1744,25.7393,,,,,,,,,,,
34266,,,26,129.4856,27.3499,,,,,,,,,,,
34371,,,105,562.6287,28.3611,,,,,,,,,,,
34430,,,59,313.4877,26.281,,,,,,,,,,,
34493,,,63,309.8634,27.0387,,,,,,,,,,,
34500,,,,,,50,50,42,15.237,16.8991,-859.3834,173.3549,16.8991,2538.4438,9257.0732,18.6704
34519,,,26,129.5193,26.5747,,,,,,,,,,,
34561,,,42,219.1336,25.947,,,,,,,,,,,
34634,,,73,375.6568,27.1661,,,,,,,,,,,
34682,,,48,246.1908,33.0723,,,,,,,,,,,
34755,,,73,337.2534,34.1896,,,,,,,,,,,
34808,,,53,274.0398,31.8225,,,,,,,,,,,
34859,,,51,255.4601,30.0788,,,,,,,,,,,
34892,,,33,167.7588,31.7014,,,,,,,,,,,
34975,,,83,414.8378,31.7446,,,,,,,,,,,
35000,,,,,,50,50,41,17.2692,17.3009,-827.5502,147.6465,17.3009,2770.9751,12526.9268,15.8002
35000,302.4822,65.0,,,,,,,,,,,,,,
35041,,,66,297.5075,22.9784,,,,,,,,,,,
35070,,,29,148.2687,28.2488,,,,,,,,,,,
35171,,,101,449.4273,26.741,,,,,,,,,,,
35229,,,58,299.4236,27.8703,,,,,,,,,,,
35265,,,36,184.2103,29.4477,,,,,,,,,,,
35356,,,91,411.0311,27.0582,,,,,,,,,,,
35410,,,54,265.1448,27.851,,,,,,,,,,,
35470,,,60,290.4766,27.0999,,,,,,,,,,,
35500,,,,,,50,50,40,17.347,17.0874,-822.1746,201.8817,17.0874,3792.0642,27866.5938,17.0981
35500,,,30,147.5721,26.3059,,,,,,,,,,,
35568,,,68,297.0078,27.293,,,,,,,,,,,
35600,,,32,157.1501,28.0708,,,,,,,,,,,
35685,,,85,397.4152,28.2539,,,,,,,,,,,
35782,,,97,454.8235,31.5297,,,,,,,,,,,
35810,,,28,134.9078,32.2717,,,,,,,,,,,
35850,,,40,195.9672,29.3777,,,,,,,,,,,
35902,,,52,248.7132,27.4567,,,,,,,,,,,
35972,,,70,329.7558,27.1212,,,,,,,,,,,
36000,,,,,,50,50,41,16.3502,17.4681,-875.0073,154.0822,17.4681,4106.166,20245.5352,40.0065
36120,,,148,759.2055,27.0351,,,,,,,,,,,
36185,,,65,324.6832,28.4991,,,,,,,,,,,
36228,,,43,219.3791,26.4882,,,,,,,,,,,
36251,,,23,113.4338,28.7126,,,,,,,,,,,
36278,,,27,131.4264,26.3472,,,,,,,,,,,
36325,,,47,232.8102,30.1219,,,,,,,,,,,
36347,,,22,107.5341,31.5709,,,,,,,,,,,
36374,,,27,131.9026,26.9953,,,,,,,,,,,
36447,,,73,365.256,26.224,,,,,,,,,,,
36466,,,19,92.57,27.409,,,,,,,,,,,
36500,,,,,,50,50,44,13.6162,16.9359,-879.4046,145.1639,16.9359,3495.3203,19615.9883,33.7496
36537,,,71,318.4192,27.7131,,,,,,,,,,,
36593,,,56,250.9697,25.8378,,,,,,,,,,,
36658,,,65,303.2137,25.9522,,,,,,,,,,,
36706,,,48,229.2654,27.8429,,,,,,,,,,,
36726,,,20,96.1233,27.9431,,,,,,,,,,,
36755,,,29,142.8289,30.6124,,,,,,,,,,,
36787,,,32,158.8075,30.4048,,,,,,,,,,,
36847,,,60,294.2216,27.9066,,,,,,,,,,,
36923,,,76,400.709,28.0897,,,,,,,,,,,
36965,,,42,208.1601,29.2088,,,,,,,,,,,
36996,,,31,152.4167,29.7369,,,,,,,,,,,
37000,,,,,,50,50,42,15.1516,18.1476,-866.0261,208.4003,18.1476,3509.5652,20428.0664,20.0818
37029,,,33,165.2515,27.1655,,,,,,,,,,,
37050,,,21,101.7067,27.9788,,,,,,,,,,,
37071,,,21,103.3648,26.4302,,,,,,,,,,,
37094,,,23,112.9701,24.7172,,,,,,,,,,,
37116,,,22,108.533,28.5349,,,,,,,,,,,
37136,,,20,96.8835,28.4608,,,,,,,,,,,
37157,,,21,101.0523,25.1853,,,,,,,,,,,
37233,,,76,386.1071,29.6144,,,,,,,,,,,
37257,,,24,118.2677,30.7544,,,,,,,,,,,
37331,,,74,340.6749,28.462,,,,,,,,,,,
37359,,,28,137.8967,29.4773,,,,,,,,,,,
37381,,,22,107.7912,27.2562,,,,,,,,,,,
37457,,,76,362.794,34.1095,,,,,,,,,,,
37479,,,22,108.0989,34.6338,,,,,,,,,,,
37500,,,,,,50,50,38,19.7084,17.2252,-879.6666,173.0262,17.2252,3150.6206,15184.7217,25.8036
37541,,,62,318.424,29.545,,,,,,,,,,,
37569,,,28,137.2515,28.5314,,,,,,,,,,,
37653,,,84,384.6049,26.2046,,,,,,,,,,,
37677,,,24,117.8337,31.7656,,,,,,,,,,,
37734,,,57,285.826,28.866,,,,,,,,,,,
37799,,,65,322.4918,27.2661,,,,,,,,,,,
37854,,,55,270.7785,26.2334,,,,,,,,,,,
37916,,,62,320.9119,28.3254,,,,,,,,,,,
37971,,,55,267.9614,27.4773,,,,,,,,,,,
37993,,,22,107.5586,33.9263,,,,,,,,,,,
38000,,,,,,50,50,42,15.4256,16.7928,-878.1711,164.51,16.7928,6126.0967,34520.0898,20.5949
38015,,,22,107.9441,32.3802,,,,,,,,,,,
38042,,,27,131.4764,28.3312,,,,,,,,,,,
38064,,,22,106.8419,26.4549,,,,,,,,,,,
38090,,,26,127.5796,26.0943,,,,,,,,,,,
38163,,,73,362.2379,28.6572,,,,,,,,,,,
38186,,,23,112.4534,27.8573,,,,,,,,,,,
38276,,,90,472.8034,28.3355,,,,,,,,,,,
38341,,,65,338.2958,27.4431,,,,,,,,,,,
38374,,,33,164.5813,26.7929,,,,,,,,,,,
38401,,,27,141.3968,26.5875,,,,,,,,,,,
38419,,,18,86.4116,32.042,,,,,,,,,,,
38446,,,27,133.7295,32.2565,,,,,,,,,,,
38500,,,,,,50,50,44,13.6905,17.3063,-919.0826,191.5612,17.3063,7060.2236,39139.1172,35.4876
38506,,,60,290.2337,34.0684,,,,,,,,,,,
38529,,,23,114.6541,27.2176,,,,,,,,,,,
38602,,,73,363.1129,27.5595,,,,,,,,,,,
38622,,,20,98.7404,26.7795,,,,,,,,,,,
38696,,,74,365.5295,29.7762,,,,,,,,,,,
38752,,,56,307.0341,27.8818,,,,,,,,,,,
38779,,,27,132.8795,26.1567,,,,,,,,,,,
38804,,,25,122.1383,28.7522,,,,,,,,,,,
38853,,,49,254.1136,26.8478,,,,,,,,,,,
38913,,,60,317.138,30.6477,,,,,,,,,,,
38935,,,22,109.1826,30.6203,,,,,,,,,,,
38989,,,54,290.1769,28.4371,,,,,,,,,,,
39000,,,,,,50,50,43,14.13,16.9292,-957.0836,191.989,16.9292,5183.0088,22166.1797,27.1894
39059,,,70,337.2544,26.6596,,,,,,,,,,,
39111,,,52,263.8787,26.3732,,,,,,,,,,,
39162,,,51,235.1075,27.4387,,,,,,,,,,,
39231,,,69,345.7976,28.1052,,,,,,,,,,,
39266,,,35,170.0815,28.4184,,,,,,,,,,,
39311,,,45,223.4719,31.2131,,,,,,,,,,,
39371,,,60,276.7207,27.5203,,,,,,,,,,,
39407,,,36,176.3503,29.2957,,,,,,,,,,,
39462,,,55,267.8248,27.7764,,,,,,,,,,,
39500,,,,,,50,50,42,15.0626,16.0166,-898.6003,169.1663,16.0166,4005.6187,20947.1816,22.0612
39536,,,74,382.712,27.2603,,,,,,,,,,,
39591,,,55,266.0399,29.591,,,,,,,,,,,
39656,,,65,300.8479,30.4632,,,,,,,,,,,
39715,,,59,280.9398,27.762,,,,,,,,,,,
39824,,,109,534.7864,27.2332,,,,,,,,,,,
39880,,,56,266.7266,28.3853,,,,,,,,,,,
39907,,,27,130.7097,32.2092,,,,,,,,,,,
39985,,,78,351.1679,30.2102,,,,,,,,,,,
40000,,,,,,50,50,40,19.0776,17.4254,-871.7249,174.0662,17.4254,4474.9829,24240.9102,22.1979
40000,293.9857,62.5,,,,,,,,,,,,,,
40006,,,21,101.3084,13.793,,,,,,,,,,,
40121,,,115,616.6668,30.8551,,,,,,,,,,,
40145,,,24,117.6009,34.8651,,,,,,,,,,,
40176,,,31,154.5345,34.7609,,,,,,,,,,,
40259,,,83,372.1598,34.2355,,,,,,,,,,,
40280,,,21,101.5366,35.857,,,,,,,,,,,
40372,,,92,422.1399,35.5108,,,,,,,,,,,
40403,,,31,159.7806,35.7255,,,,,,,,,,,
40422,,,19,91.2255,35.0622,,,,,,,,,,,
40445,,,23,114.0829,34.1167,,,,,,,,,,,
40464,,,19,91.0055,34.3472,,,,,,,,,,,
40500,,,,,,50,50,42,14.4951,17.0719,-903.6554,170.6291,17.0719,4207.2139,16829.8652,28.0638
40524,,,60,312.7049,34.9847,,,,,,,,,,,
40545,,,21,102.1889,35.0316,,,,,,,,,,,
40593,,,48,247.6988,30.0755,,,,,,,,,,,
40643,,,50,256.949,29.4936,,,,,,,,,,,
40707,,,64,306.9125,28.4286,,,,,,,,,,,
40730,,,23,111.5654,27.685,,,,,,,,,,,
40757,,,27,131.1354,26.1556,,,,,,,,,,,
40806,,,49,259.2664,28.3924,,,,,,,,,,,
40829,,,23,113.4694,27.7784,,,,,,,,,,,
40880,,,51,249.6961,32.0679,,,,,,,,,,,
40900,,,20,97.5421,27.0734,,,,,,,,,,,
40967,,,67,355.1839,27.8068,,,,,,,,,,,
40988,,,21,101.0043,25.3044,,,,,,,,,,,
41000,,,,,,50,50,42,16.279,16.6209,-913.798,184.2072,16.6209,4710.0508,25787.0625,36.06
41037,,,49,258.7972,27.5068,,,,,,,,,,,
41058,,,21,102.2003,29.2345,,,,,,,,,,,
41080,,,22,107.7791,26.8141,,,,,,,,,,,
41099,,,19,91.8249,25.7419,,,,,,,,,,,
41120,,,21,102.7046,29.7029,,,,,,,,,,,
41172,,,52,280.0207,28.4632,,,,,,,,,,,
41275,,,103,476.2134,27.6483,,,,,,,,,,,
41308,,,33,167.5525,26.5563,,,,,,,,,,,
41332,,,24,116.9628,25.6258,,,,,,,,,,,
41359,,,27,134.1649,25.9062,,,,,,,,,,,
41407,,,48,255.7067,28.6963,,,,,,,,,,,
41456,,,49,240.0426,29.1188,,,,,,,,,,,
41500,,,,,,50,50,41,15.9341,17.4429,-926.4848,195.8911,17.4429,5686.2471,24323.6543,38.9383
41517,,,61,299.4504,27.8348,,,,,,,,,,,
41542,,,25,122.7363,29.1694,,,,,,,,,,,
41587,,,45,232.4719,27.0958,,,,,,,,,,,
41644,,,57,300.1588,24.7793,,,,,,,,,,,
41665,,,21,102.3423,31.8071,,,,,,,,,,,
41793,,,128,657.3072,30.0729,,,,,,,,,,,
41852,,,59,307.4019,25.1304,,,,,,,,,,,
41937,,,85,380.3097,27.3015,,,,,,,,,,,
41967,,,30,153.5015,34.8052,,,,,,,,,,,
42000,,,,,,50,50,43,15.2943,17.1997,-970.518,199.4173,17.1997,3592.3369,19934.8652,35.536
42032,,,65,323.6444,30.2587,,,,,,,,,,,
42124,,,92,425.3438,33.1024,,,,,,,,,,,
42150,,,26,131.5684,29.7452,,,,,,,,,,,
42206,,,56,301.214,27.345,,,,,,,,,,,
42226,,,20,96.9985,26.1389,,,,,,,,,,,
42290,,,64,329.0763,26.9686,,,,,,,,,,,
42451,,,161,781.7786,30.0111,,,,,,,,,,,
42500,,,,,,50,50,41,14.9792,17.8258,-943.1108,231.3976,17.8258,2972.7197,18802.082,33.3565
42520,,,69,346.7973,33.0683,,,,,,,,,,,
42618,,,98,467.4509,27.9117,,,,,,,,,,,
42709,,,91,461.3115,27.0995,,,,,,,,,,,
42758,,,49,231.8547,28.2522,,,,,,,,,,,
42808,,,50,275.7238,28.1712,,,,,,,,,,,
42871,,,63,326.8637,27.433,,,,,,,,,,,
42941,,,70,309.8953,28.596,,,,,,,,,,,
43000,,,,,,50,50,40,17.0799,17.8082,-937.6497,193.5504,17.8082,4689.9722,21023.3906,51.238
43034,,,93,461.258,30.3699,,,,,,,,,,,
43107,,,73,392.0893,30.2094,,,,,,,,,,,
43126,,,19,93.6031,28.2032,,,,,,,,,,,
43178,,,52,279.7779,33.4887,,,,,,,,,,,
43294,,,116,581.872,34.6071,,,,,,,,,,,
43321,,,27,129.6549,28.1065,,,,,,,,,,,
43365,,,44,211.1334,28.3261,,,,,,,,,,,
43423,,,58,277.6634,26.301,,,,,,,,,,,
43500,,,,,,50,50,41,16.2298,17.7227,-865.8845,219.4087,17.7227,4422.0728,36872.6953,59.0096
43524,,,101,476.9031,28.2836,,,,,,,,,,,
43624,,,100,504.5193,26.2501,,,,,,,,,,,
43648,,,24,119.325,31.8499,,,,,,,,,,,
43697,,,49,230.2634,32.2233,,,,,,,,,,,
43840,,,143,741.0324,31.8461,,,,,,,,,,,
43890,,,50,253.8665,28.5916,,,,,,,,,,,
43995,,,105,566.5617,32.5163,,,,,,,,,,,
44000,,,,,,50,50,42,14.8685,17.6242,-941.7888,210.4348,17.6242,4322.814,22793.9609,35.468
44047,,,52,248.0939,33.8217,,,,,,,,,,,
44152,,,105,490.2681,34.8682,,,,,,,,,,,
44205,,,53,260.2677,31.0143,,,,,,,,,,,
44258,,,53,262.4422,27.1082,,,,,,,,,,,
44309,,,51,252.7022,26.9357,,,,,,,,,,,
44395,,,86,414.3212,26.1743,,,,,,,,,,,
44477,,,82,388.5487,27.4523,,,,,,,,,,,
44500,,,,,,50,50,41,16.8249,18.6844,-922.0251,205.2738,18.6844,3927.7715,20297.0234,59.5169
44540,,,63,328.2278,29.454,,,,,,,,,,,
44605,,,65,309.8127,31.9642,,,,,,,,,,,
44638,,,33,157.2471,30.8656,,,,,,,,,,,
44708,,,70,318.1509,30.0152,,,,,,,,,,,
44763,,,55,253.4981,33.2665,,,,,,,,,,,
44814,,,51,257.1046,28.2112,,,,,,,,,,,
44886,,,72,311.2038,31.811,,,,,,,,,,,
44949,,,63,299.1005,31.2394,,,,,,,,,,,
45000,,,,,,50,50,41,15.0999,18.5667,-894.8419,240.3426,18.5667,4252.376,23583.4688,38.9557
45000,345.6612,75.1,,,,,,,,,,,,,,
45027,,,78,368.6602,23.669,,,,,,,,,,,
45083,,,56,274.4415,31.5432,,,,,,,,,,,
45152,,,69,327.0461,27.8619,,,,,,,,,,,
45210,,,58,265.0935,28.1157,,,,,,,,,,,
45265,,,55,261.8298,25.3718,,,,,,,,,,,
45356,,,91,442.9122,27.0883,,,,,,,,,,,
45450,,,94,449.8493,27.7494,,,,,,,,,,,
45499,,,49,249.7831,28.0148,,,,,,,,,,,
45500,,,,,,50,50,41,15.095,18.9981,-856.6732,207.7779,18.9981,4602.7407,33853.8984,30.879
45558,,,59,288.1041,29.0326,,,,,,,,,,,
45705,,,147,683.5968,28.9343,,,,,,,,,,,
45790,,,85,433.4249,28.0534,,,,,,,,,,,
45898,,,108,547.5029,26.8123,,,,,,,,,,,
45963,,,65,287.4355,27.8123,,,,,,,,,,,
46000,,,,,,50,50,41,17.4979,17.9535,-933.1376,231.8459,17.9535,3858.3518,26755.0156,50.7171
46027,,,64,298.7178,29.9759,,,,,,,,,,,
46119,,,92,494.6541,30.8509,,,,,,,,,,,
46210,,,91,425.5058,26.686,,,,,,,,,,,
46290,,,80,387.955,26.6697,,,,,,,,,,,
46378,,,88,450.7523,26.9965,,,,,,,,,,,
46491,,,113,539.634,27.7009,,,,,,,,,,,
46500,,,,,,50,50,42,15.8513,19.248,-910.9927,243.2173,19.248,4393.375,24956.4395,38.1498
46598,,,107,530.1501,34.1003,,,,,,,,,,,
46654,,,56,273.5721,26.6769,,,,,,,,,,,
46719,,,65,312.3495,28.8358,,,,,,,,,,,
46770,,,51,266.9908,27.3917,,,,,,,,,,,
46899,,,129,602.9109,29.0023,,,,,,,,,,,
46950,,,51,261.9701,25.5769,,,,,,,,,,,
47000,,,,,,50,50,41,15.7454,18.155,-867.6716,244.5689,18.155,4146.2754,26976.2949,41.3145
47001,,,51,263.6894,29.7412,,,,,,,,,,,
47028,,,27,134.0926,27.8869,,,,,,,,,,,
47134,,,106,533.6843,27.658,,,,,,,,,,,
47193,,,59,291.2952,26.4694,,,,,,,,,,,
47236,,,43,205.8775,27.0827,,,,,,,,,,,
47293,,,57,276.1747,27.3455,,,,,,,,,,,
47333,,,40,203.3059,26.5425,,,,,,,,,,,
47391,,,58,299.1715,27.9662,,,,,,,,,,,
47471,,,80,401.8438,29.4798,,,,,,,,,,,
47500,,,,,,50,50,42,15.8189,18.8724,-881.9605,280.2711,18.8724,5301.8369,33972.0156,65.9279
47515,,,44,222.9676,29.1861,,,,,,,,,,,
47674,,,159,789.0224,27.7447,,,,,,,,,,,
47727,,,53,261.094,30.506,,,,,,,,,,,
47783,,,56,260.0481,32.0678,,,,,,,,,,,
47895,,,112,535.9233,30.9112,,,,,,,,,,,
47970,,,75,395.4495,27.5099,,,,,,,,,,,
48000,,,,,,50,50,41,16.9179,20.7065,-840.2045,225.9434,20.7065,4182.4561,25532.3457,42.4205
48032,,,62,338.7078,28.2938,,,,,,,,,,,
48076,,,44,210.3371,29.6954,,,,,,,,,,,
48117,,,41,207.4374,26.63,,,,,,,,,,,
48223,,,106,512.5707,27.9063,,,,,,,,,,,
48282,,,59,308.2942,29.3413,,,,,,,,,,,
48374,,,92,449.1455,27.0447,,,,,,,,,,,
48438,,,64,289.3599,27.1181,,,,,,,,,,,
48500,,,,,,50,50,41,15.1461,18.758,-852.201,263.9657,18.758,4111.5977,22955.5918,56.2531
48520,,,82,339.9122,33.2161,,,,,,,,,,,
48600,,,80,345.829,27.8692,,,,,,,,,,,
48651,,,51,246.4289,24.2799,,,,,,,,,,,
48677,,,26,125.2048,28.034,,,,,,,,,,,
48775,,,98,502.6392,28.562,,,,,,,,,,,
48859,,,84,406.8653,33.5363,,,,,,,,,,,
48929,,,70,324.6229,32.8691,,,,,,,,,,,
48980,,,51,249.7518,34.8609,,,,,,,,,,,
49000,,,,,,50,50,41,14.9438,19.6402,-869.9124,258.1353,19.6402,6098.1572,29983.1094,38.2327
49031,,,51,242.747,30.9795,,,,,,,,,,,
49060,,,29,142.6652,31.3644,,,,,,,,,,,
49118,,,58,293.9488,30.0037,,,,,,,,,,,
49144,,,26,127.2536,29.0603,,,,,,,,,,,
49173,,,29,142.7752,29.0716,,,,,,,,,,,
49268,,,95,484.6708,33.9346,,,,,,,,,,,
49288,,,20,96.3665,34.5619,,,,,,,,,,,
49328,,,40,190.2336,33.8107,,,,,,,,,,,
49375,,,47,224.8268,35.3453,,,,,,,,,,,
49435,,,60,305.1811,34.9284,,,,,,,,,,,
49455,,,20,96.5331,32.0529,,,,,,,,,,,
49496,,,41,188.8008,26.3942,,,,,,,,,,,
49500,,,,,,50,50,41,15.3728,20.4978,-856.8025,250.7744,20.4978,4748.7217,29546.957,43.0155
49531,,,35,172.6162,32.388,,,,,,,,,,,
49646,,,115,593.6137,27.3328,,,,,,,,,,,
49766,,,120,554.8588,28.8666,,,,,,,,,,,
49852,,,86,403.1916,27.1654,,,,,,,,,,,
49948,,,96,474.4214,26.7101,,,,,,,,,,,
50000,,,,,,50,50,39,19.9652,19.9824,-807.1254,258.7132,19.9824,4525.9565,30940.8301,65.7718
50000,352.0418,68.3,,,,,,,,,,,,,,
50026,,,78,401.675,20.3173,,,,,,,,,,,
50129,,,103,537.1628,28.7293,,,,,,,,,,,
50214,,,85,447.0811,33.3914,,,,,,,,,,,
50338,,,124,632.4275,26.6902,,,,,,,,,,,
50405,,,67,328.3106,26.5905,,,,,,,,,,,
50436,,,31,158.4453,27.5049,,,,,,,,,,,
50500,,,,,,50,50,41,15.7103,19.6831,-797.1155,280.2354,19.6831,3931.7603,25596.4844,40.627
50502,,,66,359.8377,27.3735,,,,,,,,,,,
50533,,,31,157.9793,28.266,,,,,,,,,,,
50553,,,20,97.3233,30.1768,,,,,,,,,,,
50616,,,63,293.1737,31.3445,,,,,,,,,,,
50636,,,20,95.0393,28.969,,,,,,,,,,,
50657,,,21,100.6511,27.6362,,,,,,,,,,,
50684,,,27,140.3202,29.7299,,,,,,,,,,,
50768,,,84,430.6877,27.3432,,,,,,,,,,,
50823,,,55,287.226,26.3701,,,,,,,,,,,
50856,,,33,163.9586,32.0726,,,,,,,,,,,
50892,,,36,178.4132,26.2617,,,,,,,,,,,
50941,,,49,262.8558,26.9482,,,,,,,,,,,
51000,,,,,,50,50,38,19.093,21.008,-844.0121,287.2341,21.008,5056.8643,32571.1777,42.4931
51026,,,85,436.8187,30.0843,,,,,,,,,,,
51056,,,30,156.6077,34.5663,,,,,,,,,,,
51104,,,48,252.071,33.8651,,,,,,,,,,,
51182,,,78,398.4971,28.0348,,,,,,,,,,,
51248,,,66,348.7826,30.6018,,,,,,,,,,,
51292,,,44,225.918,25.8763,,,,,,,,,,,
51363,,,71,374.1706,28.5613,,,,,,,,,,,
51389,,,26,126.6067,27.1611,,,,,,,,,,,
51488,,,99,507.0068,28.1471,,,,,,,,,,,
51500,,,,,,50,50,41,15.4861,20.5945,-828.6838,296.149,20.5945,3841.709,23829.8281,53.8839
51507,,,19,91.8718,29.7713,,,,,,,,,,,
51560,,,53,247.9223,31.0872,,,,,,,,,,,
51653,,,93,438.5754,28.2789,,,,,,,,,,,
51711,,,58,263.028,26.0721,,,,,,,,,,,
51743,,,32,155.0365,28.7141,,,,,,,,,,,
51784,,,41,189.1439,32.8896,,,,,,,,,,,
51868,,,84,382.3551,28.4495,,,,,,,,,,,
51988,,,120,640.6898,30.2959,,,,,,,,,,,
52000,,,,,,50,50,41,16.0143,19.1848,-828.2224,320.5931,19.1848,4913.8633,34202.125,51.009
52073,,,85,412.6687,27.4712,,,,,,,,,,,
52144,,,71,304.3254,26.3787,,,,,,,,,,,
52220,,,76,379.7287,30.1593,,,,,,,,,,,
52244,,,24,116.3948,25.1756,,,,,,,,,,,
52353,,,109,518.9934,29.6493,,,,,,,,,,,
52436,,,83,412.8086,34.2086,,,,,,,,,,,
52493,,,57,277.4596,33.0247,,,,,,,,,,,
52500,,,,,,50,50,42,14.3252,20.8956,-844.8636,269.6611,20.8956,3909.71,21350.8184,56.5739
52519,,,26,125.5433,30.4943,,,,,,,,,,,
52591,,,72,336.9978,27.4198,,,,,,,,,,,
52664,,,73,380.0849,26.1355,,,,,,,,,,,
52749,,,85,455.9633,29.026,,,,,,,,,,,
52810,,,61,275.2882,29.0322,,,,,,,,,,,
52895,,,85,443.0587,26.7,,,,,,,,,,,
52979,,,84,373.592,31.2903,,,,,,,,,,,
53000,,,,,,50,50,40,15.6696,19.4834,-797.6086,295.3929,19.4834,4298.3472,33701.6797,66.0462
53053,,,74,369.0039,29.589,,,,,,,,,,,
53123,,,70,360.1319,28.7867,,,,,,,,,,,
53207,,,84,445.7661,26.546,,,,,,,,,,,
53270,,,63,342.9918,30.6633,,,,,,,,,,,
53345,,,75,373.0785,33.069,,,,,,,,,,,
53414,,,69,379.7135,27.8367,,,,,,,,,,,
53447,,,33,165.8781,28.3059,,,,,,,,,,,
53500,,,,,,50,50,41,15.654,20.9678,-780.5471,278.1693,20.9678,4499.9771,33162.1484,46.9608
53528,,,81,429.3523,27.9359,,,,,,,,,,,
53626,,,98,458.1254,26.8214,,,,,,,,,,,
53684,,,58,303.7815,27.2697,,,,,,,,,,,
53739,,,55,294.1936,27.2716,,,,,,,,,,,
53834,,,95,489.6892,28.1003,,,,,,,,,,,
53924,,,90,428.5418,27.6799,,,,,,,,,,,
53981,,,57,299.3383,26.2229,,,,,,,,,,,
54000,,,,,,50,50,42,15.9733,20.3765,-790.0037,340.6539,20.3765,5119.8711,27547.7227,58.5987
54041,,,60,314.6146,27.7462,,,,,,,,,,,
54169,,,128,662.8533,32.5006,,,,,,,,,,,
54255,,,86,454.9897,26.7202,,,,,,,,,,,
54277,,,22,106.8903,25.6669,,,,,,,,,,,
54340,,,63,298.0538,26.4398,,,,,,,,,,,
54469,,,129,602.5297,27.7479,,,,,,,,,,,
54493,,,24,116.9066,27.4811,,,,,,,,,,,
54500,,,,,,50,50,43,14.601,20.5298,-840.0051,364.9751,20.5298,3961.3491,24112.2012,47.1797
54574,,,81,413.6602,28.9794,,,,,,,,,,,
54655,,,81,423.2852,28.751,,,,,,,,,,,
54724,,,69,351.9294,28.8046,,,,,,,,,,,
54853,,,129,647.7908,26.8287,,,,,,,,,,,
54934,,,81,418.4015,29.9804,,,,,,,,,,,
54958,,,24,118.7624,29.0013,,,,,,,,,,,
55000,,,,,,50,50,41,15.396,21.0291,-781.1785,312.3828,21.0291,3842.1067,29049.1445,54.2758
55000,381.4934,75.2,,,,,,,,,,,,,,
55080,,,122,612.4892,21.8113,,,,,,,,,,,
55131,,,51,235.5541,27.5251,,,,,,,,,,,
55240,,,109,574.8789,25.5843,,,,,,,,,,,
55312,,,72,341.6114,26.5882,,,,,,,,,,,
55414,,,102,481.1414,26.4302,,,,,,,,,,,
55470,,,56,293.6556,26.1373,,,,,,,,,,,
55500,,,,,,50,50,40,16.8921,21.4283,-795.22,337.7326,21.4283,4386.4028,35050.9883,62.4572
55556,,,86,437.2795,32.9348,,,,,,,,,,,
55638,,,82,392.7983,27.3328,,,,,,,,,,,
55742,,,104,484.3785,27.1366,,,,,,,,,,,
55880,,,138,701.3139,28.7601,,,,,,,,,,,
55933,,,53,261.9958,27.7863,,,,,,,,,,,
56000,,,,,,50,50,42,14.2139,21.217,-740.119,348.4116,21.217,3693.1821,44835.4258,60.2673
56022,,,89,441.4352,28.5617,,,,,,,,,,,
56124,,,102,565.4953,28.1466,,,,,,,,,,,
56252,,,128,551.3886,31.3041,,,,,,,,,,,
56272,,,20,96.2488,31.7125,,,,,,,,,,,
56386,,,114,512.8239,32.1285,,,,,,,,,,,
56441,,,55,279.333,32.1479,,,,,,,,,,,
56500,,,,,,50,50,40,15.5126,20.4175,-822.7769,407.9231,20.4175,3557.1567,31486.041,54.681
56522,,,81,385.2865,35.8396,,,,,,,,,,,
56623,,,101,538.1497,31.166,,,,,,,,,,,
56689,,,66,334.454,28.4573,,,,,,,,,,,
56772,,,83,421.9119,27.7358,,,,,,,,,,,
56840,,,68,322.1774,28.3387,,,,,,,,,,,
56917,,,77,388.1652,26.557,,,,,,,,,,,
56946,,,29,143.6587,24.7853,,,,,,,,,,,
57000,,,,,,50,50,41,17.7708,21.7129,-741.068,270.6839,21.7129,3844.8042,28286.1582,55.7942
57005,,,59,270.9406,27.5254,,,,,,,,,,,
57087,,,82,371.7913,27.1796,,,,,,,,,,,
57109,,,22,108.562,25.9647,,,,,,,,,,,
57189,,,80,419.8876,26.5131,,,,,,,,,,,
57215,,,26,125.3718,28.1728,,,,,,,,,,,
57259,,,44,202.9427,25.699,,,,,,,,,,,
57337,,,78,363.8078,26.8591,,,,,,,,,,,
57412,,,75,375.1106,31.5487,,,,,,,,,,,
57500,,,,,,50,50,39,15.8504,22.3018,-733.2703,355.5345,22.3018,3291.2791,26863.7207,43.6532
57523,,,111,548.1288,27.3365,,,,,,,,,,,
57543,,,20,97.4074,31.4751,,,,,,,,,,,
57602,,,59,309.7072,29.0218,,,,,,,,,,,
57671,,,69,360.8839,27.7313,,,,,,,,,,,
57744,,,73,389.9435,30.3099,,,,,,,,,,,
57829,,,85,440.9351,25.5884,,,,,,,,,,,
57909,,,80,405.2431,32.2768,,,,,,,,,,,
57953,,,44,227.4649,26.8381,,,,,,,,,,,
58000,,,,,,50,50,41,15.7475,21.7311,-796.3184,291.3679,21.7311,3148.1714,25666.5605,45.9331
58021,,,68,345.4149,27.7998,,,,,,,,,,,
58044,,,23,113.4537,29.5578,,,,,,,,,,,
58170,,,126,585.7267,21.5904,,,,,,,,,,,
58268,,,98,446.5618,22.4574,,,,,,,,,,,
58376,,,108,519.3032,21.982,,,,,,,,,,,
58437,,,61,293.8931,20.9836,,,,,,,,,,,
58500,,,,,,50,50,39,18.4739,23.4166,-787.304,318.8589,23.4166,2836.4482,25987.1445,71.3157
58519,,,82,440.3572,20.3666,,,,,,,,,,,
58621,,,102,551.3497,21.0802,,,,,,,,,,,
58699,,,78,390.0482,20.965,,,,,,,,,,,
58724,,,25,123.799,22.9266,,,,,,,,,,,
58781,,,57,290.3697,21.2265,,,,,,,,,,,
58851,,,70,343.2481,21.1793,,,,,,,,,,,
58933,,,82,404.3412,20.4558,,,,,,,,,,,
59000,,,,,,50,50,42,15.5348,21.9832,-832.2319,288.6516,21.9832,3419.0774,34451.3125,80.6525
59016,,,83,371.7728,20.9737,,,,,,,,,,,
59118,,,102,487.0843,23.8642,,,,,,,,,,,
59173,,,55,292.2127,28.4994,,,,,,,,,,,
59230,,,57,267.7407,29.2021,,,,,,,,,,,
59310,,,80,389.6966,29.3841,,,,,,,,,,,
59410,,,100,440.5814,27.8553,,,,,,,,,,,
59471,,,61,316.6581,33.6806,,,,,,,,,,,
59500,,,,,,50,50,42,15.4522,23.6614,-716.8342,288.546,23.6614,2972.2605,31074.5645,56.1779
59523,,,52,238.3753,29.2029,,,,,,,,,,,
59608,,,85,370.8356,26.9951,,,,,,,,,,,
59701,,,93,439.7191,28.7477,,,,,,,,,,,
59782,,,81,416.2664,26.8991,,,,,,,,,,,
59803,,,21,100.6135,33.6436,,,,,,,,,,,
59885,,,82,418.4851,27.0882,,,,,,,,,,,
59946,,,61,306.6756,27.6022,,,,,,,,,,,
60000,,,,,,50,50,43,14.1564,22.0393,-769.3177,342.7888,22.0393,2758.8696,27079.8789,93.2784
60000,323.444,69.2,,,,,,,,,,,,,,
60029,,,83,394.9559,21.6173,,,,,,,,,,,
60085,,,56,261.7002,29.4122,,,,,,,,,,,
60148,,,63,274.6296,29.7275,,,,,,,,,,,
60252,,,104,557.1074,29.744,,,,,,,,,,,
60310,,,58,258.1464,25.9622,,,,,,,,,,,
60406,,,96,460.7802,26.3707,,,,,,,,,,,
60487,,,81,387.067,31.0022,,,,,,,,,,,
60500,,,,,,50,50,41,15.8876,21.2366,-838.9034,287.6019,21.2366,2983.8252,28994.4453,62.7661
60585,,,98,456.1668,28.7304,,,,,,,,,,,
60653,,,68,326.5551,26.0033,,,,,,,,,,,
60771,,,118,571.1683,27.1175,,,,,,,,,,,
60825,,,54,275.4307,25.9403,,,,,,,,,,,
60893,,,68,341.3551,25.4496,,,,,,,,,,,
61000,,,,,,50,50,41,14.3225,23.5934,-779.7222,346.4301,23.5934,2341.7456,22721.1582,62.6772
61002,,,109,543.7584,27.6126,,,,,,,,,,,
61065,,,63,333.4635,29.4222,,,,,,,,,,,
61099,,,34,171.4551,27.379,,,,,,,,,,,
61162,,,63,283.0712,27.121,,,,,,,,,,,
61232,,,70,367.2996,26.7098,,,,,,,,,,,
61306,,,74,385.8851,34.5428,,,,,,,,,,,
61401,,,95,458.194,28.4945,,,,,,,,,,,
61465,,,64,309.7275,27.9431,,,,,,,,,,,
61500,,,,,,50,50,40,15.9891,23.2374,-743.6119,282.3162,23.2374,2672.5752,30343.6602,70.2186
61539,,,74,331.9924,28.3265,,,,,,,,,,,
61615,,,76,402.4695,28.7721,,,,,,,,,,,
61721,,,106,495.0902,27.8328,,,,,,,,,,,
61781,,,60,307.0627,28.0269,,,,,,,,,,,
61843,,,62,313.2715,30.7404,,,,,,,,,,,
61957,,,114,566.485,26.9745,,,,,,,,,,,
62000,,,,,,50,50,40,17.1097,26.2171,-711.4734,347.5924,26.2171,3769.5913,43370.3242,65.7579
62059,,,102,441.3352,30.5803,,,,,,,,,,,
62217,,,158,705.8101,31.9291,,,,,,,,,,,
62331,,,114,609.1517,27.4814,,,,,,,,,,,
62469,,,138,666.1416,27.9087,,,,,,,,,,,
62500,,,,,,50,50,40,15.5543,22.6441,-816.7158,296.658,22.6441,2742.5742,27684.4453,59.8142
62508,,,39,184.6819,27.4521,,,,,,,,,,,
62627,,,119,583.4693,27.9831,,,,,,,,,,,
62663,,,36,159.5461,34.2543,,,,,,,,,,,
62722,,,59,291.2861,27.8082,,,,,,,,,,,
62794,,,72,375.1988,26.7704,,,,,,,,,,,
62918,,,124,551.9059,28.1009,,,,,,,,,,,
63000,,,,,,50,50,43,13.7273,23.3215,-754.8084,328.494,23.3215,2856.1245,33890.6719,67.3277
63027,,,109,532.1121,27.8827,,,,,,,,,,,
63057,,,30,141.1429,25.2248,,,,,,,,,,,
63185,,,128,627.1202,30.362,,,,,,,,,,,
63268,,,83,410.6893,27.3448,,,,,,,,,,,
63381,,,113,519.2843,29.3814,,,,,,,,,,,
63473,,,92,445.1804,25.5367,,,,,,,,,,,
63500,,,,,,50,50,45,13.3135,22.8451,-794.3573,326.8806,22.8451,2398.502,25142.6602,74.2413
63612,,,139,669.0833,26.0619,,,,,,,,,,,
63686,,,74,345.3209,29.0445,,,,,,,,,,,
63766,,,80,352.9759,28.2601,,,,,,,,,,,
63873,,,107,491.618,27.3021,,,,,,,,,,,
63951,,,78,389.7168,27.2846,,,,,,,,,,,
64000,,,,,,50,50,41,15.0691,24.1039,-799.0116,342.5343,24.1039,2669.0134,36850.0625,108.7265
64083,,,132,618.2317,28.7365,,,,,,,,,,,
64138,,,55,270.3421,28.7632,,,,,,,,,,,
64217,,,79,435.8049,30.4912,,,,,,,,,,,
64277,,,60,298.8772,29.7505,,,,,,,,,,,
64325,,,48,243.8025,31.4249,,,,,,,,,,,
64407,,,82,397.9716,28.895,,,,,,,,,,,
64472,,,65,303.0233,32.2181,,,,,,,,,,,
64500,,,,,,50,50,43,13.8724,23.1061,-765.9894,326.5103,23.1061,2675.6421,25609.2266,71.8979
64545,,,73,353.8245,28.0717,,,,,,,,,,,
64623,,,78,360.2361,27.88,,,,,,,,,,,
64713,,,90,432.4153,28.0816,,,,,,,,,,,
64788,,,75,348.3101,26.6762,,,,,,,,,,,
64857,,,69,289.8232,33.0059,,,,,,,,,,,
64896,,,39,177.3805,26.4388,,,,,,,,,,,
64938,,,42,207.6661,27.2929,,,,,,,,,,,
65000,,,,,,50,50,41,16.1865,24.9317,-678.9206,326.0064,24.9317,2824.7129,34697.0312,63.2006
65000,412.3335,83.2,,,,,,,,,,,,,,
65005,,,67,335.9726,19.5927,,,,,,,,,,,
65051,,,46,211.202,29.7363,,,,,,,,,,,
65116,,,65,310.4683,27.0242,,,,,,,,,,,
65178,,,62,318.2433,27.7622,,,,,,,,,,,
65280,,,102,512.9089,32.8508,,,,,,,,,,,
65355,,,75,361.1447,31.8343,,,,,,,,,,,
65440,,,85,418.6846,29.3868,,,,,,,,,,,
65500,,,,,,50,50,43,14.7817,24.1519,-757.9537,339.0107,24.1519,2792.0835,34209.8477,63.2156
65510,,,70,367.4651,28.2286,,,,,,,,,,,
65591,,,81,372.9492,26.8345,,,,,,,,,,,
65697,,,106,502.3548,28.5594,,,,,,,,,,,
65757,,,60,309.8995,28.2451,,,,,,,,,,,
65852,,,95,480.4046,27.6017,,,,,,,,,,,
65957,,,105,560.3985,28.087,,,,,,,,,,,
66000,,,,,,50,50,40,16.9904,23.6668,-758.759,330.4544,23.6668,2935.0723,35073.75,83.1821
66010,,,53,253.0201,27.5816,,,,,,,,,,,
66107,,,97,449.5625,27.3844,,,,,,,,,,,
66172,,,65,332.0243,25.711,,,,,,,,,,,
66251,,,79,391.6808,28.6971,,,,,,,,,,,
66274,,,23,113.1599,30.0966,,,,,,,,,,,
66298,,,24,116.855,33.7472,,,,,,,,,,,
66322,,,24,116.7595,29.4237,,,,,,,,,,,
66409,,,87,425.4178,26.4537,,,,,,,,,,,
66439,,,30,149.0371,28.1131,,,,,,,,,,,
66500,,,,,,50,50,42,14.3904,22.1073,-780.7608,330.3288,22.1073,3054.7803,33141.582,70.6146
66508,,,69,323.7376,27.4852,,,,,,,,,,,
66600,,,92,468.753,27.8266,,,,,,,,,,,
66683,,,83,455.1863,27.436,,,,,,,,,,,
66774,,,91,453.7977,28.8731,,,,,,,,,,,
66804,,,30,147.1782,35.6166,,,,,,,,,,,
66882,,,78,407.1214,30.6826,,,,,,,,,,,
66992,,,110,565.4293,28.4824,,,,,,,,,,,
67000,,,,,,50,50,41,14.8261,23.681,-699.5651,356.3513,23.681,3002.6267,32857.8008,64.5024
67052,,,60,323.3743,26.8313,,,,,,,,,,,
67106,,,54,274.8821,27.5468,,,,,,,,,,,
67156,,,50,252.7279,27.0749,,,,,,,,,,,
67181,,,25,121.7344,28.1769,,,,,,,,,,,
67272,,,91,475.8089,28.9818,,,,,,,,,,,
67301,,,29,143.2696,28.344,,,,,,,,,,,
67354,,,53,278.1201,25.5083,,,,,,,,,,,
67435,,,81,421.9771,29.5271,,,,,,,,,,,
67500,,,,,,50,50,40,15.2303,24.3907,-744.0287,337.8027,24.3907,2660.3721,27490.9648,60.6543
67529,,,94,516.7902,28.1189,,,,,,,,,,,
67584,,,55,287.65,26.5626,,,,,,,,,,,
67607,,,23,112.0297,28.7817,,,,,,,,,,,
67788,,,181,806.6512,29.9736,,,,,,,,,,,
67859,,,71,382.2589,29.675,,,,,,,,,,,
67952,,,93,499.8159,28.1336,,,,,,,,,,,
68000,,,,,,50,50,40,14.524,25.4192,-715.4432,336.5396,25.4192,2992.2231,29848.6816,78.9727
68021,,,69,375.942,28.9047,,,,,,,,,,,
68085,,,64,313.0258,29.5463,,,,,,,,,,,
68153,,,68,372.0087,26.3384,,,,,,,,,,,
68219,,,66,362.6112,31.2958,,,,,,,,,,,
68364,,,145,707.2275,30.1069,,,,,,,,,,,
68433,,,69,354.4364,27.8758,,,,,,,,,,,
68495,,,62,330.3381,27.3199,,,,,,,,,,,
68500,,,,,,50,50,42,14.9548,26.1017,-720.7051,361.7981,26.1017,3134.0591,39764.4805,61.1488
68625,,,130,604.4851,25.9337,,,,,,,,,,,
68692,,,67,359.7779,24.6492,,,,,,,,,,,
68744,,,52,285.7261,25.1375,,,,,,,,,,,
68820,,,76,391.8743,25.6345,,,,,,,,,,,
68903,,,83,451.5997,24.3938,,,,,,,,,,,
68959,,,56,310.7737,24.6763,,,,,,,,,,,
68997,,,38,195.8717,26.4655,,,,,,,,,,,
69000,,,,,,50,50,40,15.7494,25.6881,-729.6029,348.4525,25.6881,2860.9854,44986.6367,93.2752
69065,,,68,354.9486,24.7217,,,,,,,,,,,
69138,,,73,389.8596,24.3268,,,,,,,,,,,
69196,,,58,298.4484,26.3378,,,,,,,,,,,
69262,,,66,312.5733,25.6148,,,,,,,,,,,
69364,,,102,500.2565,25.2101,,,,,,,,,,,
69469,,,105,556.0822,24.2746,,,,,,,,,,,
69500,,,,,,50,50,42,13.8314,26.1074,-742.0658,356.1442,26.1074,3582.4155,55004.2344,71.3685
69563,,,94,479.7364,24.6593,,,,,,,,,,,
69638,,,75,405.0394,28.3745,,,,,,,,,,,
69737,,,99,510.237,25.0664,,,,,,,,,,,
69836,,,99,478.3892,26.7751,,,,,,,,,,,
69946,,,110,563.8367,23.6378,,,,,,,,,,,
70000,,,,,,50,50,43,14.2616,25.3639,-776.2983,372.0833,25.3639,2963.8022,44771.6953,58.6684
70000,394.2191,81.0,,,,,,,,,,,,,,
70005,,,59,305.988,17.962,,,,,,,,,,,
70091,,,86,450.2302,23.7967,,,,,,,,,,,
70178,,,87,478.4343,23.687,,,,,,,,,,,
70241,,,63,329.4296,24.0342,,,,,,,,,,,
70299,,,58,294.8824,24.5646,,,,,,,,,,,
70382,,,83,431.9248,28.803,,,,,,,,,,,
70483,,,101,491.6736,23.1752,,,,,,,,,,,
70500,,,,,,50,50,45,12.3306,26.5076,-758.5526,333.1203,26.5076,3376.3508,41656.6367,64.9499
70542,,,59,302.198,29.648,,,,,,,,,,,
70642,,,100,518.3013,24.2808,,,,,,,,,,,
70712,,,70,346.8446,23.5239,,,,,,,,,,,
70781,,,69,313.0571,24.7482,,,,,,,,,,,
70872,,,91,422.722,24.6674,,,,,,,,,,,
70928,,,56,270.3783,23.5052,,,,,,,,,,,
70993,,,65,323.3452,25.1009,,,,,,,,,,,
71000,,,,,,50,50,42,15.8692,25.0719,-768.2161,383.1142,25.0719,3130.3848,43143.7695,59.7637
71087,,,94,444.6717,26.6907,,,,,,,,,,,
71148,,,61,287.2762,26.6574,,,,,,,,,,,
71196,,,48,223.9585,24.9324,,,,,,,,,,,
71257,,,61,322.2462,23.2481,,,,,,,,,,,
71327,,,70,320.4994,22.68,,,,,,,,,,,
71439,,,112,517.9263,24.6205,,,,,,,,,,,
71484,,,45,222.3788,27.3346,,,,,,,,,,,
71500,,,,,,50,50,41,15.7534,25.9858,-730.7354,389.4701,25.9858,2401.9282,33945.4883,78.7026
71588,,,104,541.2654,26.0606,,,,,,,,,,,
71640,,,52,262.0165,24.8632,,,,,,,,,,,
71731,,,91,422.3712,25.6406,,,,,,,,,,,
71777,,,46,229.0982,23.2274,,,,,,,,,,,
71838,,,61,287.7598,24.4678,,,,,,,,,,,
71954,,,116,532.2942,24.1112,,,,,,,,,,,
72000,,,,,,50,50,40,16.7142,24.6697,-772.8608,367.7107,24.6697,2684.2651,35345.9766,75.1625
72019,,,65,308.385,26.3346,,,,,,,,,,,
72132,,,113,573.1543,25.3371,,,,,,,,,,,
72201,,,69,316.5849,25.7639,,,,,,,,,,,
72271,,,70,310.7733,22.7788,,,,,,,,,,,
72404,,,133,605.2479,23.8711,,,,,,,,,,,
72452,,,48,222.4942,28.1833,,,,,,,,,,,
72500,,,,,,50,50,41,17.371,26.0666,-719.9929,376.7412,26.0666,2507.7861,33220.9805,73.4817
72558,,,106,486.5726,26.0963,,,,,,,,,,,
72654,,,96,445.3717,25.2089,,,,,,,,,,,
72793,,,139,644.1905,24.8387,,,,,,,,,,,
72916,,,123,616.3344,26.7209,,,,,,,,,,,
72954,,,38,186.0625,26.1313,,,,,,,,,,,
73000,,,,,,50,50,38,19.2679,27.1001,-738.7791,432.8896,27.1001,2636.1912,48352.4141,88.2999
73002,,,48,223.6785,26.1724,,,,,,,,,,,
73104,,,102,528.097,23.9356,,,,,,,,,,,
73174,,,70,341.9631,25.0797,,,,,,,,,,,
73314,,,140,665.0392,25.538,,,,,,,,,,,
73387,,,73,346.049,23.6743,,,,,,,,,,,
73497,,,110,510.6109,24.7356,,,,,,,,,,,
73500,,,,,,50,50,41,15.6193,25.9857,-791.549,385.2703,25.9857,2636.0349,34778.3477,79.2855
73574,,,77,366.6262,23.9629,,,,,,,,,,,
73615,,,41,196.4499,26.3792,,,,,,,,,,,
73709,,,94,410.9422,24.6191,,,,,,,,,,,
73822,,,113,515.6628,23.1064,,,,,,,,,,,
73889,,,67,337.5142,23.7935,,,,,,,,,,,
73959,,,70,341.8733,26.5854,,,,,,,,,,,
74000,,,,,,50,50,42,13.9801,27.7772,-724.5352,360.9946,27.7772,2759.7866,37611.3438,85.8892
74012,,,53,250.5285,23.6123,,,,,,,,,,,
74121,,,109,555.066,25.7017,,,,,,,,,,,
74175,,,54,250.4986,24.8994,,,,,,,,,,,
74254,,,79,415.1214,25.4184,,,,,,,,,,,
74370,,,116,523.1412,28.293,,,,,,,,,,,
74468,,,98,481.8854,23.862,,,,,,,,,,,
74500,,,,,,50,50,41,14.9316,28.4601,-722.4669,460.8898,28.4601,2404.3999,33090.1914,70.7743
74566,,,98,504.7215,24.1706,,,,,,,,,,,
74619,,,53,246.5283,24.7275,,,,,,,,,,,
74690,,,71,368.3155,25.4632,,,,,,,,,,,
74735,,,45,201.2285,26.3492,,,,,,,,,,,
74802,,,67,314.3141,25.5782,,,,,,,,,,,
74880,,,78,379.4843,24.6787,,,,,,,,,,,
74990,,,110,567.3434,24.3995,,,,,,,,,,,
75000,,,,,,50,50,43,14.6703,28.7899,-710.3694,398.864,28.7899,2403.8955,28148.3398,89.3708
75000,375.5093,79.3,,,,,,,,,,,,,,
75077,,,87,394.1337,18.5629,,,,,,,,,,,
75145,,,68,325.287,24.48,,,,,,,,,,,
75280,,,135,578.5229,26.1702,,,,,,,,,,,
75355,,,75,346.0938,24.4058,,,,,,,,,,,
75395,,,40,174.8855,24.9139,,,,,,,,,,,
75462,,,67,322.2599,25.0025,,,,,,,,,,,
75500,,,,,,50,50,41,14.5748,28.6933,-738.7235,405.8095,28.6933,2210.7427,26502.8926,87.1287
75510,,,48,208.1927,26.4467,,,,,,,,,,,
75570,,,60,274.4389,24.2521,,,,,,,,,,,
75630,,,60,262.3703,24.45,,,,,,,,,,,
75734,,,104,482.7738,24.2554,,,,,,,,,,,
75794,,,60,271.7722,26.2064,,,,,,,,,,,
75837,,,43,185.9126,26.6858,,,,,,,,,,,
75902,,,65,288.8336,24.1887,,,,,,,,,,,
75944,,,42,187.7996,28.6634,,,,,,,,,,,
76000,,,,,,50,50,42,16.6855,27.6721,-707.7083,449.3319,27.6721,2577.6438,32287.6836,82.3255
76036,,,92,399.8309,24.3358,,,,,,,,,,,
76091,,,55,255.9998,23.6846,,,,,,,,,,,
76153,,,62,270.0347,22.6966,,,,,,,,,,,
76220,,,67,279.9315,24.1873,,,,,,,,,,,
76316,,,96,459.3918,23.7978,,,,,,,,,,,
76387,,,71,349.9564,22.6782,,,,,,,,,,,
76497,,,110,520.6859,24.5057,,,,,,,,,,,
76500,,,,,,50,50,41,15.5832,26.7472,-763.1144,398.7267,26.7472,2959.8496,45035.6055,81.7579
76584,,,87,436.0747,24.3103,,,,,,,,,,,
76710,,,126,611.3767,25.0201,,,,,,,,,,,
76762,,,52,233.4742,25.3486,,,,,,,,,,,
76847,,,85,386.9971,24.0551,,,,,,,,,,,
76949,,,102,488.3169,24.2142,,,,,,,,,,,
77000,,,,,,50,50,42,15.4826,27.9978,-769.3419,482.2755,27.9978,2638.8291,34174.3516,77.6871
77034,,,85,426.3707,23.9545,,,,,,,,,,,
77120,,,86,399.1195,24.7351,,,,,,,,,,,
77200,,,80,409.2423,24.2525,,,,,,,,,,,
77303,,,103,485.3163,26.5992,,,,,,,,,,,
77376,,,73,352.7223,23.0788,,,,,,,,,,,
77444,,,68,342.4794,26.1805,,,,,,,,,,,
77500,,,,,,50,50,41,14.955,27.8046,-749.3897,380.4644,27.8046,2998.8315,32303.4375,68.8492
77546,,,102,495.2872,24.6481,,,,,,,,,,,
77607,,,61,299.574,26.0222,,,,,,,,,,,
77705,,,98,484.9105,23.7948,,,,,,,,,,,
77725,,,20,96.6552,23.7593,,,,,,,,,,,
77844,,,119,587.5235,25.438,,,,,,,,,,,
77901,,,57,252.5379,24.675,,,,,,,,,,,
77970,,,69,345.8376,23.3494,,,,,,,,,,,
78000,,,,,,50,50,42,14.756,28.278,-760.0181,434.114,28.278,3385.7961,56251.8828,97.7973
78058,,,88,438.0754,24.0572,,,,,,,,,,,
78124,,,66,310.6961,24.0749,,,,,,,,,,,
78209,,,85,391.8898,24.8473,,,,,,,,,,,
78291,,,82,368.8601,27.3601,,,,,,,,,,,
78374,,,83,401.5941,24.1592,,,,,,,,,,,
78419,,,45,203.7311,23.0489,,,,,,,,,,,
78482,,,63,280.3632,25.9989,,,,,,,,,,,
78500,,,,,,50,50,42,14.9274,30.831,-695.9018,483.6855,30.831,2495.105,31708.2598,89.8645
78541,,,59,273.3393,24.0918,,,,,,,,,,,
78619,,,78,361.0488,23.8405,,,,,,,,,,,
78779,,,160,764.5336,24.4455,,,,,,,,,,,
78847,,,68,308.3292,23.6722,,,,,,,,,,,
78943,,,96,446.8306,22.5846,,,,,,,,,,,
79000,,,,,,50,50,41,16.6466,29.3823,-711.9128,481.4222,29.3823,2999.6416,42400.4961,77.6766
79055,,,112,503.9844,24.8907,,,,,,,,,,,
79127,,,72,332.4551,25.3844,,,,,,,,,,,
79224,,,97,442.8371,23.4395,,,,,,,,,,,
79332,,,108,495.2048,23.6769,,,,,,,,,,,
79437,,,105,498.3203,24.0258,,,,,,,,,,,
79500,,,,,,50,50,41,14.8668,29.2415,-751.6949,464.5726,29.2415,3159.2014,45446.3828,85.6703
79511,,,74,317.8571,24.4792,,,,,,,,,,,
79631,,,120,579.3755,26.6255,,,,,,,,,,,
79696,,,65,305.8432,28.0485,,,,,,,,,,,
79772,,,76,343.3853,27.7712,,,,,,,,,,,
79865,,,93,430.5025,25.327,,,,,,,,,,,
79970,,,105,493.1757,27.7779,,,,,,,,,,,
80000,,,,,,50,50,42,14.2953,31.6855,-743.7798,406.9077,31.6855,2834.4199,35566.6055,102.8247
80000,390.7136,81.9,,,,,,,,,,,,,,
80042,,,72,362.1892,17.06,,,,,,,,,,,
80156,,,114,578.2103,23.7118,,,,,,,,,,,
80271,,,115,629.4963,24.5897,,,,,,,,,,,
80330,,,59,289.2154,25.0675,,,,,,,,,,,
80407,,,77,348.0131,23.7187,,,,,,,,,,,
80500,,,,,,50,50,41,16.583,30.0675,-694.2487,441.6715,30.0675,2954.001,42067.7695,94.5036
80525,,,118,543.4515,24.6878,,,,,,,,,,,
80612,,,87,387.3888,24.3835,,,,,,,,,,,
80703,,,91,420.5631,23.5249,,,,,,,,,,,
80816,,,113,578.0295,24.0781,,,,,,,,,,,
80913,,,97,483.8246,24.443,,,,,,,,,,,
81000,,,,,,50,50,40,17.2453,29.0599,-778.3118,491.3075,29.0599,3365.5293,57029.4844,103.7784
81025,,,112,554.4029,23.8088,,,,,,,,,,,
81185,,,160,774.4501,24.9003,,,,,,,,,,,
81239,,,54,268.8843,24.1578,,,,,,,,,,,
81271,,,32,154.1091,26.655,,,,,,,,,,,
81410,,,139,677.5056,27.0044,,,,,,,,,,,
81471,,,61,285.7389,26.8748,,,,,,,,,,,
81500,,,,,,50,50,39,16.7143,28.1773,-807.2244,472.437,28.1773,3054.5696,41414.0234,90.0607
81565,,,94,500.6304,24.6205,,,,,,,,,,,
81673,,,108,533.9927,23.2863,,,,,,,,,,,
81768,,,95,462.3269,24.0665,,,,,,,,,,,
81855,,,87,456.8442,23.2496,,,,,,,,,,,
81933,,,78,387.7689,23.8333,,,,,,,,,,,
82000,,,,,,50,50,42,15.9239,27.8204,-757.8911,450.9938,27.8204,2544.5037,36720.7734,81.3078
82004,,,71,343.2744,27.0206,,,,,,,,,,,
82107,,,103,529.0789,25.7477,,,,,,,,,,,
82168,,,61,314.5087,23.4203,,,,,,,,,,,
82297,,,129,661.1411,25.2968,,,,,,,,,,,
82386,,,89,444.9281,23.4463,,,,,,,,,,,
82500,,,,,,50,50,41,16.3732,28.4761,-741.3426,489.7118,28.4761,3608.8054,61748.4102,87.3183
82517,,,131,614.0987,24.4278,,,,,,,,,,,
82583,,,66,340.557,24.2923,,,,,,,,,,,
82676,,,93,458.7891,25.5999,,,,,,,,,,,
82739,,,63,321.2347,27.8245,,,,,,,,,,,
82814,,,75,373.8139,24.9596,,,,,,,,,,,
82954,,,140,666.9469,23.297,,,,,,,,,,,
83000,,,,,,50,50,43,14.4881,31.5324,-742.7738,470.8988,31.5324,3657.5774,57417.1758,82.8327
83030,,,76,376.2973,24.4183,,,,,,,,,,,
83174,,,144,676.8379,23.8678,,,,,,,,,,,
83350,,,176,879.3715,25.0773,,,,,,,,,,,
83420,,,70,349.2993,24.9132,,,,,,,,,,,
83482,,,62,314.023,26.2855,,,,,,,,,,,
83500,,,,,,50,50,42,16.4409,30.4001,-755.6594,506.3022,30.4001,3035.1313,46654.8906,84.2942
83540,,,58,284.0082,22.4279,,,,,,,,,,,
83588,,,48,234.476,24.0391,,,,,,,,,,,
83640,,,52,262.9319,25.9479,,,,,,,,,,,
83755,,,115,568.675,23.325,,,,,,,,,,,
83845,,,90,445.9501,25.5511,,,,,,,,,,,
83943,,,98,497.1305,24.7363,,,,,,,,,,,
84000,,,,,,50,50,40,15.2747,30.1163,-769.7859,482.4669,30.1163,3311.0559,48278.1289,89.1904
84013,,,70,332.3244,27.3671,,,,,,,,,,,
84056,,,43,214.506,27.038,,,,,,,,,,,
84102,,,46,223.7357,24.0715,,,,,,,,,,,
84175,,,73,348.5229,25.0662,,,,,,,,,,,
84229,,,54,271.456,25.5035,,,,,,,,,,,
84295,,,66,307.8028,23.9198,,,,,,,,,,,
84359,,,64,296.098,22.4202,,,,,,,,,,,
84460,,,101,513.4497,24.1205,,,,,,,,,,,
84500,,,,,,50,50,40,15.6041,31.8562,-711.162,499.5936,31.8562,2724.8564,43842.6641,92.861
84578,,,118,546.5531,24.6342,,,,,,,,,,,
84674,,,96,495.8028,27.0836,,,,,,,,,,,
84763,,,89,407.8973,23.6714,,,,,,,,,,,
84795,,,32,159.0217,24.4953,,,,,,,,,,,
84882,,,87,407.314,24.6937,,,,,,,,,,,
84981,,,99,467.4084,24.9823,,,,,,,,,,,
85000,,,,,,50,50,42,15.3661,32.2995,-753.177,487.463,32.2995,2557.1233,40389.6797,84.4594
85000,447.9172,93.2,,,,,,,,,,,,,,
85036,,,55,270.1387,15.2891,,,,,,,,,,,
85101,,,65,331.0333,25.5917,,,,,,,,,,,
85176,,,75,379.8252,24.3708,,,,,,,,,,,
85216,,,40,195.51,23.7973,,,,,,,,,,,
85338,,,122,612.5823,23.6554,,,,,,,,,,,
85481,,,143,702.7498,24.7159,,,,,,,,,,,
85500,,,,,,50,50,41,14.9619,32.4099,-754.9138,517.2418,32.4099,3064.5918,44621.0469,75.4628
85575,,,94,457.3197,24.4999,,,,,,,,,,,
85673,,,98,464.1844,24.132,,,,,,,,,,,
85787,,,114,602.396,24.4047,,,,,,,,,,,
85892,,,105,523.9307,24.0202,,,,,,,,,,,
85972,,,80,379.2869,26.8833,,,,,,,,,,,
86000,,,,,,50,50,42,15.0393,30.3669,-769.9695,400.0961,30.3669,2718.1318,49243.2188,118.5336
86089,,,117,564.8405,26.8487,,,,,,,,,,,
86183,,,94,437.9208,24.1578,,,,,,,,,,,
86246,,,63,318.0012,25.4137,,,,,,,,,,,
86313,,,67,310.94,24.0261,,,,,,,,,,,
86432,,,119,582.0469,24.8569,,,,,,,,,,,
86500,,,,,,50,50,40,15.6611,30.8092,-690.1923,522.2424,30.8092,3071.5737,43975.668,94.4152
86510,,,78,359.9295,25.3574,,,,,,,,,,,
86560,,,50,232.336,23.9124,,,,,,,,,,,
86696,,,136,677.9875,26.4343,,,,,,,,,,,
86799,,,103,496.9367,25.6966,,,,,,,,,,,
86913,,,114,549.9976,26.5161,,,,,,,,,,,
87000,,,,,,50,50,40,17.1214,30.2352,-753.2958,477.7007,30.2352,2643.8296,35633.1328,106.6416
